<?xml version="1.0" encoding="UTF-8"?>
<alto xmlns:xsi="http://www.w3.org/2001/XMLSchema-instance" xsi:noNamespaceSchemaLocation="http://www.bl.uk/schemas/alto/alto-1-4.xsd" xmlns:xlink="http://www.w3.org/1999/xlink">
	<Description>
		<MeasurementUnit>mm10</MeasurementUnit>
		<sourceImageInformation>
			<fileName>//head1/IN/2008-11/A0011351408.2/007452.jp2</fileName>
		</sourceImageInformation>
		<OCRProcessing ID="OCRPROCESSING_1">
			<preProcessingStep>
				<processingSoftware>
					<softwareCreator>CCS Content Conversion Specialists GmbH, Germany</softwareCreator>
					<softwareName>CCS docWORKS</softwareName>
					<softwareVersion>6.1-0.67</softwareVersion>
				</processingSoftware>
			</preProcessingStep>
			<ocrProcessingStep>
				<processingSoftware>
					<softwareCreator>ABBYY (BIT Software), Russia</softwareCreator>
					<softwareName>Finereader</softwareName>
				</processingSoftware>
			</ocrProcessingStep>
		</OCRProcessing>
	</Description>
	<Styles>
		<TextStyle ID="TXT_0" FONTSIZE="9" FONTFAMILY="Courier New"/>
		<TextStyle ID="TXT_1" FONTSIZE="11" FONTFAMILY="Courier New"/>
		<ParagraphStyle ID="PAR_CENTER" ALIGN="Center"/>
		<ParagraphStyle ID="PAR_LEFT" ALIGN="Left"/>
	</Styles>
	<Layout>
		<Page ID="P72" PHYSICAL_IMG_NR="72" HEIGHT="1675" WIDTH="1155" PRINTED_IMG_NR="64" POSITION="Left" ACCURACY="89.91">
			<TopMargin ID="P72_TM00001" HPOS="0" VPOS="0" WIDTH="1154" HEIGHT="124">
				<TextBlock ID="P72_TB00001" HPOS="394" VPOS="83" WIDTH="383" HEIGHT="39" STYLEREFS="TXT_0 PAR_CENTER">
					<TextLine ID="P72_TL00001" HPOS="394" VPOS="84" WIDTH="383" HEIGHT="38">
						<String ID="P72_ST00001" HPOS="394" VPOS="85" WIDTH="75" HEIGHT="37" CONTENT="Life" WC="1.00" CC="0000"/>
						<SP ID="P72_SP00001" HPOS="469" VPOS="122" WIDTH="22"/>
						<String ID="P72_ST00002" HPOS="491" VPOS="85" WIDTH="33" HEIGHT="29" CONTENT="in" WC="1.00" CC="00"/>
						<SP ID="P72_SP00002" HPOS="524" VPOS="122" WIDTH="23"/>
						<String ID="P72_ST00003" HPOS="547" VPOS="84" WIDTH="49" HEIGHT="30" CONTENT="the" WC="0.56" CC="408"/>
						<SP ID="P72_SP00003" HPOS="596" VPOS="122" WIDTH="22"/>
						<String ID="P72_ST00004" HPOS="618" VPOS="85" WIDTH="159" HEIGHT="37" CONTENT="Moftissil." WC="0.76" CC="0407610040"/>
					</TextLine>
				</TextBlock>
				<TextBlock ID="P72_TB00002" HPOS="123" VPOS="88" WIDTH="40" HEIGHT="34" STYLEREFS="TXT_1 PAR_LEFT">
					<TextLine ID="P72_TL00002" HPOS="123" VPOS="88" WIDTH="40" HEIGHT="34">
						<String ID="P72_ST00005" HPOS="123" VPOS="88" WIDTH="40" HEIGHT="34" CONTENT="64" WC="1.00" CC="00"/>
					</TextLine>
				</TextBlock>
			</TopMargin>
			<LeftMargin ID="P72_LM00001" HPOS="0" VPOS="124" WIDTH="115" HEIGHT="1458"/>
			<RightMargin ID="P72_RM00001" HPOS="1060" VPOS="124" WIDTH="94" HEIGHT="1458"/>
			<BottomMargin ID="P72_BM00001" HPOS="0" VPOS="1582" WIDTH="1154" HEIGHT="92"/>
			<PrintSpace ID="P72_PS00001" HPOS="115" VPOS="124" WIDTH="945" HEIGHT="1458">
				<TextBlock ID="P72_TB00003" HPOS="118" VPOS="169" WIDTH="942" HEIGHT="558" STYLEREFS="TXT_0 PAR_LEFT">
					<TextLine ID="P72_TL00003" HPOS="122" VPOS="169" WIDTH="934" HEIGHT="37">
						<String ID="P72_ST00006" HPOS="122" VPOS="173" WIDTH="93" HEIGHT="26" CONTENT="rather" WC="0.87" CC="000610"/>
						<SP ID="P72_SP00004" HPOS="215" VPOS="199" WIDTH="19"/>
						<String ID="P72_ST00007" HPOS="234" VPOS="173" WIDTH="115" HEIGHT="26" CONTENT="marked" WC="0.87" CC="070000"/>
						<SP ID="P72_SP00005" HPOS="349" VPOS="199" WIDTH="15"/>
						<String ID="P72_ST00008" HPOS="364" VPOS="173" WIDTH="146" HEIGHT="33" CONTENT="language." WC="0.68" CC="253060900"/>
						<SP ID="P72_SP00006" HPOS="510" VPOS="206" WIDTH="40"/>
						<String ID="P72_ST00009" HPOS="550" VPOS="171" WIDTH="62" HEIGHT="26" CONTENT="The" WC="1.00" CC="000"/>
						<SP ID="P72_SP00007" HPOS="612" VPOS="206" WIDTH="19"/>
						<String ID="P72_ST00010" HPOS="631" VPOS="171" WIDTH="126" HEIGHT="25" CONTENT="foreman" WC="0.95" CC="0000003"/>
						<SP ID="P72_SP00008" HPOS="757" VPOS="206" WIDTH="15"/>
						<String ID="P72_ST00011" HPOS="772" VPOS="170" WIDTH="89" HEIGHT="26" CONTENT="ofthe" WC="0.91" CC="04000"/>
						<SP ID="P72_SP00009" HPOS="861" VPOS="206" WIDTH="22"/>
						<String ID="P72_ST00012" HPOS="883" VPOS="170" WIDTH="65" HEIGHT="34" CONTENT="jury" WC="0.94" CC="0010"/>
						<SP ID="P72_SP00010" HPOS="948" VPOS="206" WIDTH="14"/>
						<String ID="P72_ST00013" HPOS="962" VPOS="169" WIDTH="94" HEIGHT="35" CONTENT="(seven" WC="0.96" CC="200000"/>
					</TextLine>
					<TextLine ID="P72_TL00004" HPOS="120" VPOS="217" WIDTH="940" HEIGHT="37">
						<String ID="P72_ST00014" HPOS="120" VPOS="222" WIDTH="27" HEIGHT="25" CONTENT="in" WC="0.42" CC="56"/>
						<SP ID="P72_SP00011" HPOS="147" VPOS="247" WIDTH="24"/>
						<String ID="P72_ST00015" HPOS="171" VPOS="221" WIDTH="127" HEIGHT="33" CONTENT="number)" WC="0.95" CC="0300000"/>
						<SP ID="P72_SP00012" HPOS="298" VPOS="254" WIDTH="22"/>
						<String ID="P72_ST00016" HPOS="320" VPOS="220" WIDTH="68" HEIGHT="26" CONTENT="then" WC="0.84" CC="0600"/>
						<SP ID="P72_SP00013" HPOS="388" VPOS="254" WIDTH="21"/>
						<String ID="P72_ST00017" HPOS="409" VPOS="219" WIDTH="152" HEIGHT="26" CONTENT="addressed" WC="0.94" CC="000500000"/>
						<SP ID="P72_SP00014" HPOS="561" VPOS="254" WIDTH="19"/>
						<String ID="P72_ST00018" HPOS="580" VPOS="218" WIDTH="48" HEIGHT="27" CONTENT="the" WC="0.85" CC="040"/>
						<SP ID="P72_SP00015" HPOS="628" VPOS="254" WIDTH="31"/>
						<String ID="P72_ST00019" HPOS="659" VPOS="218" WIDTH="101" HEIGHT="34" CONTENT="Judge," WC="0.79" CC="630002"/>
						<SP ID="P72_SP00016" HPOS="760" VPOS="254" WIDTH="24"/>
						<String ID="P72_ST00020" HPOS="784" VPOS="218" WIDTH="55" HEIGHT="26" CONTENT="and" WC="0.86" CC="040"/>
						<SP ID="P72_SP00017" HPOS="839" VPOS="254" WIDTH="25"/>
						<String ID="P72_ST00021" HPOS="864" VPOS="217" WIDTH="60" HEIGHT="26" CONTENT="said" WC="0.84" CC="0060"/>
						<SP ID="P72_SP00018" HPOS="924" VPOS="254" WIDTH="25"/>
						<String ID="P72_ST00022" HPOS="949" VPOS="217" WIDTH="61" HEIGHT="26" CONTENT="that" WC="0.90" CC="2100"/>
						<SP ID="P72_SP00019" HPOS="1010" VPOS="254" WIDTH="28"/>
						<String ID="P72_ST00023" HPOS="1038" VPOS="217" WIDTH="22" HEIGHT="24" CONTENT="if" WC="0.68" CC="15"/>
					</TextLine>
					<TextLine ID="P72_TL00005" HPOS="121" VPOS="264" WIDTH="936" HEIGHT="38">
						<String ID="P72_ST00024" HPOS="121" VPOS="269" WIDTH="116" HEIGHT="26" CONTENT="allowed" WC="0.94" CC="0300000"/>
						<SP ID="P72_SP00020" HPOS="237" VPOS="295" WIDTH="15"/>
						<String ID="P72_ST00025" HPOS="252" VPOS="278" WIDTH="16" HEIGHT="17" CONTENT="a" WC="1.00" CC="0"/>
						<SP ID="P72_SP00021" HPOS="268" VPOS="295" WIDTH="13"/>
						<String ID="P72_ST00026" HPOS="281" VPOS="268" WIDTH="108" HEIGHT="34" CONTENT="private" WC="0.90" CC="0060000"/>
						<SP ID="P72_SP00022" HPOS="389" VPOS="302" WIDTH="14"/>
						<String ID="P72_ST00027" HPOS="403" VPOS="267" WIDTH="142" HEIGHT="26" CONTENT="interview" WC="0.82" CC="000009500"/>
						<SP ID="P72_SP00023" HPOS="545" VPOS="302" WIDTH="13"/>
						<String ID="P72_ST00028" HPOS="558" VPOS="267" WIDTH="35" HEIGHT="25" CONTENT="he" WC="0.66" CC="60"/>
						<SP ID="P72_SP00024" HPOS="593" VPOS="302" WIDTH="15"/>
						<String ID="P72_ST00029" HPOS="608" VPOS="266" WIDTH="80" HEIGHT="26" CONTENT="could" WC="0.96" CC="00010"/>
						<SP ID="P72_SP00025" HPOS="688" VPOS="302" WIDTH="17"/>
						<String ID="P72_ST00030" HPOS="705" VPOS="266" WIDTH="63" HEIGHT="34" CONTENT="give" WC="0.86" CC="0500"/>
						<SP ID="P72_SP00026" HPOS="768" VPOS="302" WIDTH="15"/>
						<String ID="P72_ST00031" HPOS="783" VPOS="274" WIDTH="16" HEIGHT="17" CONTENT="a" WC="1.00" CC="0"/>
						<SP ID="P72_SP00027" HPOS="799" VPOS="302" WIDTH="14"/>
						<String ID="P72_ST00032" HPOS="813" VPOS="273" WIDTH="99" HEIGHT="18" CONTENT="reason" WC="0.92" CC="500000"/>
						<SP ID="P72_SP00028" HPOS="912" VPOS="302" WIDTH="16"/>
						<String ID="P72_ST00033" HPOS="928" VPOS="264" WIDTH="43" HEIGHT="26" CONTENT="for" WC="1.00" CC="000"/>
						<SP ID="P72_SP00029" HPOS="971" VPOS="302" WIDTH="13"/>
						<String ID="P72_ST00034" HPOS="984" VPOS="264" WIDTH="73" HEIGHT="25" CONTENT="their" WC="0.91" CC="00040"/>
					</TextLine>
					<TextLine ID="P72_TL00006" HPOS="121" VPOS="311" WIDTH="935" HEIGHT="36">
						<String ID="P72_ST00035" HPOS="121" VPOS="317" WIDTH="111" HEIGHT="25" CONTENT="verdict." WC="0.91" CC="00006000"/>
						<SP ID="P72_SP00030" HPOS="232" VPOS="342" WIDTH="41"/>
						<String ID="P72_ST00036" HPOS="273" VPOS="316" WIDTH="166" HEIGHT="25" CONTENT="Tomlinson" WC="0.97" CC="000200000"/>
						<SP ID="P72_SP00031" HPOS="439" VPOS="342" WIDTH="24"/>
						<String ID="P72_ST00037" HPOS="463" VPOS="323" WIDTH="56" HEIGHT="17" CONTENT="was" WC="1.00" CC="000"/>
						<SP ID="P72_SP00032" HPOS="519" VPOS="342" WIDTH="23"/>
						<String ID="P72_ST00038" HPOS="542" VPOS="313" WIDTH="143" HEIGHT="34" CONTENT="naturally" WC="0.84" CC="000340050"/>
						<SP ID="P72_SP00033" HPOS="685" VPOS="347" WIDTH="23"/>
						<String ID="P72_ST00039" HPOS="708" VPOS="313" WIDTH="111" HEIGHT="26" CONTENT="curious" WC="0.93" CC="0004000"/>
						<SP ID="P72_SP00034" HPOS="819" VPOS="347" WIDTH="21"/>
						<String ID="P72_ST00040" HPOS="840" VPOS="317" WIDTH="31" HEIGHT="22" CONTENT="to" WC="1.00" CC="00"/>
						<SP ID="P72_SP00035" HPOS="871" VPOS="347" WIDTH="23"/>
						<String ID="P72_ST00041" HPOS="894" VPOS="312" WIDTH="84" HEIGHT="26" CONTENT="know" WC="0.75" CC="0009"/>
						<SP ID="P72_SP00036" HPOS="978" VPOS="347" WIDTH="22"/>
						<String ID="P72_ST00042" HPOS="1000" VPOS="311" WIDTH="56" HEIGHT="26" CONTENT="this" WC="0.97" CC="0000"/>
					</TextLine>
					<TextLine ID="P72_TL00007" HPOS="121" VPOS="360" WIDTH="934" HEIGHT="34">
						<String ID="P72_ST00043" HPOS="121" VPOS="372" WIDTH="105" HEIGHT="22" CONTENT="reason," WC="0.98" CC="0000010"/>
						<SP ID="P72_SP00037" HPOS="226" VPOS="394" WIDTH="15"/>
						<String ID="P72_ST00044" HPOS="241" VPOS="364" WIDTH="55" HEIGHT="25" CONTENT="and" WC="1.00" CC="000"/>
						<SP ID="P72_SP00038" HPOS="296" VPOS="394" WIDTH="14"/>
						<String ID="P72_ST00045" HPOS="310" VPOS="363" WIDTH="117" HEIGHT="26" CONTENT="allowed" WC="0.88" CC="0530000"/>
						<SP ID="P72_SP00039" HPOS="427" VPOS="394" WIDTH="12"/>
						<String ID="P72_ST00046" HPOS="439" VPOS="362" WIDTH="47" HEIGHT="27" CONTENT="the" WC="0.96" CC="010"/>
						<SP ID="P72_SP00040" HPOS="486" VPOS="394" WIDTH="15"/>
						<String ID="P72_ST00047" HPOS="501" VPOS="362" WIDTH="149" HEIGHT="26" CONTENT="interview." WC="0.88" CC="5030001001"/>
						<SP ID="P72_SP00041" HPOS="650" VPOS="394" WIDTH="40"/>
						<String ID="P72_ST00048" HPOS="690" VPOS="361" WIDTH="62" HEIGHT="26" CONTENT="The" WC="0.82" CC="050"/>
						<SP ID="P72_SP00042" HPOS="752" VPOS="394" WIDTH="21"/>
						<String ID="P72_ST00049" HPOS="773" VPOS="361" WIDTH="126" HEIGHT="26" CONTENT="foreman" WC="1.00" CC="0000000"/>
						<SP ID="P72_SP00043" HPOS="899" VPOS="394" WIDTH="14"/>
						<String ID="P72_ST00050" HPOS="913" VPOS="361" WIDTH="67" HEIGHT="25" CONTENT="then" WC="0.93" CC="1000"/>
						<SP ID="P72_SP00044" HPOS="980" VPOS="394" WIDTH="15"/>
						<String ID="P72_ST00051" HPOS="995" VPOS="360" WIDTH="60" HEIGHT="26" CONTENT="told" WC="0.88" CC="0040"/>
					</TextLine>
					<TextLine ID="P72_TL00008" HPOS="121" VPOS="407" WIDTH="939" HEIGHT="37">
						<String ID="P72_ST00052" HPOS="121" VPOS="411" WIDTH="57" HEIGHT="26" CONTENT="him" WC="0.66" CC="603"/>
						<SP ID="P72_SP00045" HPOS="178" VPOS="437" WIDTH="15"/>
						<String ID="P72_ST00053" HPOS="193" VPOS="411" WIDTH="61" HEIGHT="26" CONTENT="that" WC="0.70" CC="1450"/>
						<SP ID="P72_SP00046" HPOS="254" VPOS="437" WIDTH="20"/>
						<String ID="P72_ST00054" HPOS="274" VPOS="411" WIDTH="47" HEIGHT="25" CONTENT="the" WC="0.87" CC="030"/>
						<SP ID="P72_SP00047" HPOS="321" VPOS="437" WIDTH="21"/>
						<String ID="P72_ST00055" HPOS="342" VPOS="411" WIDTH="66" HEIGHT="33" CONTENT="jury" WC="1.00" CC="0000"/>
						<SP ID="P72_SP00048" HPOS="408" VPOS="444" WIDTH="18"/>
						<String ID="P72_ST00056" HPOS="426" VPOS="419" WIDTH="71" HEIGHT="16" CONTENT="were" WC="1.00" CC="0000"/>
						<SP ID="P72_SP00049" HPOS="497" VPOS="444" WIDTH="22"/>
						<String ID="P72_ST00057" HPOS="519" VPOS="410" WIDTH="35" HEIGHT="25" CONTENT="all" WC="0.93" CC="020"/>
						<SP ID="P72_SP00050" HPOS="554" VPOS="444" WIDTH="21"/>
						<String ID="P72_ST00058" HPOS="575" VPOS="409" WIDTH="71" HEIGHT="34" CONTENT="fully" WC="0.89" CC="00050"/>
						<SP ID="P72_SP00051" HPOS="646" VPOS="444" WIDTH="13"/>
						<String ID="P72_ST00059" HPOS="659" VPOS="409" WIDTH="155" HEIGHT="26" CONTENT="convinced" WC="0.81" CC="000065030"/>
						<SP ID="P72_SP00052" HPOS="814" VPOS="444" WIDTH="15"/>
						<String ID="P72_ST00060" HPOS="829" VPOS="408" WIDTH="32" HEIGHT="26" CONTENT="of" WC="0.96" CC="00"/>
						<SP ID="P72_SP00053" HPOS="861" VPOS="444" WIDTH="18"/>
						<String ID="P72_ST00061" HPOS="879" VPOS="408" WIDTH="49" HEIGHT="25" CONTENT="the" WC="0.88" CC="030"/>
						<SP ID="P72_SP00054" HPOS="928" VPOS="444" WIDTH="12"/>
						<String ID="P72_ST00062" HPOS="940" VPOS="408" WIDTH="72" HEIGHT="34" CONTENT="guilt" WC="0.92" CC="00400"/>
						<SP ID="P72_SP00055" HPOS="1012" VPOS="444" WIDTH="15"/>
						<String ID="P72_ST00063" HPOS="1027" VPOS="407" WIDTH="33" HEIGHT="26" CONTENT="of" WC="1.00" CC="00"/>
					</TextLine>
					<TextLine ID="P72_TL00009" HPOS="120" VPOS="455" WIDTH="935" HEIGHT="36">
						<String ID="P72_ST00064" HPOS="120" VPOS="458" WIDTH="46" HEIGHT="25" CONTENT="the" WC="0.92" CC="020"/>
						<SP ID="P72_SP00056" HPOS="166" VPOS="483" WIDTH="15"/>
						<String ID="P72_ST00065" HPOS="181" VPOS="459" WIDTH="125" HEIGHT="30" CONTENT="accused," WC="1.00" CC="00000000"/>
						<SP ID="P72_SP00057" HPOS="306" VPOS="489" WIDTH="15"/>
						<String ID="P72_ST00066" HPOS="321" VPOS="458" WIDTH="51" HEIGHT="25" CONTENT="but" WC="0.82" CC="050"/>
						<SP ID="P72_SP00058" HPOS="372" VPOS="489" WIDTH="14"/>
						<String ID="P72_ST00067" HPOS="386" VPOS="458" WIDTH="61" HEIGHT="25" CONTENT="that" WC="0.70" CC="0209"/>
						<SP ID="P72_SP00059" HPOS="447" VPOS="489" WIDTH="14"/>
						<String ID="P72_ST00068" HPOS="461" VPOS="458" WIDTH="47" HEIGHT="25" CONTENT="the" WC="0.78" CC="060"/>
						<SP ID="P72_SP00060" HPOS="508" VPOS="489" WIDTH="15"/>
						<String ID="P72_ST00069" HPOS="523" VPOS="457" WIDTH="128" HEIGHT="34" CONTENT="previous" WC="0.97" CC="00002000"/>
						<SP ID="P72_SP00061" HPOS="651" VPOS="491" WIDTH="16"/>
						<String ID="P72_ST00070" HPOS="667" VPOS="457" WIDTH="119" HEIGHT="33" CONTENT="evening" WC="0.93" CC="0000040"/>
						<SP ID="P72_SP00062" HPOS="786" VPOS="491" WIDTH="15"/>
						<String ID="P72_ST00071" HPOS="801" VPOS="456" WIDTH="59" HEIGHT="35" CONTENT="(the" WC="0.85" CC="3020"/>
						<SP ID="P72_SP00063" HPOS="860" VPOS="491" WIDTH="19"/>
						<String ID="P72_ST00072" HPOS="879" VPOS="456" WIDTH="64" HEIGHT="26" CONTENT="trial" WC="0.82" CC="00530"/>
						<SP ID="P72_SP00064" HPOS="943" VPOS="491" WIDTH="20"/>
						<String ID="P72_ST00073" HPOS="963" VPOS="455" WIDTH="92" HEIGHT="27" CONTENT="lasted" WC="0.95" CC="300000"/>
					</TextLine>
					<TextLine ID="P72_TL00010" HPOS="120" VPOS="503" WIDTH="935" HEIGHT="35">
						<String ID="P72_ST00074" HPOS="120" VPOS="510" WIDTH="54" HEIGHT="22" CONTENT="two" WC="1.00" CC="000"/>
						<SP ID="P72_SP00065" HPOS="174" VPOS="532" WIDTH="14"/>
						<String ID="P72_ST00075" HPOS="188" VPOS="504" WIDTH="81" HEIGHT="34" CONTENT="days)" WC="0.94" CC="00003"/>
						<SP ID="P72_SP00066" HPOS="269" VPOS="538" WIDTH="15"/>
						<String ID="P72_ST00076" HPOS="284" VPOS="505" WIDTH="47" HEIGHT="26" CONTENT="the" WC="0.91" CC="020"/>
						<SP ID="P72_SP00067" HPOS="331" VPOS="538" WIDTH="14"/>
						<String ID="P72_ST00077" HPOS="345" VPOS="504" WIDTH="113" HEIGHT="27" CONTENT="brother" WC="0.94" CC="0000300"/>
						<SP ID="P72_SP00068" HPOS="458" VPOS="538" WIDTH="13"/>
						<String ID="P72_ST00078" HPOS="471" VPOS="504" WIDTH="31" HEIGHT="26" CONTENT="of" WC="0.77" CC="04"/>
						<SP ID="P72_SP00069" HPOS="502" VPOS="538" WIDTH="20"/>
						<String ID="P72_ST00079" HPOS="522" VPOS="504" WIDTH="48" HEIGHT="26" CONTENT="the" WC="0.80" CC="050"/>
						<SP ID="P72_SP00070" HPOS="570" VPOS="538" WIDTH="14"/>
						<String ID="P72_ST00080" HPOS="584" VPOS="504" WIDTH="139" HEIGHT="26" CONTENT="wounded" WC="0.84" CC="0045000"/>
						<SP ID="P72_SP00071" HPOS="723" VPOS="538" WIDTH="15"/>
						<String ID="P72_ST00081" HPOS="738" VPOS="503" WIDTH="151" HEIGHT="35" CONTENT="gomastah" WC="0.97" CC="00000001"/>
						<SP ID="P72_SP00072" HPOS="889" VPOS="538" WIDTH="14"/>
						<String ID="P72_ST00082" HPOS="903" VPOS="504" WIDTH="55" HEIGHT="25" CONTENT="had" WC="1.00" CC="000"/>
						<SP ID="P72_SP00073" HPOS="958" VPOS="538" WIDTH="16"/>
						<String ID="P72_ST00083" HPOS="974" VPOS="512" WIDTH="81" HEIGHT="17" CONTENT="come" WC="1.00" CC="0000"/>
					</TextLine>
					<TextLine ID="P72_TL00011" HPOS="121" VPOS="551" WIDTH="934" HEIGHT="35">
						<String ID="P72_ST00084" HPOS="121" VPOS="557" WIDTH="29" HEIGHT="21" CONTENT="to" WC="1.00" CC="00"/>
						<SP ID="P72_SP00074" HPOS="150" VPOS="578" WIDTH="14"/>
						<String ID="P72_ST00085" HPOS="164" VPOS="553" WIDTH="57" HEIGHT="25" CONTENT="him" WC="0.90" CC="300"/>
						<SP ID="P72_SP00075" HPOS="221" VPOS="578" WIDTH="16"/>
						<String ID="P72_ST00086" HPOS="237" VPOS="553" WIDTH="54" HEIGHT="25" CONTENT="and" WC="0.67" CC="090"/>
						<SP ID="P72_SP00076" HPOS="291" VPOS="578" WIDTH="15"/>
						<String ID="P72_ST00087" HPOS="306" VPOS="552" WIDTH="103" HEIGHT="26" CONTENT="offered" WC="0.96" CC="0000200"/>
						<SP ID="P72_SP00077" HPOS="409" VPOS="578" WIDTH="16"/>
						<String ID="P72_ST00088" HPOS="425" VPOS="552" WIDTH="48" HEIGHT="25" CONTENT="the" WC="0.77" CC="060"/>
						<SP ID="P72_SP00078" HPOS="473" VPOS="578" WIDTH="18"/>
						<String ID="P72_ST00089" HPOS="491" VPOS="552" WIDTH="131" HEIGHT="34" CONTENT="jurymen" WC="0.99" CC="0000000"/>
						<SP ID="P72_SP00079" HPOS="622" VPOS="586" WIDTH="17"/>
						<String ID="P72_ST00090" HPOS="639" VPOS="558" WIDTH="34" HEIGHT="26" CONTENT="50" WC="0.78" CC="40"/>
						<SP ID="P72_SP00080" HPOS="673" VPOS="586" WIDTH="14"/>
						<String ID="P72_ST00091" HPOS="687" VPOS="560" WIDTH="31" HEIGHT="17" CONTENT="rs." WC="1.00" CC="000"/>
						<SP ID="P72_SP00081" HPOS="718" VPOS="586" WIDTH="17"/>
						<String ID="P72_ST00092" HPOS="735" VPOS="552" WIDTH="96" HEIGHT="33" CONTENT="apiece" WC="0.92" CC="004000"/>
						<SP ID="P72_SP00082" HPOS="831" VPOS="586" WIDTH="14"/>
						<String ID="P72_ST00093" HPOS="845" VPOS="551" WIDTH="24" HEIGHT="25" CONTENT="if" WC="0.69" CC="60"/>
						<SP ID="P72_SP00083" HPOS="869" VPOS="586" WIDTH="9"/>
						<String ID="P72_ST00094" HPOS="878" VPOS="551" WIDTH="69" HEIGHT="34" CONTENT="they" WC="1.00" CC="0000"/>
						<SP ID="P72_SP00084" HPOS="947" VPOS="586" WIDTH="14"/>
						<String ID="P72_ST00095" HPOS="961" VPOS="551" WIDTH="94" HEIGHT="25" CONTENT="would" WC="0.87" CC="00150"/>
					</TextLine>
					<TextLine ID="P72_TL00012" HPOS="118" VPOS="598" WIDTH="936" HEIGHT="35">
						<String ID="P72_ST00096" HPOS="118" VPOS="600" WIDTH="58" HEIGHT="26" CONTENT="find" WC="0.91" CC="0030"/>
						<SP ID="P72_SP00085" HPOS="176" VPOS="626" WIDTH="14"/>
						<String ID="P72_ST00097" HPOS="190" VPOS="609" WIDTH="16" HEIGHT="17" CONTENT="a" WC="1.00" CC="0"/>
						<SP ID="P72_SP00086" HPOS="206" VPOS="626" WIDTH="13"/>
						<String ID="P72_ST00098" HPOS="219" VPOS="600" WIDTH="106" HEIGHT="26" CONTENT="verdict" WC="0.86" CC="0090000"/>
						<SP ID="P72_SP00087" HPOS="325" VPOS="626" WIDTH="20"/>
						<String ID="P72_ST00099" HPOS="345" VPOS="599" WIDTH="31" HEIGHT="26" CONTENT="of" WC="1.00" CC="00"/>
						<SP ID="P72_SP00088" HPOS="376" VPOS="626" WIDTH="20"/>
						<String ID="P72_ST00100" HPOS="396" VPOS="600" WIDTH="95" HEIGHT="33" CONTENT="guilty." WC="0.88" CC="0340000"/>
						<SP ID="P72_SP00089" HPOS="491" VPOS="633" WIDTH="41"/>
						<String ID="P72_ST00101" HPOS="532" VPOS="598" WIDTH="81" HEIGHT="35" CONTENT="They" WC="1.00" CC="0000"/>
						<SP ID="P72_SP00090" HPOS="613" VPOS="633" WIDTH="20"/>
						<String ID="P72_ST00102" HPOS="633" VPOS="598" WIDTH="123" HEIGHT="34" CONTENT="thought" WC="0.87" CC="0204020"/>
						<SP ID="P72_SP00091" HPOS="756" VPOS="633" WIDTH="21"/>
						<String ID="P72_ST00103" HPOS="777" VPOS="598" WIDTH="72" HEIGHT="27" CONTENT="their" WC="0.86" CC="00070"/>
						<SP ID="P72_SP00092" HPOS="849" VPOS="633" WIDTH="19"/>
						<String ID="P72_ST00104" HPOS="868" VPOS="598" WIDTH="110" HEIGHT="26" CONTENT="honour" WC="0.90" CC="104000"/>
						<SP ID="P72_SP00093" HPOS="978" VPOS="633" WIDTH="19"/>
						<String ID="P72_ST00105" HPOS="997" VPOS="598" WIDTH="57" HEIGHT="26" CONTENT="had" WC="0.78" CC="501"/>
					</TextLine>
					<TextLine ID="P72_TL00013" HPOS="118" VPOS="646" WIDTH="935" HEIGHT="34">
						<String ID="P72_ST00106" HPOS="118" VPOS="648" WIDTH="70" HEIGHT="25" CONTENT="been" WC="1.00" CC="0000"/>
						<SP ID="P72_SP00094" HPOS="188" VPOS="673" WIDTH="24"/>
						<String ID="P72_ST00107" HPOS="212" VPOS="647" WIDTH="127" HEIGHT="31" CONTENT="insulted," WC="0.90" CC="530000000"/>
						<SP ID="P72_SP00095" HPOS="339" VPOS="678" WIDTH="22"/>
						<String ID="P72_ST00108" HPOS="361" VPOS="647" WIDTH="56" HEIGHT="25" CONTENT="and" WC="1.00" CC="000"/>
						<SP ID="P72_SP00096" HPOS="417" VPOS="678" WIDTH="23"/>
						<String ID="P72_ST00109" HPOS="440" VPOS="656" WIDTH="31" HEIGHT="16" CONTENT="so" WC="1.00" CC="00"/>
						<SP ID="P72_SP00097" HPOS="471" VPOS="678" WIDTH="26"/>
						<String ID="P72_ST00110" HPOS="497" VPOS="647" WIDTH="69" HEIGHT="33" CONTENT="they" WC="0.99" CC="0000"/>
						<SP ID="P72_SP00098" HPOS="566" VPOS="680" WIDTH="28"/>
						<String ID="P72_ST00111" HPOS="594" VPOS="646" WIDTH="144" HEIGHT="34" CONTENT="acquitted" WC="1.00" CC="000000000"/>
						<SP ID="P72_SP00099" HPOS="738" VPOS="680" WIDTH="27"/>
						<String ID="P72_ST00112" HPOS="765" VPOS="646" WIDTH="37" HEIGHT="26" CONTENT="all" WC="0.93" CC="002"/>
						<SP ID="P72_SP00100" HPOS="802" VPOS="680" WIDTH="26"/>
						<String ID="P72_ST00113" HPOS="828" VPOS="646" WIDTH="50" HEIGHT="26" CONTENT="the" WC="0.84" CC="040"/>
						<SP ID="P72_SP00101" HPOS="878" VPOS="680" WIDTH="26"/>
						<String ID="P72_ST00114" HPOS="904" VPOS="646" WIDTH="149" HEIGHT="34" CONTENT="prisoners." WC="0.94" CC="0060000000"/>
					</TextLine>
					<TextLine ID="P72_TL00014" HPOS="121" VPOS="693" WIDTH="297" HEIGHT="34">
						<String ID="P72_ST00115" HPOS="121" VPOS="694" WIDTH="107" HEIGHT="26" CONTENT="Rather" WC="0.94" CC="300000"/>
						<SP ID="P72_SP00102" HPOS="228" VPOS="720" WIDTH="14"/>
						<String ID="P72_ST00116" HPOS="242" VPOS="703" WIDTH="84" HEIGHT="24" CONTENT="queer" WC="0.94" CC="00003"/>
						<SP ID="P72_SP00103" HPOS="326" VPOS="727" WIDTH="14"/>
						<String ID="P72_ST00117" HPOS="340" VPOS="693" WIDTH="78" HEIGHT="34" CONTENT="logic." WC="1.00" CC="000000"/>
					</TextLine>
				</TextBlock>
				<TextBlock ID="P72_TB00004" HPOS="118" VPOS="739" WIDTH="936" HEIGHT="82" STYLEREFS="TXT_0 PAR_LEFT">
					<TextLine ID="P72_TL00015" HPOS="156" VPOS="740" WIDTH="898" HEIGHT="35">
						<String ID="P72_ST00118" HPOS="156" VPOS="742" WIDTH="54" HEIGHT="25" CONTENT="But" WC="0.78" CC="600"/>
						<SP ID="P72_SP00104" HPOS="210" VPOS="767" WIDTH="23"/>
						<String ID="P72_ST00119" HPOS="233" VPOS="741" WIDTH="48" HEIGHT="26" CONTENT="the" WC="1.00" CC="000"/>
						<SP ID="P72_SP00105" HPOS="281" VPOS="767" WIDTH="21"/>
						<String ID="P72_ST00120" HPOS="302" VPOS="742" WIDTH="79" HEIGHT="25" CONTENT="harm" WC="0.96" CC="1000"/>
						<SP ID="P72_SP00106" HPOS="381" VPOS="767" WIDTH="19"/>
						<String ID="P72_ST00121" HPOS="400" VPOS="749" WIDTH="56" HEIGHT="17" CONTENT="was" WC="0.95" CC="100"/>
						<SP ID="P72_SP00107" HPOS="456" VPOS="767" WIDTH="20"/>
						<String ID="P72_ST00122" HPOS="476" VPOS="741" WIDTH="81" HEIGHT="31" CONTENT="done," WC="1.00" CC="00000"/>
						<SP ID="P72_SP00108" HPOS="557" VPOS="772" WIDTH="13"/>
						<String ID="P72_ST00123" HPOS="570" VPOS="740" WIDTH="48" HEIGHT="26" CONTENT="the" WC="0.54" CC="760"/>
						<SP ID="P72_SP00109" HPOS="618" VPOS="772" WIDTH="21"/>
						<String ID="P72_ST00124" HPOS="639" VPOS="740" WIDTH="136" HEIGHT="34" CONTENT="acquittal" WC="0.99" CC="000000000"/>
						<SP ID="P72_SP00110" HPOS="775" VPOS="774" WIDTH="14"/>
						<String ID="P72_ST00125" HPOS="789" VPOS="749" WIDTH="56" HEIGHT="16" CONTENT="was" WC="1.00" CC="000"/>
						<SP ID="P72_SP00111" HPOS="845" VPOS="774" WIDTH="14"/>
						<String ID="P72_ST00126" HPOS="859" VPOS="740" WIDTH="152" HEIGHT="35" CONTENT="according" WC="0.92" CC="000000070"/>
						<SP ID="P72_SP00112" HPOS="1011" VPOS="775" WIDTH="14"/>
						<String ID="P72_ST00127" HPOS="1025" VPOS="744" WIDTH="29" HEIGHT="22" CONTENT="to" WC="1.00" CC="00"/>
					</TextLine>
					<TextLine ID="P72_TL00016" HPOS="118" VPOS="788" WIDTH="822" HEIGHT="33">
						<String ID="P72_ST00128" HPOS="118" VPOS="789" WIDTH="59" HEIGHT="30" CONTENT="law," WC="0.80" CC="6001"/>
						<SP ID="P72_SP00113" HPOS="177" VPOS="819" WIDTH="16"/>
						<String ID="P72_ST00129" HPOS="193" VPOS="789" WIDTH="55" HEIGHT="25" CONTENT="and" WC="1.00" CC="000"/>
						<SP ID="P72_SP00114" HPOS="248" VPOS="819" WIDTH="14"/>
						<String ID="P72_ST00130" HPOS="262" VPOS="788" WIDTH="47" HEIGHT="26" CONTENT="the" WC="1.00" CC="000"/>
						<SP ID="P72_SP00115" HPOS="309" VPOS="819" WIDTH="14"/>
						<String ID="P72_ST00131" HPOS="323" VPOS="788" WIDTH="138" HEIGHT="33" CONTENT="prisoners" WC="0.85" CC="005007000"/>
						<SP ID="P72_SP00116" HPOS="461" VPOS="821" WIDTH="14"/>
						<String ID="P72_ST00132" HPOS="475" VPOS="788" WIDTH="83" HEIGHT="26" CONTENT="could" WC="1.00" CC="00000"/>
						<SP ID="P72_SP00117" HPOS="558" VPOS="821" WIDTH="15"/>
						<String ID="P72_ST00133" HPOS="573" VPOS="792" WIDTH="48" HEIGHT="22" CONTENT="not" WC="0.98" CC="000"/>
						<SP ID="P72_SP00118" HPOS="621" VPOS="821" WIDTH="14"/>
						<String ID="P72_ST00134" HPOS="635" VPOS="788" WIDTH="35" HEIGHT="26" CONTENT="be" WC="1.00" CC="00"/>
						<SP ID="P72_SP00119" HPOS="670" VPOS="821" WIDTH="15"/>
						<String ID="P72_ST00135" HPOS="685" VPOS="788" WIDTH="71" HEIGHT="26" CONTENT="tried" WC="0.67" CC="91500"/>
						<SP ID="P72_SP00120" HPOS="756" VPOS="821" WIDTH="15"/>
						<String ID="P72_ST00136" HPOS="771" VPOS="797" WIDTH="65" HEIGHT="17" CONTENT="over" WC="1.00" CC="0000"/>
						<SP ID="P72_SP00121" HPOS="836" VPOS="821" WIDTH="14"/>
						<String ID="P72_ST00137" HPOS="850" VPOS="788" WIDTH="90" HEIGHT="33" CONTENT="again." WC="0.82" CC="000820"/>
					</TextLine>
				</TextBlock>
				<TextBlock ID="P72_TB00005" HPOS="115" VPOS="834" WIDTH="937" HEIGHT="318" STYLEREFS="TXT_0 PAR_LEFT">
					<TextLine ID="P72_TL00017" HPOS="156" VPOS="835" WIDTH="895" HEIGHT="34">
						<String ID="P72_ST00138" HPOS="156" VPOS="836" WIDTH="143" HEIGHT="31" CONTENT="However," WC="0.91" CC="70000000"/>
						<SP ID="P72_SP00122" HPOS="299" VPOS="867" WIDTH="16"/>
						<String ID="P72_ST00139" HPOS="315" VPOS="836" WIDTH="165" HEIGHT="25" CONTENT="Tomlinson" WC="0.91" CC="000000106"/>
						<SP ID="P72_SP00123" HPOS="480" VPOS="867" WIDTH="16"/>
						<String ID="P72_ST00140" HPOS="496" VPOS="835" WIDTH="121" HEIGHT="34" CONTENT="thought" WC="0.89" CC="0100060"/>
						<SP ID="P72_SP00124" HPOS="617" VPOS="869" WIDTH="20"/>
						<String ID="P72_ST00141" HPOS="637" VPOS="835" WIDTH="21" HEIGHT="25" CONTENT="it" WC="0.79" CC="40"/>
						<SP ID="P72_SP00125" HPOS="658" VPOS="869" WIDTH="21"/>
						<String ID="P72_ST00142" HPOS="679" VPOS="835" WIDTH="73" HEIGHT="34" CONTENT="right" WC="0.87" CC="00060"/>
						<SP ID="P72_SP00126" HPOS="752" VPOS="869" WIDTH="21"/>
						<String ID="P72_ST00143" HPOS="773" VPOS="839" WIDTH="29" HEIGHT="22" CONTENT="to" WC="0.82" CC="03"/>
						<SP ID="P72_SP00127" HPOS="802" VPOS="869" WIDTH="15"/>
						<String ID="P72_ST00144" HPOS="817" VPOS="839" WIDTH="50" HEIGHT="30" CONTENT="put" WC="0.85" CC="040"/>
						<SP ID="P72_SP00128" HPOS="867" VPOS="869" WIDTH="14"/>
						<String ID="P72_ST00145" HPOS="881" VPOS="836" WIDTH="49" HEIGHT="25" CONTENT="the" WC="0.93" CC="020"/>
						<SP ID="P72_SP00129" HPOS="930" VPOS="869" WIDTH="14"/>
						<String ID="P72_ST00146" HPOS="944" VPOS="836" WIDTH="107" HEIGHT="25" CONTENT="would" SUBS_TYPE="HypPart1" SUBS_CONTENT="wouldbe" WC="0.68" CC="812600"/>
						<HYP CONTENT="-"/>
					</TextLine>
					<TextLine ID="P72_TL00018" HPOS="117" VPOS="882" WIDTH="935" HEIGHT="35">
						<String ID="P72_ST00147" HPOS="117" VPOS="885" WIDTH="36" HEIGHT="25" CONTENT="be" SUBS_TYPE="HypPart2" SUBS_CONTENT="wouldbe" WC="1.00" CC="00"/>
						<SP ID="P72_SP00130" HPOS="153" VPOS="910" WIDTH="13"/>
						<String ID="P72_ST00148" HPOS="166" VPOS="884" WIDTH="93" HEIGHT="26" CONTENT="briber" WC="0.91" CC="000005"/>
						<SP ID="P72_SP00131" HPOS="259" VPOS="910" WIDTH="12"/>
						<String ID="P72_ST00149" HPOS="271" VPOS="892" WIDTH="37" HEIGHT="17" CONTENT="on" WC="1.00" CC="00"/>
						<SP ID="P72_SP00132" HPOS="308" VPOS="910" WIDTH="16"/>
						<String ID="P72_ST00150" HPOS="324" VPOS="883" WIDTH="43" HEIGHT="25" CONTENT="his" WC="0.61" CC="460"/>
						<SP ID="P72_SP00133" HPOS="367" VPOS="910" WIDTH="14"/>
						<String ID="P72_ST00151" HPOS="381" VPOS="883" WIDTH="69" HEIGHT="31" CONTENT="trial," WC="0.90" CC="005000"/>
						<SP ID="P72_SP00134" HPOS="450" VPOS="914" WIDTH="16"/>
						<String ID="P72_ST00152" HPOS="466" VPOS="885" WIDTH="14" HEIGHT="10" CONTENT='"' WC="0.80" CC="1"/>
						<SP ID="P72_SP00135" HPOS="480" VPOS="914" WIDTH="11"/>
						<String ID="P72_ST00153" HPOS="491" VPOS="882" WIDTH="66" HEIGHT="31" CONTENT='for,"' WC="0.83" CC="00007"/>
						<String ID="P72_ST00154" HPOS="560" VPOS="897" WIDTH="36" HEIGHT="4" CONTENT="—" WC="0.20" CC="8"/>
						<String ID="P72_ST00155" HPOS="597" VPOS="891" WIDTH="30" HEIGHT="17" CONTENT="as" WC="1.00" CC="00"/>
						<SP ID="P72_SP00136" HPOS="627" VPOS="914" WIDTH="13"/>
						<String ID="P72_ST00156" HPOS="640" VPOS="882" WIDTH="48" HEIGHT="26" CONTENT="the" WC="1.00" CC="000"/>
						<SP ID="P72_SP00137" HPOS="688" VPOS="914" WIDTH="22"/>
						<String ID="P72_ST00157" HPOS="710" VPOS="882" WIDTH="85" HEIGHT="26" CONTENT="Penal" WC="0.70" CC="60170"/>
						<SP ID="P72_SP00138" HPOS="795" VPOS="914" WIDTH="17"/>
						<String ID="P72_ST00158" HPOS="812" VPOS="882" WIDTH="78" HEIGHT="26" CONTENT="Code" WC="1.00" CC="0000"/>
						<SP ID="P72_SP00139" HPOS="890" VPOS="914" WIDTH="15"/>
						<String ID="P72_ST00159" HPOS="905" VPOS="891" WIDTH="147" HEIGHT="26" CONTENT="expresses" WC="1.00" CC="000000000"/>
					</TextLine>
					<TextLine ID="P72_TL00019" HPOS="117" VPOS="930" WIDTH="935" HEIGHT="33">
						<String ID="P72_ST00160" HPOS="117" VPOS="932" WIDTH="28" HEIGHT="31" CONTENT="it," WC="0.84" CC="400"/>
						<String ID="P72_ST00161" HPOS="147" VPOS="947" WIDTH="36" HEIGHT="3" CONTENT="—" WC="0.20" CC="8"/>
						<String ID="P72_ST00162" HPOS="186" VPOS="934" WIDTH="13" HEIGHT="9" CONTENT='"' WC="1.00" CC="0"/>
						<SP ID="P72_SP00140" HPOS="199" VPOS="963" WIDTH="11"/>
						<String ID="P72_ST00163" HPOS="210" VPOS="930" WIDTH="47" HEIGHT="27" CONTENT="the" WC="1.00" CC="000"/>
						<SP ID="P72_SP00141" HPOS="257" VPOS="963" WIDTH="20"/>
						<String ID="P72_ST00164" HPOS="277" VPOS="931" WIDTH="145" HEIGHT="25" CONTENT="abetment" WC="0.94" CC="00000040"/>
						<SP ID="P72_SP00142" HPOS="422" VPOS="963" WIDTH="14"/>
						<String ID="P72_ST00165" HPOS="436" VPOS="930" WIDTH="32" HEIGHT="26" CONTENT="of" WC="1.00" CC="00"/>
						<SP ID="P72_SP00143" HPOS="468" VPOS="963" WIDTH="15"/>
						<String ID="P72_ST00166" HPOS="483" VPOS="930" WIDTH="47" HEIGHT="26" CONTENT="the" WC="0.86" CC="040"/>
						<SP ID="P72_SP00144" HPOS="530" VPOS="963" WIDTH="16"/>
						<String ID="P72_ST00167" HPOS="546" VPOS="931" WIDTH="104" HEIGHT="32" CONTENT="receipt" WC="0.90" CC="0000600"/>
						<SP ID="P72_SP00145" HPOS="650" VPOS="963" WIDTH="15"/>
						<String ID="P72_ST00168" HPOS="665" VPOS="930" WIDTH="38" HEIGHT="33" CONTENT="by" WC="1.00" CC="00"/>
						<SP ID="P72_SP00146" HPOS="703" VPOS="963" WIDTH="15"/>
						<String ID="P72_ST00169" HPOS="718" VPOS="940" WIDTH="15" HEIGHT="16" CONTENT="a" WC="1.00" CC="0"/>
						<SP ID="P72_SP00147" HPOS="733" VPOS="963" WIDTH="14"/>
						<String ID="P72_ST00170" HPOS="747" VPOS="930" WIDTH="96" HEIGHT="33" CONTENT="public" WC="0.84" CC="040500"/>
						<SP ID="P72_SP00148" HPOS="843" VPOS="963" WIDTH="14"/>
						<String ID="P72_ST00171" HPOS="857" VPOS="935" WIDTH="115" HEIGHT="21" CONTENT="servant" WC="1.00" CC="0000000"/>
						<SP ID="P72_SP00149" HPOS="972" VPOS="963" WIDTH="13"/>
						<String ID="P72_ST00172" HPOS="985" VPOS="930" WIDTH="31" HEIGHT="27" CONTENT="of" WC="1.00" CC="00"/>
						<SP ID="P72_SP00150" HPOS="1016" VPOS="963" WIDTH="20"/>
						<String ID="P72_ST00173" HPOS="1036" VPOS="940" WIDTH="16" HEIGHT="17" CONTENT="a" WC="1.00" CC="0"/>
					</TextLine>
					<TextLine ID="P72_TL00020" HPOS="117" VPOS="978" WIDTH="935" HEIGHT="34">
						<String ID="P72_ST00174" HPOS="117" VPOS="979" WIDTH="186" HEIGHT="33" CONTENT="gratification" WC="0.90" CC="8000000000400"/>
						<SP ID="P72_SP00151" HPOS="303" VPOS="1012" WIDTH="14"/>
						<String ID="P72_ST00175" HPOS="317" VPOS="978" WIDTH="80" HEIGHT="26" CONTENT="other" WC="1.00" CC="00000"/>
						<SP ID="P72_SP00152" HPOS="397" VPOS="1012" WIDTH="14"/>
						<String ID="P72_ST00176" HPOS="411" VPOS="978" WIDTH="68" HEIGHT="25" CONTENT="than" WC="0.91" CC="0300"/>
						<SP ID="P72_SP00153" HPOS="479" VPOS="1012" WIDTH="15"/>
						<String ID="P72_ST00177" HPOS="494" VPOS="978" WIDTH="73" HEIGHT="34" CONTENT="legal" WC="0.93" CC="30000"/>
						<SP ID="P72_SP00154" HPOS="567" VPOS="1012" WIDTH="15"/>
						<String ID="P72_ST00178" HPOS="582" VPOS="979" WIDTH="207" HEIGHT="24" CONTENT="remuneration" WC="0.87" CC="000000002508"/>
						<SP ID="P72_SP00155" HPOS="789" VPOS="1012" WIDTH="15"/>
						<String ID="P72_ST00179" HPOS="804" VPOS="979" WIDTH="27" HEIGHT="24" CONTENT="in" WC="0.70" CC="50"/>
						<SP ID="P72_SP00156" HPOS="831" VPOS="1012" WIDTH="15"/>
						<String ID="P72_ST00180" HPOS="846" VPOS="982" WIDTH="109" HEIGHT="30" CONTENT="respect" WC="1.00" CC="0000000"/>
						<SP ID="P72_SP00157" HPOS="955" VPOS="1012" WIDTH="20"/>
						<String ID="P72_ST00181" HPOS="975" VPOS="979" WIDTH="33" HEIGHT="25" CONTENT="of" WC="0.83" CC="03"/>
						<SP ID="P72_SP00158" HPOS="1008" VPOS="1012" WIDTH="9"/>
						<String ID="P72_ST00182" HPOS="1017" VPOS="987" WIDTH="35" HEIGHT="17" CONTENT="an" WC="0.65" CC="60"/>
					</TextLine>
					<TextLine ID="P72_TL00021" HPOS="116" VPOS="1025" WIDTH="935" HEIGHT="34">
						<String ID="P72_ST00183" HPOS="116" VPOS="1026" WIDTH="100" HEIGHT="25" CONTENT="official" WC="0.70" CC="04440504"/>
						<SP ID="P72_SP00159" HPOS="216" VPOS="1051" WIDTH="21"/>
						<String ID="P72_ST00184" HPOS="237" VPOS="1029" WIDTH="45" HEIGHT="22" CONTENT="act" WC="1.00" CC="000"/>
						<String ID="P72_ST00185" HPOS="293" VPOS="1035" WIDTH="5" HEIGHT="22" CONTENT=";" WC="1.00" CC="0"/>
						<SP ID="P72_SP00160" HPOS="298" VPOS="1057" WIDTH="13"/>
						<String ID="P72_ST00186" HPOS="311" VPOS="1025" WIDTH="13" HEIGHT="10" CONTENT='"' WC="0.85" CC="1"/>
						<SP ID="P72_SP00161" HPOS="324" VPOS="1057" WIDTH="21"/>
						<String ID="P72_ST00187" HPOS="345" VPOS="1035" WIDTH="16" HEIGHT="16" CONTENT="a" WC="1.00" CC="0"/>
						<SP ID="P72_SP00162" HPOS="361" VPOS="1057" WIDTH="22"/>
						<String ID="P72_ST00188" HPOS="383" VPOS="1025" WIDTH="77" HEIGHT="33" CONTENT="juror" WC="0.94" CC="02000"/>
						<SP ID="P72_SP00163" HPOS="460" VPOS="1058" WIDTH="21"/>
						<String ID="P72_ST00189" HPOS="481" VPOS="1025" WIDTH="86" HEIGHT="34" CONTENT="being" WC="0.76" CC="00560"/>
						<SP ID="P72_SP00164" HPOS="567" VPOS="1059" WIDTH="13"/>
						<String ID="P72_ST00190" HPOS="580" VPOS="1035" WIDTH="16" HEIGHT="16" CONTENT="a" WC="1.00" CC="0"/>
						<SP ID="P72_SP00165" HPOS="596" VPOS="1059" WIDTH="15"/>
						<String ID="P72_ST00191" HPOS="611" VPOS="1025" WIDTH="95" HEIGHT="34" CONTENT="public" WC="0.92" CC="000400"/>
						<SP ID="P72_SP00166" HPOS="706" VPOS="1059" WIDTH="18"/>
						<String ID="P72_ST00192" HPOS="724" VPOS="1029" WIDTH="112" HEIGHT="22" CONTENT="servant" WC="0.88" CC="0000250"/>
						<SP ID="P72_SP00167" HPOS="836" VPOS="1059" WIDTH="21"/>
						<String ID="P72_ST00193" HPOS="857" VPOS="1026" WIDTH="43" HEIGHT="25" CONTENT="for" WC="0.77" CC="204"/>
						<SP ID="P72_SP00168" HPOS="900" VPOS="1059" WIDTH="14"/>
						<String ID="P72_ST00194" HPOS="914" VPOS="1025" WIDTH="47" HEIGHT="26" CONTENT="the" WC="1.00" CC="000"/>
						<SP ID="P72_SP00169" HPOS="961" VPOS="1059" WIDTH="22"/>
						<String ID="P72_ST00195" HPOS="983" VPOS="1026" WIDTH="68" HEIGHT="25" CONTENT="time" WC="0.83" CC="0600"/>
					</TextLine>
					<TextLine ID="P72_TL00022" HPOS="116" VPOS="1073" WIDTH="933" HEIGHT="33">
						<String ID="P72_ST00196" HPOS="116" VPOS="1073" WIDTH="89" HEIGHT="33" CONTENT="being." WC="0.73" CC="002390"/>
						<SP ID="P72_SP00170" HPOS="205" VPOS="1106" WIDTH="42"/>
						<String ID="P72_ST00197" HPOS="247" VPOS="1073" WIDTH="46" HEIGHT="25" CONTENT="He" WC="1.00" CC="00"/>
						<SP ID="P72_SP00171" HPOS="293" VPOS="1106" WIDTH="15"/>
						<String ID="P72_ST00198" HPOS="308" VPOS="1081" WIDTH="55" HEIGHT="17" CONTENT="was" WC="1.00" CC="000"/>
						<SP ID="P72_SP00172" HPOS="363" VPOS="1106" WIDTH="23"/>
						<String ID="P72_ST00199" HPOS="386" VPOS="1073" WIDTH="153" HEIGHT="31" CONTENT="convicted," WC="0.74" CC="0240619000"/>
						<SP ID="P72_SP00173" HPOS="539" VPOS="1106" WIDTH="16"/>
						<String ID="P72_ST00200" HPOS="555" VPOS="1073" WIDTH="54" HEIGHT="25" CONTENT="and" WC="0.75" CC="070"/>
						<SP ID="P72_SP00174" HPOS="609" VPOS="1106" WIDTH="23"/>
						<String ID="P72_ST00201" HPOS="632" VPOS="1073" WIDTH="152" HEIGHT="26" CONTENT="sentenced" WC="0.82" CC="013003070"/>
						<SP ID="P72_SP00175" HPOS="784" VPOS="1106" WIDTH="23"/>
						<String ID="P72_ST00202" HPOS="807" VPOS="1077" WIDTH="30" HEIGHT="22" CONTENT="to" WC="0.91" CC="10"/>
						<SP ID="P72_SP00176" HPOS="837" VPOS="1106" WIDTH="23"/>
						<String ID="P72_ST00203" HPOS="860" VPOS="1073" WIDTH="45" HEIGHT="26" CONTENT="six" WC="0.81" CC="050"/>
						<SP ID="P72_SP00177" HPOS="905" VPOS="1106" WIDTH="21"/>
						<String ID="P72_ST00204" HPOS="926" VPOS="1073" WIDTH="123" HEIGHT="26" CONTENT="months'" WC="0.75" CC="7060200"/>
					</TextLine>
					<TextLine ID="P72_TL00023" HPOS="117" VPOS="1119" WIDTH="220" HEIGHT="33">
						<String ID="P72_ST00205" HPOS="117" VPOS="1119" WIDTH="220" HEIGHT="33" CONTENT="imprisonment." WC="0.97" CC="4000000000000"/>
					</TextLine>
				</TextBlock>
				<TextBlock ID="P72_TB00006" HPOS="116" VPOS="1166" WIDTH="938" HEIGHT="416" STYLEREFS="TXT_0 PAR_LEFT">
					<TextLine ID="P72_TL00024" HPOS="154" VPOS="1167" WIDTH="898" HEIGHT="35">
						<String ID="P72_ST00206" HPOS="154" VPOS="1167" WIDTH="103" HEIGHT="25" CONTENT="Native" WC="0.92" CC="000400"/>
						<SP ID="P72_SP00178" HPOS="257" VPOS="1192" WIDTH="14"/>
						<String ID="P72_ST00207" HPOS="271" VPOS="1167" WIDTH="113" HEIGHT="33" CONTENT="opinion" WC="0.89" CC="0000601"/>
						<SP ID="P72_SP00179" HPOS="384" VPOS="1200" WIDTH="14"/>
						<String ID="P72_ST00208" HPOS="398" VPOS="1176" WIDTH="57" HEIGHT="17" CONTENT="was" WC="1.00" CC="000"/>
						<SP ID="P72_SP00180" HPOS="455" VPOS="1200" WIDTH="15"/>
						<String ID="P72_ST00209" HPOS="470" VPOS="1167" WIDTH="82" HEIGHT="26" CONTENT="much" WC="1.00" CC="0000"/>
						<SP ID="P72_SP00181" HPOS="552" VPOS="1200" WIDTH="16"/>
						<String ID="P72_ST00210" HPOS="568" VPOS="1168" WIDTH="135" HEIGHT="34" CONTENT="outraged" WC="0.92" CC="02030000"/>
						<SP ID="P72_SP00182" HPOS="703" VPOS="1202" WIDTH="10"/>
						<String ID="P72_ST00211" HPOS="713" VPOS="1172" WIDTH="29" HEIGHT="22" CONTENT="at" WC="1.00" CC="00"/>
						<SP ID="P72_SP00183" HPOS="742" VPOS="1202" WIDTH="14"/>
						<String ID="P72_ST00212" HPOS="756" VPOS="1168" WIDTH="62" HEIGHT="26" CONTENT="this." WC="0.75" CC="04800"/>
						<SP ID="P72_SP00184" HPOS="818" VPOS="1202" WIDTH="43"/>
						<String ID="P72_ST00213" HPOS="861" VPOS="1169" WIDTH="26" HEIGHT="25" CONTENT="It" WC="1.00" CC="00"/>
						<SP ID="P72_SP00185" HPOS="887" VPOS="1202" WIDTH="11"/>
						<String ID="P72_ST00214" HPOS="898" VPOS="1170" WIDTH="154" HEIGHT="25" CONTENT="amounted" WC="0.85" CC="00019000"/>
					</TextLine>
					<TextLine ID="P72_TL00025" HPOS="117" VPOS="1214" WIDTH="937" HEIGHT="36">
						<String ID="P72_ST00215" HPOS="117" VPOS="1219" WIDTH="29" HEIGHT="21" CONTENT="to" WC="1.00" CC="00"/>
						<SP ID="P72_SP00186" HPOS="146" VPOS="1240" WIDTH="24"/>
						<String ID="P72_ST00216" HPOS="170" VPOS="1214" WIDTH="62" HEIGHT="26" CONTENT="this." WC="0.81" CC="00602"/>
						<SP ID="P72_SP00187" HPOS="232" VPOS="1240" WIDTH="39"/>
						<String ID="P72_ST00217" HPOS="271" VPOS="1216" WIDTH="15" HEIGHT="11" CONTENT='"' WC="1.00" CC="0"/>
						<SP ID="P72_SP00188" HPOS="286" VPOS="1240" WIDTH="10"/>
						<String ID="P72_ST00218" HPOS="296" VPOS="1214" WIDTH="61" HEIGHT="25" CONTENT="The" WC="1.00" CC="000"/>
						<SP ID="P72_SP00189" HPOS="357" VPOS="1240" WIDTH="18"/>
						<String ID="P72_ST00219" HPOS="375" VPOS="1223" WIDTH="69" HEIGHT="25" CONTENT="poor" WC="0.92" CC="0003"/>
						<SP ID="P72_SP00190" HPOS="444" VPOS="1248" WIDTH="22"/>
						<String ID="P72_ST00220" HPOS="466" VPOS="1223" WIDTH="64" HEIGHT="16" CONTENT="man" WC="1.00" CC="000"/>
						<SP ID="P72_SP00191" HPOS="530" VPOS="1248" WIDTH="24"/>
						<String ID="P72_ST00221" HPOS="554" VPOS="1215" WIDTH="67" HEIGHT="33" CONTENT="only" WC="1.00" CC="0000"/>
						<SP ID="P72_SP00192" HPOS="621" VPOS="1248" WIDTH="22"/>
						<String ID="P72_ST00222" HPOS="643" VPOS="1216" WIDTH="112" HEIGHT="24" CONTENT="wanted" WC="1.00" CC="000000"/>
						<SP ID="P72_SP00193" HPOS="755" VPOS="1248" WIDTH="15"/>
						<String ID="P72_ST00223" HPOS="770" VPOS="1219" WIDTH="30" HEIGHT="22" CONTENT="to" WC="0.94" CC="00"/>
						<SP ID="P72_SP00194" HPOS="800" VPOS="1248" WIDTH="14"/>
						<String ID="P72_ST00224" HPOS="814" VPOS="1216" WIDTH="63" HEIGHT="33" CONTENT="give" WC="0.94" CC="0200"/>
						<SP ID="P72_SP00195" HPOS="877" VPOS="1249" WIDTH="20"/>
						<String ID="P72_ST00225" HPOS="897" VPOS="1216" WIDTH="48" HEIGHT="26" CONTENT="the" WC="0.65" CC="630"/>
						<SP ID="P72_SP00196" HPOS="945" VPOS="1249" WIDTH="12"/>
						<String ID="P72_ST00226" HPOS="957" VPOS="1216" WIDTH="66" HEIGHT="34" CONTENT="jury" WC="1.00" CC="0000"/>
						<SP ID="P72_SP00197" HPOS="1023" VPOS="1250" WIDTH="14"/>
						<String ID="P72_ST00227" HPOS="1037" VPOS="1226" WIDTH="17" HEIGHT="17" CONTENT="a" WC="1.00" CC="0"/>
					</TextLine>
					<TextLine ID="P72_TL00026" HPOS="117" VPOS="1261" WIDTH="936" HEIGHT="35">
						<String ID="P72_ST00228" HPOS="117" VPOS="1265" WIDTH="112" HEIGHT="30" CONTENT="present" WC="1.00" CC="0000000"/>
						<SP ID="P72_SP00198" HPOS="229" VPOS="1295" WIDTH="14"/>
						<String ID="P72_ST00229" HPOS="243" VPOS="1261" WIDTH="42" HEIGHT="26" CONTENT="for" WC="0.73" CC="800"/>
						<SP ID="P72_SP00199" HPOS="285" VPOS="1295" WIDTH="19"/>
						<String ID="P72_ST00230" HPOS="304" VPOS="1261" WIDTH="132" HEIGHT="35" CONTENT="deciding" WC="0.85" CC="00000560"/>
						<SP ID="P72_SP00200" HPOS="436" VPOS="1296" WIDTH="17"/>
						<String ID="P72_ST00231" HPOS="453" VPOS="1261" WIDTH="94" HEIGHT="34" CONTENT="justly." WC="0.88" CC="0000502"/>
						<SP ID="P72_SP00201" HPOS="547" VPOS="1296" WIDTH="41"/>
						<String ID="P72_ST00232" HPOS="588" VPOS="1262" WIDTH="80" HEIGHT="34" CONTENT="They" WC="1.00" CC="0000"/>
						<SP ID="P72_SP00202" HPOS="668" VPOS="1296" WIDTH="15"/>
						<String ID="P72_ST00233" HPOS="683" VPOS="1262" WIDTH="149" HEIGHT="34" CONTENT="happened" WC="0.88" CC="40000400"/>
						<SP ID="P72_SP00203" HPOS="832" VPOS="1296" WIDTH="15"/>
						<String ID="P72_ST00234" HPOS="847" VPOS="1267" WIDTH="30" HEIGHT="22" CONTENT="to" WC="1.00" CC="00"/>
						<SP ID="P72_SP00204" HPOS="877" VPOS="1296" WIDTH="17"/>
						<String ID="P72_ST00235" HPOS="894" VPOS="1264" WIDTH="37" HEIGHT="25" CONTENT="be" WC="1.00" CC="00"/>
						<SP ID="P72_SP00205" HPOS="931" VPOS="1296" WIDTH="14"/>
						<String ID="P72_ST00236" HPOS="945" VPOS="1273" WIDTH="65" HEIGHT="17" CONTENT="men" WC="1.00" CC="000"/>
						<SP ID="P72_SP00206" HPOS="1010" VPOS="1296" WIDTH="15"/>
						<String ID="P72_ST00237" HPOS="1025" VPOS="1265" WIDTH="28" HEIGHT="26" CONTENT="in" WC="0.66" CC="60"/>
					</TextLine>
					<TextLine ID="P72_TL00027" HPOS="116" VPOS="1309" WIDTH="938" HEIGHT="37">
						<String ID="P72_ST00238" HPOS="116" VPOS="1309" WIDTH="138" HEIGHT="34" CONTENT="tolerably" WC="0.91" CC="300040000"/>
						<SP ID="P72_SP00207" HPOS="254" VPOS="1343" WIDTH="22"/>
						<String ID="P72_ST00239" HPOS="276" VPOS="1309" WIDTH="74" HEIGHT="34" CONTENT="good" WC="1.00" CC="0000"/>
						<SP ID="P72_SP00208" HPOS="350" VPOS="1343" WIDTH="15"/>
						<String ID="P72_ST00240" HPOS="365" VPOS="1309" WIDTH="221" HEIGHT="32" CONTENT="circumstances," WC="0.88" CC="04010900000000"/>
						<SP ID="P72_SP00209" HPOS="586" VPOS="1343" WIDTH="16"/>
						<String ID="P72_ST00241" HPOS="602" VPOS="1311" WIDTH="55" HEIGHT="24" CONTENT="and" WC="0.72" CC="080"/>
						<SP ID="P72_SP00210" HPOS="657" VPOS="1343" WIDTH="20"/>
						<String ID="P72_ST00242" HPOS="677" VPOS="1319" WIDTH="30" HEIGHT="17" CONTENT="so" WC="1.00" CC="00"/>
						<SP ID="P72_SP00211" HPOS="707" VPOS="1343" WIDTH="15"/>
						<String ID="P72_ST00243" HPOS="722" VPOS="1319" WIDTH="71" HEIGHT="17" CONTENT="were" WC="1.00" CC="0000"/>
						<SP ID="P72_SP00212" HPOS="793" VPOS="1343" WIDTH="14"/>
						<String ID="P72_ST00244" HPOS="807" VPOS="1315" WIDTH="50" HEIGHT="22" CONTENT="not" WC="0.68" CC="009"/>
						<SP ID="P72_SP00213" HPOS="857" VPOS="1343" WIDTH="15"/>
						<String ID="P72_ST00245" HPOS="872" VPOS="1312" WIDTH="127" HEIGHT="33" CONTENT="tempted" WC="1.00" CC="0000000"/>
						<SP ID="P72_SP00214" HPOS="999" VPOS="1345" WIDTH="16"/>
						<String ID="P72_ST00246" HPOS="1015" VPOS="1313" WIDTH="39" HEIGHT="33" CONTENT="by" WC="1.00" CC="00"/>
					</TextLine>
					<TextLine ID="P72_TL00028" HPOS="116" VPOS="1356" WIDTH="938" HEIGHT="37">
						<String ID="P72_ST00247" HPOS="116" VPOS="1356" WIDTH="49" HEIGHT="26" CONTENT="the" WC="1.00" CC="000"/>
						<SP ID="P72_SP00215" HPOS="165" VPOS="1382" WIDTH="12"/>
						<String ID="P72_ST00248" HPOS="177" VPOS="1362" WIDTH="33" HEIGHT="27" CONTENT="50" WC="0.81" CC="30"/>
						<String ID="P72_ST00249" HPOS="221" VPOS="1366" WIDTH="44" HEIGHT="22" CONTENT="rs.," WC="0.77" CC="4004"/>
						<SP ID="P72_SP00216" HPOS="265" VPOS="1389" WIDTH="13"/>
						<String ID="P72_ST00250" HPOS="278" VPOS="1356" WIDTH="52" HEIGHT="26" CONTENT="but" WC="1.00" CC="000"/>
						<SP ID="P72_SP00217" HPOS="330" VPOS="1389" WIDTH="14"/>
						<String ID="P72_ST00251" HPOS="344" VPOS="1356" WIDTH="47" HEIGHT="26" CONTENT="the" WC="1.00" CC="000"/>
						<SP ID="P72_SP00218" HPOS="391" VPOS="1389" WIDTH="14"/>
						<String ID="P72_ST00252" HPOS="405" VPOS="1356" WIDTH="148" HEIGHT="34" CONTENT="gomastah" WC="1.00" CC="00000000"/>
						<SP ID="P72_SP00219" HPOS="553" VPOS="1390" WIDTH="15"/>
						<String ID="P72_ST00253" HPOS="568" VPOS="1357" WIDTH="83" HEIGHT="25" CONTENT="could" WC="0.99" CC="00000"/>
						<SP ID="P72_SP00220" HPOS="651" VPOS="1390" WIDTH="15"/>
						<String ID="P72_ST00254" HPOS="666" VPOS="1361" WIDTH="49" HEIGHT="21" CONTENT="not" WC="1.00" CC="000"/>
						<SP ID="P72_SP00221" HPOS="715" VPOS="1390" WIDTH="14"/>
						<String ID="P72_ST00255" HPOS="729" VPOS="1357" WIDTH="89" HEIGHT="26" CONTENT="afford" WC="1.00" CC="000000"/>
						<SP ID="P72_SP00222" HPOS="818" VPOS="1390" WIDTH="16"/>
						<String ID="P72_ST00256" HPOS="834" VPOS="1362" WIDTH="29" HEIGHT="22" CONTENT="to" WC="1.00" CC="00"/>
						<SP ID="P72_SP00223" HPOS="863" VPOS="1390" WIDTH="15"/>
						<String ID="P72_ST00257" HPOS="878" VPOS="1359" WIDTH="69" HEIGHT="26" CONTENT="offer" WC="1.00" CC="00000"/>
						<SP ID="P72_SP00224" HPOS="947" VPOS="1390" WIDTH="14"/>
						<String ID="P72_ST00258" HPOS="961" VPOS="1368" WIDTH="93" HEIGHT="25" CONTENT="more;" WC="0.94" CC="00002"/>
					</TextLine>
					<TextLine ID="P72_TL00029" HPOS="117" VPOS="1403" WIDTH="935" HEIGHT="39">
						<String ID="P72_ST00259" HPOS="117" VPOS="1405" WIDTH="54" HEIGHT="25" CONTENT="and" WC="1.00" CC="000"/>
						<SP ID="P72_SP00225" HPOS="171" VPOS="1430" WIDTH="15"/>
						<String ID="P72_ST00260" HPOS="186" VPOS="1404" WIDTH="67" HEIGHT="34" CONTENT="they" WC="0.94" CC="0200"/>
						<SP ID="P72_SP00226" HPOS="253" VPOS="1438" WIDTH="13"/>
						<String ID="P72_ST00261" HPOS="266" VPOS="1403" WIDTH="153" HEIGHT="35" CONTENT="pretended" WC="0.96" CC="000003000"/>
						<SP ID="P72_SP00227" HPOS="419" VPOS="1438" WIDTH="21"/>
						<String ID="P72_ST00262" HPOS="440" VPOS="1407" WIDTH="29" HEIGHT="22" CONTENT="to" WC="1.00" CC="00"/>
						<SP ID="P72_SP00228" HPOS="469" VPOS="1438" WIDTH="21"/>
						<String ID="P72_ST00263" HPOS="490" VPOS="1404" WIDTH="35" HEIGHT="25" CONTENT="be" WC="0.75" CC="50"/>
						<SP ID="P72_SP00229" HPOS="525" VPOS="1438" WIDTH="20"/>
						<String ID="P72_ST00264" HPOS="545" VPOS="1404" WIDTH="107" HEIGHT="32" CONTENT="honest," WC="0.97" CC="0010000"/>
						<SP ID="P72_SP00230" HPOS="652" VPOS="1438" WIDTH="16"/>
						<String ID="P72_ST00265" HPOS="668" VPOS="1405" WIDTH="55" HEIGHT="25" CONTENT="and" WC="0.94" CC="010"/>
						<SP ID="P72_SP00231" HPOS="723" VPOS="1438" WIDTH="15"/>
						<String ID="P72_ST00266" HPOS="738" VPOS="1414" WIDTH="31" HEIGHT="17" CONTENT="so" WC="1.00" CC="00"/>
						<SP ID="P72_SP00232" HPOS="769" VPOS="1438" WIDTH="15"/>
						<String ID="P72_ST00267" HPOS="784" VPOS="1406" WIDTH="117" HEIGHT="26" CONTENT="decided" WC="1.00" CC="0000000"/>
						<SP ID="P72_SP00233" HPOS="901" VPOS="1438" WIDTH="16"/>
						<String ID="P72_ST00268" HPOS="917" VPOS="1407" WIDTH="135" HEIGHT="35" CONTENT="unjustly." WC="0.88" CC="100200501"/>
					</TextLine>
					<TextLine ID="P72_TL00030" HPOS="117" VPOS="1451" WIDTH="937" HEIGHT="36">
						<String ID="P72_ST00269" HPOS="117" VPOS="1451" WIDTH="60" HEIGHT="26" CONTENT="The" WC="1.00" CC="000"/>
						<SP ID="P72_SP00234" HPOS="177" VPOS="1477" WIDTH="22"/>
						<String ID="P72_ST00270" HPOS="199" VPOS="1451" WIDTH="86" HEIGHT="26" CONTENT="result" WC="0.96" CC="001100"/>
						<SP ID="P72_SP00235" HPOS="285" VPOS="1477" WIDTH="21"/>
						<String ID="P72_ST00271" HPOS="306" VPOS="1451" WIDTH="29" HEIGHT="31" CONTENT="is," WC="0.78" CC="600"/>
						<SP ID="P72_SP00236" HPOS="335" VPOS="1482" WIDTH="14"/>
						<String ID="P72_ST00272" HPOS="349" VPOS="1451" WIDTH="62" HEIGHT="25" CONTENT="that" WC="0.78" CC="0008"/>
						<SP ID="P72_SP00237" HPOS="411" VPOS="1482" WIDTH="18"/>
						<String ID="P72_ST00273" HPOS="429" VPOS="1451" WIDTH="37" HEIGHT="25" CONTENT="all" WC="0.81" CC="005"/>
						<SP ID="P72_SP00238" HPOS="466" VPOS="1482" WIDTH="24"/>
						<String ID="P72_ST00274" HPOS="490" VPOS="1451" WIDTH="47" HEIGHT="26" CONTENT="the" WC="0.92" CC="020"/>
						<SP ID="P72_SP00239" HPOS="537" VPOS="1482" WIDTH="15"/>
						<String ID="P72_ST00275" HPOS="552" VPOS="1451" WIDTH="140" HEIGHT="27" CONTENT="criminals" WC="0.84" CC="006160000"/>
						<SP ID="P72_SP00240" HPOS="692" VPOS="1482" WIDTH="20"/>
						<String ID="P72_ST00276" HPOS="712" VPOS="1461" WIDTH="37" HEIGHT="26" CONTENT="go" WC="1.00" CC="00"/>
						<SP ID="P72_SP00241" HPOS="749" VPOS="1487" WIDTH="24"/>
						<String ID="P72_ST00277" HPOS="773" VPOS="1454" WIDTH="139" HEIGHT="32" CONTENT="scot-free," WC="0.92" CC="0000023001"/>
						<SP ID="P72_SP00242" HPOS="912" VPOS="1487" WIDTH="16"/>
						<String ID="P72_ST00278" HPOS="928" VPOS="1455" WIDTH="56" HEIGHT="26" CONTENT="and" WC="0.81" CC="050"/>
						<SP ID="P72_SP00243" HPOS="984" VPOS="1487" WIDTH="21"/>
						<String ID="P72_ST00279" HPOS="1005" VPOS="1456" WIDTH="49" HEIGHT="26" CONTENT="the" WC="0.81" CC="041"/>
					</TextLine>
					<TextLine ID="P72_TL00031" HPOS="116" VPOS="1499" WIDTH="938" HEIGHT="38">
						<String ID="P72_ST00280" HPOS="116" VPOS="1499" WIDTH="99" HEIGHT="34" CONTENT="family" WC="0.75" CC="490000"/>
						<SP ID="P72_SP00244" HPOS="215" VPOS="1533" WIDTH="13"/>
						<String ID="P72_ST00281" HPOS="228" VPOS="1499" WIDTH="31" HEIGHT="27" CONTENT="of" WC="1.00" CC="00"/>
						<SP ID="P72_SP00245" HPOS="259" VPOS="1533" WIDTH="11"/>
						<String ID="P72_ST00282" HPOS="270" VPOS="1499" WIDTH="47" HEIGHT="27" CONTENT="the" WC="1.00" CC="000"/>
						<SP ID="P72_SP00246" HPOS="317" VPOS="1533" WIDTH="15"/>
						<String ID="P72_ST00283" HPOS="332" VPOS="1499" WIDTH="106" HEIGHT="34" CONTENT="injured" WC="0.90" CC="0203000"/>
						<SP ID="P72_SP00247" HPOS="438" VPOS="1533" WIDTH="14"/>
						<String ID="P72_ST00284" HPOS="452" VPOS="1508" WIDTH="64" HEIGHT="17" CONTENT="man" WC="1.00" CC="000"/>
						<SP ID="P72_SP00248" HPOS="516" VPOS="1533" WIDTH="15"/>
						<String ID="P72_ST00285" HPOS="531" VPOS="1499" WIDTH="22" HEIGHT="26" CONTENT="is" WC="0.70" CC="50"/>
						<SP ID="P72_SP00249" HPOS="553" VPOS="1533" WIDTH="15"/>
						<String ID="P72_ST00286" HPOS="568" VPOS="1499" WIDTH="146" HEIGHT="35" CONTENT="disgraced" WC="0.84" CC="042010006"/>
						<SP ID="P72_SP00250" HPOS="714" VPOS="1534" WIDTH="17"/>
						<String ID="P72_ST00287" HPOS="731" VPOS="1501" WIDTH="38" HEIGHT="34" CONTENT="by" WC="1.00" CC="00"/>
						<SP ID="P72_SP00251" HPOS="769" VPOS="1535" WIDTH="11"/>
						<String ID="P72_ST00288" HPOS="780" VPOS="1502" WIDTH="48" HEIGHT="25" CONTENT="the" WC="0.89" CC="030"/>
						<SP ID="P72_SP00252" HPOS="828" VPOS="1535" WIDTH="11"/>
						<String ID="P72_ST00289" HPOS="839" VPOS="1502" WIDTH="215" HEIGHT="35" CONTENT="imprisonment" WC="0.96" CC="000000040000"/>
					</TextLine>
					<TextLine ID="P72_TL00032" HPOS="116" VPOS="1547" WIDTH="938" HEIGHT="35">
						<String ID="P72_ST00290" HPOS="116" VPOS="1547" WIDTH="32" HEIGHT="25" CONTENT="of" WC="1.00" CC="00"/>
						<SP ID="P72_SP00253" HPOS="148" VPOS="1572" WIDTH="23"/>
						<String ID="P72_ST00291" HPOS="171" VPOS="1547" WIDTH="41" HEIGHT="26" CONTENT="his" WC="0.98" CC="000"/>
						<SP ID="P72_SP00254" HPOS="212" VPOS="1573" WIDTH="26"/>
						<String ID="P72_ST00292" HPOS="238" VPOS="1547" WIDTH="136" HEIGHT="26" CONTENT='brother."' WC="0.99" CC="000000000"/>
						<SP ID="P72_SP00255" HPOS="374" VPOS="1573" WIDTH="41"/>
						<String ID="P72_ST00293" HPOS="415" VPOS="1547" WIDTH="27" HEIGHT="25" CONTENT="It" WC="0.84" CC="03"/>
						<SP ID="P72_SP00256" HPOS="442" VPOS="1573" WIDTH="25"/>
						<String ID="P72_ST00294" HPOS="467" VPOS="1555" WIDTH="57" HEIGHT="18" CONTENT="was" WC="0.75" CC="700"/>
						<SP ID="P72_SP00257" HPOS="524" VPOS="1573" WIDTH="22"/>
						<String ID="P72_ST00295" HPOS="546" VPOS="1547" WIDTH="163" HEIGHT="34" CONTENT="impossible" WC="0.93" CC="2000000040"/>
						<SP ID="P72_SP00258" HPOS="709" VPOS="1581" WIDTH="25"/>
						<String ID="P72_ST00296" HPOS="734" VPOS="1553" WIDTH="29" HEIGHT="22" CONTENT="to" WC="1.00" CC="00"/>
						<SP ID="P72_SP00259" HPOS="763" VPOS="1581" WIDTH="24"/>
						<String ID="P72_ST00297" HPOS="787" VPOS="1558" WIDTH="85" HEIGHT="24" CONTENT="argue" WC="0.81" CC="00900"/>
						<SP ID="P72_SP00260" HPOS="872" VPOS="1582" WIDTH="28"/>
						<String ID="P72_ST00298" HPOS="900" VPOS="1559" WIDTH="30" HEIGHT="17" CONTENT="as" WC="1.00" CC="00"/>
						<SP ID="P72_SP00261" HPOS="930" VPOS="1582" WIDTH="24"/>
						<String ID="P72_ST00299" HPOS="954" VPOS="1555" WIDTH="29" HEIGHT="21" CONTENT="to" WC="1.00" CC="00"/>
						<SP ID="P72_SP00262" HPOS="983" VPOS="1582" WIDTH="23"/>
						<String ID="P72_ST00300" HPOS="1006" VPOS="1552" WIDTH="48" HEIGHT="25" CONTENT="the" WC="1.00" CC="000"/>
					</TextLine>
				</TextBlock>
			</PrintSpace>
		</Page>
	</Layout>
</alto>
