<?xml version="1.0" encoding="UTF-8"?>
<alto xmlns:xsi="http://www.w3.org/2001/XMLSchema-instance" xsi:noNamespaceSchemaLocation="http://www.bl.uk/schemas/alto/alto-1-4.xsd" xmlns:xlink="http://www.w3.org/1999/xlink">
	<Description>
		<MeasurementUnit>mm10</MeasurementUnit>
		<sourceImageInformation>
			<fileName>//head1/IN/2008-11/A0011351408.2/007654.jp2</fileName>
		</sourceImageInformation>
		<OCRProcessing ID="OCRPROCESSING_1">
			<preProcessingStep>
				<processingSoftware>
					<softwareCreator>CCS Content Conversion Specialists GmbH, Germany</softwareCreator>
					<softwareName>CCS docWORKS</softwareName>
					<softwareVersion>6.1-0.67</softwareVersion>
				</processingSoftware>
			</preProcessingStep>
			<ocrProcessingStep>
				<processingSoftware>
					<softwareCreator>ABBYY (BIT Software), Russia</softwareCreator>
					<softwareName>Finereader</softwareName>
				</processingSoftware>
			</ocrProcessingStep>
		</OCRProcessing>
	</Description>
	<Styles>
		<TextStyle ID="TXT_0" FONTSIZE="11" FONTFAMILY="Courier New"/>
		<TextStyle ID="TXT_1" FONTSIZE="9" FONTFAMILY="Courier New"/>
		<ParagraphStyle ID="PAR_LEFT" ALIGN="Left"/>
		<ParagraphStyle ID="PAR_CENTER" ALIGN="Center"/>
	</Styles>
	<Layout>
		<Page ID="P274" PHYSICAL_IMG_NR="274" HEIGHT="1675" WIDTH="1155" PRINTED_IMG_NR="266" POSITION="Left" ACCURACY="91.64">
			<TopMargin ID="P274_TM00001" HPOS="0" VPOS="0" WIDTH="1154" HEIGHT="132">
				<TextBlock ID="P274_TB00001" HPOS="113" VPOS="98" WIDTH="58" HEIGHT="27" STYLEREFS="TXT_0 PAR_LEFT">
					<TextLine ID="P274_TL00001" HPOS="113" VPOS="98" WIDTH="58" HEIGHT="27">
						<String ID="P274_ST00001" HPOS="113" VPOS="98" WIDTH="58" HEIGHT="27" CONTENT="266" WC="1.00" CC="000"/>
					</TextLine>
				</TextBlock>
				<TextBlock ID="P274_TB00002" HPOS="386" VPOS="93" WIDTH="382" HEIGHT="39" STYLEREFS="TXT_1 PAR_CENTER">
					<TextLine ID="P274_TL00002" HPOS="386" VPOS="93" WIDTH="382" HEIGHT="39">
						<String ID="P274_ST00002" HPOS="386" VPOS="94" WIDTH="76" HEIGHT="38" CONTENT="Life" WC="1.00" CC="0000"/>
						<SP ID="P274_SP00001" HPOS="462" VPOS="132" WIDTH="22"/>
						<String ID="P274_ST00003" HPOS="484" VPOS="94" WIDTH="34" HEIGHT="29" CONTENT="in" WC="1.00" CC="00"/>
						<SP ID="P274_SP00002" HPOS="518" VPOS="132" WIDTH="23"/>
						<String ID="P274_ST00004" HPOS="541" VPOS="94" WIDTH="49" HEIGHT="29" CONTENT="the" WC="0.95" CC="100"/>
						<SP ID="P274_SP00003" HPOS="590" VPOS="132" WIDTH="21"/>
						<String ID="P274_ST00005" HPOS="611" VPOS="93" WIDTH="157" HEIGHT="39" CONTENT="Mofussil." WC="0.89" CC="000500021"/>
					</TextLine>
				</TextBlock>
			</TopMargin>
			<LeftMargin ID="P274_LM00001" HPOS="0" VPOS="127" WIDTH="107" HEIGHT="1461"/>
			<RightMargin ID="P274_RM00001" HPOS="1045" VPOS="127" WIDTH="109" HEIGHT="1461"/>
			<BottomMargin ID="P274_BM00001" HPOS="0" VPOS="1588" WIDTH="1154" HEIGHT="86"/>
			<PrintSpace ID="P274_PS00001" HPOS="107" VPOS="127" WIDTH="938" HEIGHT="1461">
				<TextBlock ID="P274_TB00003" HPOS="109" VPOS="175" WIDTH="929" HEIGHT="124" STYLEREFS="TXT_1 PAR_LEFT">
					<TextLine ID="P274_TL00003" HPOS="109" VPOS="175" WIDTH="929" HEIGHT="35">
						<String ID="P274_ST00006" HPOS="109" VPOS="189" WIDTH="56" HEIGHT="17" CONTENT="was" WC="0.79" CC="600"/>
						<SP ID="P274_SP00004" HPOS="165" VPOS="206" WIDTH="23"/>
						<String ID="P274_ST00007" HPOS="188" VPOS="188" WIDTH="36" HEIGHT="18" CONTENT="an" WC="0.74" CC="13"/>
						<SP ID="P274_SP00005" HPOS="224" VPOS="206" WIDTH="20"/>
						<String ID="P274_ST00008" HPOS="244" VPOS="180" WIDTH="142" HEIGHT="25" CONTENT="enclosure" WC="1.00" CC="000000000"/>
						<SP ID="P274_SP00006" HPOS="386" VPOS="206" WIDTH="23"/>
						<String ID="P274_ST00009" HPOS="409" VPOS="179" WIDTH="42" HEIGHT="25" CONTENT="for" WC="0.89" CC="201"/>
						<SP ID="P274_SP00007" HPOS="451" VPOS="206" WIDTH="20"/>
						<String ID="P274_ST00010" HPOS="471" VPOS="178" WIDTH="36" HEIGHT="26" CONTENT="all" WC="0.94" CC="010"/>
						<SP ID="P274_SP00008" HPOS="507" VPOS="206" WIDTH="24"/>
						<String ID="P274_ST00011" HPOS="531" VPOS="178" WIDTH="82" HEIGHT="26" CONTENT="kinds" WC="0.91" CC="04000"/>
						<SP ID="P274_SP00009" HPOS="613" VPOS="206" WIDTH="24"/>
						<String ID="P274_ST00012" HPOS="637" VPOS="177" WIDTH="31" HEIGHT="26" CONTENT="of" WC="1.00" CC="00"/>
						<SP ID="P274_SP00010" HPOS="668" VPOS="206" WIDTH="16"/>
						<String ID="P274_ST00013" HPOS="684" VPOS="177" WIDTH="111" HEIGHT="33" CONTENT="refugee" WC="0.91" CC="4001000"/>
						<SP ID="P274_SP00011" HPOS="795" VPOS="210" WIDTH="24"/>
						<String ID="P274_ST00014" HPOS="819" VPOS="175" WIDTH="124" HEIGHT="31" CONTENT="animals," WC="0.84" CC="06600000"/>
						<String ID="P274_ST00015" HPOS="949" VPOS="191" WIDTH="32" HEIGHT="2" CONTENT="—" WC="0.20" CC="8"/>
						<String ID="P274_ST00016" HPOS="985" VPOS="175" WIDTH="53" HEIGHT="25" CONTENT="and" WC="0.77" CC="060"/>
					</TextLine>
					<TextLine ID="P274_TL00004" HPOS="109" VPOS="223" WIDTH="929" HEIGHT="37">
						<String ID="P274_ST00017" HPOS="109" VPOS="227" WIDTH="147" HEIGHT="33" CONTENT="requested" WC="1.00" CC="000000000"/>
						<SP ID="P274_SP00012" HPOS="256" VPOS="260" WIDTH="18"/>
						<String ID="P274_ST00018" HPOS="274" VPOS="226" WIDTH="48" HEIGHT="26" CONTENT="the" WC="0.86" CC="040"/>
						<SP ID="P274_SP00013" HPOS="322" VPOS="260" WIDTH="21"/>
						<String ID="P274_ST00019" HPOS="343" VPOS="226" WIDTH="76" HEIGHT="25" CONTENT="chief" WC="0.85" CC="02500"/>
						<SP ID="P274_SP00014" HPOS="419" VPOS="260" WIDTH="18"/>
						<String ID="P274_ST00020" HPOS="437" VPOS="226" WIDTH="158" HEIGHT="33" CONTENT="veterinary" WC="0.97" CC="0000030000"/>
						<SP ID="P274_SP00015" HPOS="595" VPOS="260" WIDTH="17"/>
						<String ID="P274_ST00021" HPOS="612" VPOS="232" WIDTH="120" HEIGHT="26" CONTENT="surgeon" WC="0.96" CC="0000002"/>
						<SP ID="P274_SP00016" HPOS="732" VPOS="260" WIDTH="21"/>
						<String ID="P274_ST00022" HPOS="753" VPOS="223" WIDTH="31" HEIGHT="26" CONTENT="of" WC="1.00" CC="00"/>
						<SP ID="P274_SP00017" HPOS="784" VPOS="260" WIDTH="21"/>
						<String ID="P274_ST00023" HPOS="805" VPOS="223" WIDTH="131" HEIGHT="26" CONTENT="Calcutta" WC="0.97" CC="00200000"/>
						<SP ID="P274_SP00018" HPOS="936" VPOS="260" WIDTH="19"/>
						<String ID="P274_ST00024" HPOS="955" VPOS="226" WIDTH="30" HEIGHT="22" CONTENT="to" WC="0.85" CC="20"/>
						<SP ID="P274_SP00019" HPOS="985" VPOS="260" WIDTH="18"/>
						<String ID="P274_ST00025" HPOS="1003" VPOS="231" WIDTH="35" HEIGHT="25" CONTENT="go" WC="1.00" CC="00"/>
					</TextLine>
					<TextLine ID="P274_TL00005" HPOS="109" VPOS="274" WIDTH="255" HEIGHT="25">
						<String ID="P274_ST00026" HPOS="109" VPOS="275" WIDTH="55" HEIGHT="24" CONTENT="and" WC="1.00" CC="000"/>
						<SP ID="P274_SP00020" HPOS="164" VPOS="299" WIDTH="16"/>
						<String ID="P274_ST00027" HPOS="180" VPOS="274" WIDTH="96" HEIGHT="25" CONTENT="attend" WC="0.99" CC="000000"/>
						<SP ID="P274_SP00021" HPOS="276" VPOS="299" WIDTH="16"/>
						<String ID="P274_ST00028" HPOS="292" VPOS="277" WIDTH="29" HEIGHT="21" CONTENT="to" WC="1.00" CC="00"/>
						<SP ID="P274_SP00022" HPOS="321" VPOS="299" WIDTH="15"/>
						<String ID="P274_ST00029" HPOS="336" VPOS="274" WIDTH="28" HEIGHT="24" CONTENT="it." WC="0.97" CC="000"/>
					</TextLine>
				</TextBlock>
				<TextBlock ID="P274_TB00004" HPOS="107" VPOS="317" WIDTH="935" HEIGHT="642" STYLEREFS="TXT_1 PAR_LEFT">
					<TextLine ID="P274_TL00006" HPOS="147" VPOS="317" WIDTH="893" HEIGHT="37">
						<String ID="P274_ST00030" HPOS="147" VPOS="321" WIDTH="67" HEIGHT="25" CONTENT="This" WC="1.00" CC="0000"/>
						<SP ID="P274_SP00023" HPOS="214" VPOS="346" WIDTH="22"/>
						<String ID="P274_ST00031" HPOS="236" VPOS="329" WIDTH="100" HEIGHT="25" CONTENT="person" WC="0.96" CC="001010"/>
						<SP ID="P274_SP00024" HPOS="336" VPOS="354" WIDTH="22"/>
						<String ID="P274_ST00032" HPOS="358" VPOS="320" WIDTH="113" HEIGHT="25" CONTENT="entered" WC="1.00" CC="0000000"/>
						<SP ID="P274_SP00025" HPOS="471" VPOS="354" WIDTH="23"/>
						<String ID="P274_ST00033" HPOS="494" VPOS="320" WIDTH="58" HEIGHT="25" CONTENT="into" WC="0.76" CC="4400"/>
						<SP ID="P274_SP00026" HPOS="552" VPOS="354" WIDTH="23"/>
						<String ID="P274_ST00034" HPOS="575" VPOS="319" WIDTH="47" HEIGHT="26" CONTENT="the" WC="1.00" CC="000"/>
						<SP ID="P274_SP00027" HPOS="622" VPOS="354" WIDTH="21"/>
						<String ID="P274_ST00035" HPOS="643" VPOS="319" WIDTH="74" HEIGHT="33" CONTENT="joke," WC="0.96" CC="00000"/>
						<SP ID="P274_SP00028" HPOS="717" VPOS="354" WIDTH="16"/>
						<String ID="P274_ST00036" HPOS="733" VPOS="318" WIDTH="55" HEIGHT="26" CONTENT="and" WC="1.00" CC="000"/>
						<SP ID="P274_SP00029" HPOS="788" VPOS="354" WIDTH="22"/>
						<String ID="P274_ST00037" HPOS="810" VPOS="318" WIDTH="86" HEIGHT="34" CONTENT="going" WC="0.87" CC="00600"/>
						<SP ID="P274_SP00030" HPOS="896" VPOS="354" WIDTH="13"/>
						<String ID="P274_ST00038" HPOS="909" VPOS="318" WIDTH="83" HEIGHT="25" CONTENT="down" WC="1.00" CC="0000"/>
						<SP ID="P274_SP00031" HPOS="992" VPOS="354" WIDTH="21"/>
						<String ID="P274_ST00039" HPOS="1013" VPOS="317" WIDTH="27" HEIGHT="25" CONTENT="in" WC="0.75" CC="40"/>
					</TextLine>
					<TextLine ID="P274_TL00007" HPOS="110" VPOS="364" WIDTH="930" HEIGHT="37">
						<String ID="P274_ST00040" HPOS="110" VPOS="368" WIDTH="48" HEIGHT="25" CONTENT="the" WC="1.00" CC="000"/>
						<SP ID="P274_SP00032" HPOS="158" VPOS="393" WIDTH="14"/>
						<String ID="P274_ST00041" HPOS="172" VPOS="368" WIDTH="118" HEIGHT="33" CONTENT="evening" WC="0.87" CC="0104020"/>
						<SP ID="P274_SP00033" HPOS="290" VPOS="401" WIDTH="19"/>
						<String ID="P274_ST00042" HPOS="309" VPOS="367" WIDTH="80" HEIGHT="26" CONTENT="when" WC="0.84" CC="0060"/>
						<SP ID="P274_SP00034" HPOS="389" VPOS="401" WIDTH="21"/>
						<String ID="P274_ST00043" HPOS="410" VPOS="367" WIDTH="65" HEIGHT="25" CONTENT="Mrs." WC="1.00" CC="0000"/>
						<SP ID="P274_SP00035" HPOS="475" VPOS="401" WIDTH="16"/>
						<String ID="P274_ST00044" HPOS="491" VPOS="367" WIDTH="125" HEIGHT="25" CONTENT="Truman" WC="0.94" CC="002000"/>
						<SP ID="P274_SP00036" HPOS="616" VPOS="401" WIDTH="14"/>
						<String ID="P274_ST00045" HPOS="630" VPOS="375" WIDTH="56" HEIGHT="17" CONTENT="was" WC="1.00" CC="000"/>
						<SP ID="P274_SP00037" HPOS="686" VPOS="401" WIDTH="20"/>
						<String ID="P274_ST00046" HPOS="706" VPOS="370" WIDTH="56" HEIGHT="27" CONTENT="out," WC="1.00" CC="0000"/>
						<SP ID="P274_SP00038" HPOS="762" VPOS="401" WIDTH="15"/>
						<String ID="P274_ST00047" HPOS="777" VPOS="374" WIDTH="67" HEIGHT="24" CONTENT="very" WC="1.00" CC="0000"/>
						<SP ID="P274_SP00039" HPOS="844" VPOS="401" WIDTH="14"/>
						<String ID="P274_ST00048" HPOS="858" VPOS="364" WIDTH="182" HEIGHT="34" CONTENT="successfully" WC="0.86" CC="000000000429"/>
					</TextLine>
					<TextLine ID="P274_TL00008" HPOS="110" VPOS="412" WIDTH="932" HEIGHT="36">
						<String ID="P274_ST00049" HPOS="110" VPOS="415" WIDTH="164" HEIGHT="33" CONTENT="amputated" WC="0.98" CC="200000000"/>
						<SP ID="P274_SP00040" HPOS="274" VPOS="448" WIDTH="23"/>
						<String ID="P274_ST00050" HPOS="297" VPOS="414" WIDTH="47" HEIGHT="27" CONTENT="the" WC="0.86" CC="040"/>
						<SP ID="P274_SP00041" HPOS="344" VPOS="448" WIDTH="23"/>
						<String ID="P274_ST00051" HPOS="367" VPOS="414" WIDTH="106" HEIGHT="26" CONTENT="broken" WC="1.00" CC="000000"/>
						<SP ID="P274_SP00042" HPOS="473" VPOS="448" WIDTH="22"/>
						<String ID="P274_ST00052" HPOS="495" VPOS="414" WIDTH="52" HEIGHT="34" CONTENT="leg," WC="0.95" CC="0002"/>
						<SP ID="P274_SP00043" HPOS="547" VPOS="448" WIDTH="24"/>
						<String ID="P274_ST00053" HPOS="571" VPOS="414" WIDTH="56" HEIGHT="26" CONTENT="and" WC="1.00" CC="000"/>
						<SP ID="P274_SP00044" HPOS="627" VPOS="448" WIDTH="23"/>
						<String ID="P274_ST00054" HPOS="650" VPOS="414" WIDTH="50" HEIGHT="25" CONTENT="left" WC="0.88" CC="0031"/>
						<SP ID="P274_SP00045" HPOS="700" VPOS="448" WIDTH="26"/>
						<String ID="P274_ST00055" HPOS="726" VPOS="422" WIDTH="17" HEIGHT="17" CONTENT="a" WC="1.00" CC="0"/>
						<SP ID="P274_SP00046" HPOS="743" VPOS="448" WIDTH="26"/>
						<String ID="P274_ST00056" HPOS="769" VPOS="421" WIDTH="127" HEIGHT="25" CONTENT="message" WC="1.00" CC="0000000"/>
						<SP ID="P274_SP00047" HPOS="896" VPOS="448" WIDTH="26"/>
						<String ID="P274_ST00057" HPOS="922" VPOS="412" WIDTH="61" HEIGHT="26" CONTENT="that" WC="0.96" CC="0100"/>
						<SP ID="P274_SP00048" HPOS="983" VPOS="448" WIDTH="23"/>
						<String ID="P274_ST00058" HPOS="1006" VPOS="412" WIDTH="36" HEIGHT="25" CONTENT="he" WC="1.00" CC="00"/>
					</TextLine>
					<TextLine ID="P274_TL00009" HPOS="110" VPOS="459" WIDTH="929" HEIGHT="36">
						<String ID="P274_ST00059" HPOS="110" VPOS="462" WIDTH="93" HEIGHT="25" CONTENT="would" WC="0.92" CC="00400"/>
						<SP ID="P274_SP00049" HPOS="203" VPOS="487" WIDTH="14"/>
						<String ID="P274_ST00060" HPOS="217" VPOS="470" WIDTH="80" HEIGHT="17" CONTENT="come" WC="0.97" CC="1000"/>
						<SP ID="P274_SP00050" HPOS="297" VPOS="487" WIDTH="12"/>
						<String ID="P274_ST00061" HPOS="309" VPOS="465" WIDTH="31" HEIGHT="22" CONTENT="to" WC="1.00" CC="00"/>
						<SP ID="P274_SP00051" HPOS="340" VPOS="487" WIDTH="23"/>
						<String ID="P274_ST00062" HPOS="363" VPOS="470" WIDTH="46" HEIGHT="17" CONTENT="see" WC="1.00" CC="000"/>
						<SP ID="P274_SP00052" HPOS="409" VPOS="487" WIDTH="23"/>
						<String ID="P274_ST00063" HPOS="432" VPOS="462" WIDTH="21" HEIGHT="25" CONTENT="it" WC="1.00" CC="00"/>
						<SP ID="P274_SP00053" HPOS="453" VPOS="487" WIDTH="21"/>
						<String ID="P274_ST00064" HPOS="474" VPOS="465" WIDTH="29" HEIGHT="22" CONTENT="at" WC="1.00" CC="00"/>
						<SP ID="P274_SP00054" HPOS="503" VPOS="487" WIDTH="24"/>
						<String ID="P274_ST00065" HPOS="527" VPOS="470" WIDTH="56" HEIGHT="25" CONTENT="any" WC="0.89" CC="030"/>
						<SP ID="P274_SP00055" HPOS="583" VPOS="495" WIDTH="13"/>
						<String ID="P274_ST00066" HPOS="596" VPOS="462" WIDTH="75" HEIGHT="30" CONTENT="time," WC="0.87" CC="05001"/>
						<SP ID="P274_SP00056" HPOS="671" VPOS="495" WIDTH="16"/>
						<String ID="P274_ST00067" HPOS="687" VPOS="461" WIDTH="80" HEIGHT="34" CONTENT="night" WC="0.79" CC="03060"/>
						<SP ID="P274_SP00057" HPOS="767" VPOS="495" WIDTH="14"/>
						<String ID="P274_ST00068" HPOS="781" VPOS="469" WIDTH="31" HEIGHT="17" CONTENT="or" WC="0.89" CC="02"/>
						<SP ID="P274_SP00058" HPOS="812" VPOS="495" WIDTH="20"/>
						<String ID="P274_ST00069" HPOS="832" VPOS="460" WIDTH="63" HEIGHT="34" CONTENT="day," WC="1.00" CC="0000"/>
						<SP ID="P274_SP00059" HPOS="895" VPOS="495" WIDTH="16"/>
						<String ID="P274_ST00070" HPOS="911" VPOS="459" WIDTH="22" HEIGHT="26" CONTENT="if" WC="0.93" CC="10"/>
						<SP ID="P274_SP00060" HPOS="933" VPOS="495" WIDTH="18"/>
						<String ID="P274_ST00071" HPOS="951" VPOS="459" WIDTH="88" HEIGHT="26" CONTENT="called" WC="0.89" CC="000600"/>
					</TextLine>
					<TextLine ID="P274_TL00010" HPOS="111" VPOS="507" WIDTH="930" HEIGHT="35">
						<String ID="P274_ST00072" HPOS="111" VPOS="518" WIDTH="81" HEIGHT="24" CONTENT="upon." WC="0.96" CC="00000"/>
						<SP ID="P274_SP00061" HPOS="192" VPOS="542" WIDTH="41"/>
						<String ID="P274_ST00073" HPOS="233" VPOS="509" WIDTH="46" HEIGHT="26" CONTENT="No" WC="1.00" CC="00"/>
						<SP ID="P274_SP00062" HPOS="279" VPOS="542" WIDTH="20"/>
						<String ID="P274_ST00074" HPOS="299" VPOS="508" WIDTH="68" HEIGHT="34" CONTENT="joke" WC="0.95" CC="0010"/>
						<SP ID="P274_SP00063" HPOS="367" VPOS="542" WIDTH="23"/>
						<String ID="P274_ST00075" HPOS="390" VPOS="509" WIDTH="42" HEIGHT="25" CONTENT="for" WC="1.00" CC="000"/>
						<SP ID="P274_SP00064" HPOS="432" VPOS="542" WIDTH="25"/>
						<String ID="P274_ST00076" HPOS="457" VPOS="508" WIDTH="116" HEIGHT="27" CONTENT="Colonel" WC="0.99" CC="0000000"/>
						<SP ID="P274_SP00065" HPOS="573" VPOS="542" WIDTH="22"/>
						<String ID="P274_ST00077" HPOS="595" VPOS="508" WIDTH="40" HEIGHT="32" CONTENT="T," WC="0.46" CC="90"/>
						<SP ID="P274_SP00066" HPOS="635" VPOS="542" WIDTH="21"/>
						<String ID="P274_ST00078" HPOS="656" VPOS="517" WIDTH="31" HEIGHT="17" CONTENT="as" WC="1.00" CC="00"/>
						<SP ID="P274_SP00067" HPOS="687" VPOS="542" WIDTH="13"/>
						<String ID="P274_ST00079" HPOS="700" VPOS="508" WIDTH="42" HEIGHT="26" CONTENT="his" WC="0.74" CC="150"/>
						<SP ID="P274_SP00068" HPOS="742" VPOS="542" WIDTH="20"/>
						<String ID="P274_ST00080" HPOS="762" VPOS="508" WIDTH="57" HEIGHT="26" CONTENT="fees" WC="1.00" CC="0000"/>
						<SP ID="P274_SP00069" HPOS="819" VPOS="542" WIDTH="23"/>
						<String ID="P274_ST00081" HPOS="842" VPOS="516" WIDTH="71" HEIGHT="17" CONTENT="were" WC="1.00" CC="0000"/>
						<SP ID="P274_SP00070" HPOS="913" VPOS="542" WIDTH="26"/>
						<String ID="P274_ST00082" HPOS="939" VPOS="514" WIDTH="10" HEIGHT="19" CONTENT="I" WC="0.56" CC="4"/>
						<SP ID="P274_SP00071" HPOS="949" VPOS="542" WIDTH="25"/>
						<String ID="P274_ST00083" HPOS="974" VPOS="507" WIDTH="67" HEIGHT="34" CONTENT="gold" WC="0.75" CC="9000"/>
					</TextLine>
					<TextLine ID="P274_TL00011" HPOS="110" VPOS="554" WIDTH="932" HEIGHT="36">
						<String ID="P274_ST00084" HPOS="110" VPOS="556" WIDTH="100" HEIGHT="25" CONTENT="mohur" WC="0.76" CC="70400"/>
						<SP ID="P274_SP00072" HPOS="210" VPOS="581" WIDTH="8"/>
						<String ID="P274_ST00085" HPOS="218" VPOS="563" WIDTH="81" HEIGHT="26" CONTENT="=32J." WC="0.87" CC="00041"/>
						<SP ID="P274_SP00073" HPOS="299" VPOS="589" WIDTH="23"/>
						<String ID="P274_ST00086" HPOS="322" VPOS="565" WIDTH="16" HEIGHT="16" CONTENT="a" WC="1.00" CC="0"/>
						<SP ID="P274_SP00074" HPOS="338" VPOS="589" WIDTH="21"/>
						<String ID="P274_ST00087" HPOS="359" VPOS="557" WIDTH="70" HEIGHT="24" CONTENT="visit." WC="0.69" CC="640501"/>
						<SP ID="P274_SP00075" HPOS="429" VPOS="589" WIDTH="40"/>
						<String ID="P274_ST00088" HPOS="469" VPOS="556" WIDTH="62" HEIGHT="25" CONTENT="The" WC="0.88" CC="030"/>
						<SP ID="P274_SP00076" HPOS="531" VPOS="589" WIDTH="23"/>
						<String ID="P274_ST00089" HPOS="554" VPOS="556" WIDTH="115" HEIGHT="34" CONTENT="donkey" WC="0.94" CC="003000"/>
						<SP ID="P274_SP00077" HPOS="669" VPOS="590" WIDTH="14"/>
						<String ID="P274_ST00090" HPOS="683" VPOS="560" WIDTH="28" HEIGHT="21" CONTENT="at" WC="1.00" CC="00"/>
						<SP ID="P274_SP00078" HPOS="711" VPOS="590" WIDTH="15"/>
						<String ID="P274_ST00091" HPOS="726" VPOS="555" WIDTH="59" HEIGHT="25" CONTENT="first" WC="0.80" CC="22005"/>
						<SP ID="P274_SP00079" HPOS="785" VPOS="590" WIDTH="23"/>
						<String ID="P274_ST00092" HPOS="808" VPOS="554" WIDTH="155" HEIGHT="32" CONTENT="recovered," WC="0.96" CC="0000300000"/>
						<SP ID="P274_SP00080" HPOS="963" VPOS="590" WIDTH="23"/>
						<String ID="P274_ST00093" HPOS="986" VPOS="555" WIDTH="56" HEIGHT="25" CONTENT="and" WC="1.00" CC="000"/>
					</TextLine>
					<TextLine ID="P274_TL00012" HPOS="109" VPOS="602" WIDTH="933" HEIGHT="27">
						<String ID="P274_ST00094" HPOS="109" VPOS="603" WIDTH="79" HEIGHT="26" CONTENT="when" WC="0.75" CC="5201"/>
						<SP ID="P274_SP00081" HPOS="188" VPOS="629" WIDTH="24"/>
						<String ID="P274_ST00095" HPOS="212" VPOS="603" WIDTH="12" HEIGHT="26" CONTENT="I" WC="1.00" CC="0"/>
						<SP ID="P274_SP00082" HPOS="224" VPOS="629" WIDTH="24"/>
						<String ID="P274_ST00096" HPOS="248" VPOS="607" WIDTH="71" HEIGHT="22" CONTENT="next" WC="0.89" CC="4000"/>
						<SP ID="P274_SP00083" HPOS="319" VPOS="629" WIDTH="22"/>
						<String ID="P274_ST00097" HPOS="341" VPOS="612" WIDTH="56" HEIGHT="17" CONTENT="saw" WC="1.00" CC="000"/>
						<SP ID="P274_SP00084" HPOS="397" VPOS="629" WIDTH="23"/>
						<String ID="P274_ST00098" HPOS="420" VPOS="603" WIDTH="64" HEIGHT="26" CONTENT="Mrs." WC="0.96" CC="0001"/>
						<SP ID="P274_SP00085" HPOS="484" VPOS="629" WIDTH="25"/>
						<String ID="P274_ST00099" HPOS="509" VPOS="604" WIDTH="124" HEIGHT="25" CONTENT="Truman" WC="0.99" CC="000000"/>
						<SP ID="P274_SP00086" HPOS="633" VPOS="629" WIDTH="24"/>
						<String ID="P274_ST00100" HPOS="657" VPOS="603" WIDTH="49" HEIGHT="26" CONTENT="she" WC="0.84" CC="040"/>
						<SP ID="P274_SP00087" HPOS="706" VPOS="629" WIDTH="23"/>
						<String ID="P274_ST00101" HPOS="729" VPOS="602" WIDTH="60" HEIGHT="27" CONTENT="told" WC="0.94" CC="0020"/>
						<SP ID="P274_SP00088" HPOS="789" VPOS="629" WIDTH="25"/>
						<String ID="P274_ST00102" HPOS="814" VPOS="611" WIDTH="45" HEIGHT="17" CONTENT="me" WC="1.00" CC="00"/>
						<SP ID="P274_SP00089" HPOS="859" VPOS="629" WIDTH="23"/>
						<String ID="P274_ST00103" HPOS="882" VPOS="602" WIDTH="48" HEIGHT="26" CONTENT="the" WC="0.92" CC="020"/>
						<SP ID="P274_SP00090" HPOS="930" VPOS="629" WIDTH="23"/>
						<String ID="P274_ST00104" HPOS="953" VPOS="602" WIDTH="89" HEIGHT="26" CONTENT="whole" WC="0.90" CC="00050"/>
					</TextLine>
					<TextLine ID="P274_TL00013" HPOS="109" VPOS="650" WIDTH="933" HEIGHT="34">
						<String ID="P274_ST00105" HPOS="109" VPOS="655" WIDTH="84" HEIGHT="29" CONTENT="story," WC="0.95" CC="000003"/>
						<SP ID="P274_SP00091" HPOS="193" VPOS="684" WIDTH="15"/>
						<String ID="P274_ST00106" HPOS="208" VPOS="651" WIDTH="90" HEIGHT="25" CONTENT="which" WC="0.89" CC="00004"/>
						<SP ID="P274_SP00092" HPOS="298" VPOS="684" WIDTH="15"/>
						<String ID="P274_ST00107" HPOS="313" VPOS="651" WIDTH="31" HEIGHT="25" CONTENT="of" WC="1.00" CC="00"/>
						<SP ID="P274_SP00093" HPOS="344" VPOS="684" WIDTH="19"/>
						<String ID="P274_ST00108" HPOS="363" VPOS="659" WIDTH="96" HEIGHT="17" CONTENT="course" WC="0.90" CC="131000"/>
						<SP ID="P274_SP00094" HPOS="459" VPOS="684" WIDTH="15"/>
						<String ID="P274_ST00109" HPOS="474" VPOS="651" WIDTH="12" HEIGHT="24" CONTENT="I" WC="1.00" CC="0"/>
						<SP ID="P274_SP00095" HPOS="486" VPOS="684" WIDTH="24"/>
						<String ID="P274_ST00110" HPOS="510" VPOS="651" WIDTH="57" HEIGHT="25" CONTENT="had" WC="0.84" CC="400"/>
						<SP ID="P274_SP00096" HPOS="567" VPOS="684" WIDTH="23"/>
						<String ID="P274_ST00111" HPOS="590" VPOS="651" WIDTH="86" HEIGHT="25" CONTENT="heard" WC="1.00" CC="00000"/>
						<SP ID="P274_SP00097" HPOS="676" VPOS="684" WIDTH="24"/>
						<String ID="P274_ST00112" HPOS="700" VPOS="650" WIDTH="101" HEIGHT="32" CONTENT="before," WC="0.92" CC="0040001"/>
						<SP ID="P274_SP00098" HPOS="801" VPOS="684" WIDTH="15"/>
						<String ID="P274_ST00113" HPOS="816" VPOS="651" WIDTH="55" HEIGHT="24" CONTENT="and" WC="0.78" CC="060"/>
						<SP ID="P274_SP00099" HPOS="871" VPOS="684" WIDTH="22"/>
						<String ID="P274_ST00114" HPOS="893" VPOS="650" WIDTH="91" HEIGHT="25" CONTENT="ended" WC="0.97" CC="01000"/>
						<SP ID="P274_SP00100" HPOS="984" VPOS="684" WIDTH="21"/>
						<String ID="P274_ST00115" HPOS="1005" VPOS="658" WIDTH="37" HEIGHT="26" CONTENT="up" WC="1.00" CC="00"/>
					</TextLine>
					<TextLine ID="P274_TL00014" HPOS="109" VPOS="697" WIDTH="933" HEIGHT="34">
						<String ID="P274_ST00116" HPOS="109" VPOS="698" WIDTH="140" HEIGHT="33" CONTENT="piteously" WC="0.92" CC="000000050"/>
						<SP ID="P274_SP00101" HPOS="249" VPOS="731" WIDTH="14"/>
						<String ID="P274_ST00117" HPOS="263" VPOS="698" WIDTH="72" HEIGHT="31" CONTENT="with," WC="0.87" CC="05001"/>
						<SP ID="P274_SP00102" HPOS="335" VPOS="731" WIDTH="19"/>
						<String ID="P274_ST00118" HPOS="354" VPOS="700" WIDTH="14" HEIGHT="10" CONTENT='"' WC="1.00" CC="0"/>
						<SP ID="P274_SP00103" HPOS="368" VPOS="731" WIDTH="11"/>
						<String ID="P274_ST00119" HPOS="379" VPOS="698" WIDTH="55" HEIGHT="25" CONTENT="But" WC="0.28" CC="669"/>
						<SP ID="P274_SP00104" HPOS="434" VPOS="731" WIDTH="13"/>
						<String ID="P274_ST00120" HPOS="447" VPOS="698" WIDTH="75" HEIGHT="25" CONTENT="what" WC="1.00" CC="0000"/>
						<SP ID="P274_SP00105" HPOS="522" VPOS="731" WIDTH="13"/>
						<String ID="P274_ST00121" HPOS="535" VPOS="707" WIDTH="46" HEIGHT="16" CONTENT="am" WC="0.69" CC="06"/>
						<SP ID="P274_SP00106" HPOS="581" VPOS="731" WIDTH="22"/>
						<String ID="P274_ST00122" HPOS="603" VPOS="698" WIDTH="12" HEIGHT="25" CONTENT="I" WC="1.00" CC="0"/>
						<SP ID="P274_SP00107" HPOS="615" VPOS="731" WIDTH="21"/>
						<String ID="P274_ST00123" HPOS="636" VPOS="702" WIDTH="30" HEIGHT="21" CONTENT="to" WC="0.58" CC="80"/>
						<SP ID="P274_SP00108" HPOS="666" VPOS="731" WIDTH="14"/>
						<String ID="P274_ST00124" HPOS="680" VPOS="698" WIDTH="36" HEIGHT="25" CONTENT="do" WC="1.00" CC="00"/>
						<SP ID="P274_SP00109" HPOS="716" VPOS="731" WIDTH="14"/>
						<String ID="P274_ST00125" HPOS="730" VPOS="697" WIDTH="67" HEIGHT="26" CONTENT="with" WC="0.70" CC="8003"/>
						<SP ID="P274_SP00110" HPOS="797" VPOS="731" WIDTH="19"/>
						<String ID="P274_ST00126" HPOS="816" VPOS="707" WIDTH="16" HEIGHT="16" CONTENT="a" WC="1.00" CC="0"/>
						<SP ID="P274_SP00111" HPOS="832" VPOS="731" WIDTH="15"/>
						<String ID="P274_ST00127" HPOS="847" VPOS="697" WIDTH="115" HEIGHT="33" CONTENT="donkey" WC="0.92" CC="004000"/>
						<SP ID="P274_SP00112" HPOS="962" VPOS="731" WIDTH="13"/>
						<String ID="P274_ST00128" HPOS="975" VPOS="697" WIDTH="67" HEIGHT="26" CONTENT="with" WC="0.76" CC="0504"/>
					</TextLine>
					<TextLine ID="P274_TL00015" HPOS="109" VPOS="745" WIDTH="933" HEIGHT="34">
						<String ID="P274_ST00129" HPOS="109" VPOS="745" WIDTH="78" HEIGHT="25" CONTENT="three" WC="0.99" CC="00000"/>
						<SP ID="P274_SP00113" HPOS="187" VPOS="770" WIDTH="15"/>
						<String ID="P274_ST00130" HPOS="202" VPOS="745" WIDTH="58" HEIGHT="34" CONTENT="legs" WC="1.00" CC="0000"/>
						<SP ID="P274_SP00114" HPOS="260" VPOS="779" WIDTH="10"/>
						<String ID="P274_ST00131" HPOS="270" VPOS="745" WIDTH="10" HEIGHT="25" CONTENT="?" WC="1.00" CC="0"/>
						<String ID="P274_ST00132" HPOS="289" VPOS="745" WIDTH="13" HEIGHT="10" CONTENT='"' WC="1.00" CC="0"/>
						<SP ID="P274_SP00115" HPOS="302" VPOS="779" WIDTH="40"/>
						<String ID="P274_ST00133" HPOS="342" VPOS="745" WIDTH="85" HEIGHT="26" CONTENT="Some" WC="1.00" CC="0000"/>
						<SP ID="P274_SP00116" HPOS="427" VPOS="779" WIDTH="14"/>
						<String ID="P274_ST00134" HPOS="441" VPOS="745" WIDTH="71" HEIGHT="34" CONTENT="days" WC="1.00" CC="0000"/>
						<SP ID="P274_SP00117" HPOS="512" VPOS="779" WIDTH="14"/>
						<String ID="P274_ST00135" HPOS="526" VPOS="745" WIDTH="161" HEIGHT="26" CONTENT="afterwards" WC="1.00" CC="0000000000"/>
						<SP ID="P274_SP00118" HPOS="687" VPOS="779" WIDTH="15"/>
						<String ID="P274_ST00136" HPOS="702" VPOS="745" WIDTH="12" HEIGHT="25" CONTENT="I" WC="1.00" CC="0"/>
						<SP ID="P274_SP00119" HPOS="714" VPOS="779" WIDTH="17"/>
						<String ID="P274_ST00137" HPOS="731" VPOS="749" WIDTH="57" HEIGHT="21" CONTENT="met" WC="0.69" CC="009"/>
						<SP ID="P274_SP00120" HPOS="788" VPOS="779" WIDTH="18"/>
						<String ID="P274_ST00138" HPOS="806" VPOS="745" WIDTH="118" HEIGHT="26" CONTENT="Colonel" WC="1.00" CC="0000000"/>
						<SP ID="P274_SP00121" HPOS="924" VPOS="779" WIDTH="15"/>
						<String ID="P274_ST00139" HPOS="939" VPOS="745" WIDTH="31" HEIGHT="25" CONTENT="T." WC="1.00" CC="00"/>
						<SP ID="P274_SP00122" HPOS="970" VPOS="779" WIDTH="16"/>
						<String ID="P274_ST00140" HPOS="986" VPOS="745" WIDTH="56" HEIGHT="25" CONTENT="and" WC="1.00" CC="000"/>
					</TextLine>
					<TextLine ID="P274_TL00016" HPOS="109" VPOS="792" WIDTH="933" HEIGHT="34">
						<String ID="P274_ST00141" HPOS="109" VPOS="792" WIDTH="86" HEIGHT="25" CONTENT="asked" WC="0.92" CC="03000"/>
						<SP ID="P274_SP00123" HPOS="195" VPOS="817" WIDTH="15"/>
						<String ID="P274_ST00142" HPOS="210" VPOS="792" WIDTH="58" HEIGHT="25" CONTENT="him" WC="0.92" CC="020"/>
						<SP ID="P274_SP00124" HPOS="268" VPOS="817" WIDTH="23"/>
						<String ID="P274_ST00143" HPOS="291" VPOS="792" WIDTH="62" HEIGHT="25" CONTENT="how" WC="1.00" CC="000"/>
						<SP ID="P274_SP00125" HPOS="353" VPOS="817" WIDTH="14"/>
						<String ID="P274_ST00144" HPOS="367" VPOS="792" WIDTH="47" HEIGHT="25" CONTENT="the" WC="0.76" CC="070"/>
						<SP ID="P274_SP00126" HPOS="414" VPOS="817" WIDTH="21"/>
						<String ID="P274_ST00145" HPOS="435" VPOS="792" WIDTH="115" HEIGHT="34" CONTENT="donkey" WC="0.97" CC="000100"/>
						<SP ID="P274_SP00127" HPOS="550" VPOS="826" WIDTH="12"/>
						<String ID="P274_ST00146" HPOS="562" VPOS="801" WIDTH="63" HEIGHT="17" CONTENT="was." WC="1.00" CC="0000"/>
						<SP ID="P274_SP00128" HPOS="625" VPOS="826" WIDTH="41"/>
						<String ID="P274_ST00147" HPOS="666" VPOS="794" WIDTH="13" HEIGHT="11" CONTENT='"' WC="0.77" CC="2"/>
						<SP ID="P274_SP00129" HPOS="679" VPOS="826" WIDTH="12"/>
						<String ID="P274_ST00148" HPOS="691" VPOS="792" WIDTH="27" HEIGHT="25" CONTENT="It" WC="1.00" CC="00"/>
						<SP ID="P274_SP00130" HPOS="718" VPOS="826" WIDTH="22"/>
						<String ID="P274_ST00149" HPOS="740" VPOS="792" WIDTH="51" HEIGHT="25" CONTENT="has" WC="0.90" CC="200"/>
						<SP ID="P274_SP00131" HPOS="791" VPOS="826" WIDTH="21"/>
						<String ID="P274_ST00150" HPOS="812" VPOS="792" WIDTH="114" HEIGHT="34" CONTENT="pleased" WC="0.95" CC="0300000"/>
						<SP ID="P274_SP00132" HPOS="926" VPOS="826" WIDTH="22"/>
						<String ID="P274_ST00151" HPOS="948" VPOS="792" WIDTH="94" HEIGHT="25" CONTENT="Provi" SUBS_TYPE="HypPart1" SUBS_CONTENT="Providence" WC="0.59" CC="702860"/>
						<HYP CONTENT="-"/>
					</TextLine>
					<TextLine ID="P274_TL00017" HPOS="109" VPOS="839" WIDTH="933" HEIGHT="34">
						<String ID="P274_ST00152" HPOS="109" VPOS="839" WIDTH="88" HEIGHT="26" CONTENT="dence" SUBS_TYPE="HypPart2" SUBS_CONTENT="Providence" WC="1.00" CC="00000"/>
						<SP ID="P274_SP00133" HPOS="197" VPOS="865" WIDTH="14"/>
						<String ID="P274_ST00153" HPOS="211" VPOS="843" WIDTH="30" HEIGHT="22" CONTENT="to" WC="0.98" CC="00"/>
						<SP ID="P274_SP00134" HPOS="241" VPOS="865" WIDTH="13"/>
						<String ID="P274_ST00154" HPOS="254" VPOS="839" WIDTH="66" HEIGHT="26" CONTENT="take" WC="1.00" CC="0000"/>
						<SP ID="P274_SP00135" HPOS="320" VPOS="865" WIDTH="15"/>
						<String ID="P274_ST00155" HPOS="335" VPOS="839" WIDTH="43" HEIGHT="32" CONTENT='it,"' WC="0.68" CC="4025"/>
						<SP ID="P274_SP00136" HPOS="378" VPOS="871" WIDTH="15"/>
						<String ID="P274_ST00156" HPOS="393" VPOS="839" WIDTH="35" HEIGHT="26" CONTENT="he" WC="1.00" CC="00"/>
						<SP ID="P274_SP00137" HPOS="428" VPOS="871" WIDTH="14"/>
						<String ID="P274_ST00157" HPOS="442" VPOS="839" WIDTH="135" HEIGHT="34" CONTENT="growled;" WC="1.00" CC="00000000"/>
						<SP ID="P274_SP00138" HPOS="577" VPOS="873" WIDTH="16"/>
						<String ID="P274_ST00158" HPOS="593" VPOS="840" WIDTH="68" HEIGHT="26" CONTENT='"but' WC="0.77" CC="2060"/>
						<SP ID="P274_SP00139" HPOS="661" VPOS="873" WIDTH="16"/>
						<String ID="P274_ST00159" HPOS="677" VPOS="839" WIDTH="12" HEIGHT="26" CONTENT="I" WC="1.00" CC="0"/>
						<SP ID="P274_SP00140" HPOS="689" VPOS="873" WIDTH="16"/>
						<String ID="P274_ST00160" HPOS="705" VPOS="839" WIDTH="77" HEIGHT="26" CONTENT="don't" WC="0.89" CC="00005"/>
						<SP ID="P274_SP00141" HPOS="782" VPOS="873" WIDTH="14"/>
						<String ID="P274_ST00161" HPOS="796" VPOS="839" WIDTH="82" HEIGHT="26" CONTENT="know" WC="0.95" CC="0200"/>
						<SP ID="P274_SP00142" HPOS="878" VPOS="873" WIDTH="14"/>
						<String ID="P274_ST00162" HPOS="892" VPOS="839" WIDTH="61" HEIGHT="26" CONTENT="that" WC="0.97" CC="0100"/>
						<SP ID="P274_SP00143" HPOS="953" VPOS="873" WIDTH="17"/>
						<String ID="P274_ST00163" HPOS="970" VPOS="839" WIDTH="11" HEIGHT="25" CONTENT="I" WC="1.00" CC="0"/>
						<SP ID="P274_SP00144" HPOS="981" VPOS="873" WIDTH="16"/>
						<String ID="P274_ST00164" HPOS="997" VPOS="848" WIDTH="45" HEIGHT="17" CONTENT="am" WC="1.00" CC="00"/>
					</TextLine>
					<TextLine ID="P274_TL00018" HPOS="109" VPOS="886" WIDTH="933" HEIGHT="34">
						<String ID="P274_ST00165" HPOS="109" VPOS="895" WIDTH="56" HEIGHT="25" CONTENT="any" WC="0.86" CC="040"/>
						<SP ID="P274_SP00145" HPOS="165" VPOS="920" WIDTH="14"/>
						<String ID="P274_ST00166" HPOS="179" VPOS="887" WIDTH="90" HEIGHT="25" CONTENT="better" WC="0.96" CC="000002"/>
						<SP ID="P274_SP00146" HPOS="269" VPOS="920" WIDTH="14"/>
						<String ID="P274_ST00167" HPOS="283" VPOS="887" WIDTH="45" HEIGHT="31" CONTENT="off," WC="0.97" CC="0000"/>
						<SP ID="P274_SP00147" HPOS="328" VPOS="920" WIDTH="15"/>
						<String ID="P274_ST00168" HPOS="343" VPOS="887" WIDTH="42" HEIGHT="25" CONTENT="for" WC="0.93" CC="002"/>
						<SP ID="P274_SP00148" HPOS="385" VPOS="920" WIDTH="13"/>
						<String ID="P274_ST00169" HPOS="398" VPOS="895" WIDTH="63" HEIGHT="17" CONTENT="now" WC="1.00" CC="000"/>
						<SP ID="P274_SP00149" HPOS="461" VPOS="920" WIDTH="14"/>
						<String ID="P274_ST00170" HPOS="475" VPOS="887" WIDTH="77" HEIGHT="25" CONTENT="there" WC="0.92" CC="04000"/>
						<SP ID="P274_SP00150" HPOS="552" VPOS="920" WIDTH="14"/>
						<String ID="P274_ST00171" HPOS="566" VPOS="887" WIDTH="51" HEIGHT="25" CONTENT="has" WC="0.79" CC="600"/>
						<SP ID="P274_SP00151" HPOS="617" VPOS="920" WIDTH="20"/>
						<String ID="P274_ST00172" HPOS="637" VPOS="896" WIDTH="79" HEIGHT="17" CONTENT="come" WC="1.00" CC="0000"/>
						<SP ID="P274_SP00152" HPOS="716" VPOS="920" WIDTH="23"/>
						<String ID="P274_ST00173" HPOS="739" VPOS="896" WIDTH="16" HEIGHT="16" CONTENT="a" WC="1.00" CC="0"/>
						<SP ID="P274_SP00153" HPOS="755" VPOS="920" WIDTH="24"/>
						<String ID="P274_ST00174" HPOS="779" VPOS="895" WIDTH="59" HEIGHT="18" CONTENT="cow" WC="1.00" CC="000"/>
						<SP ID="P274_SP00154" HPOS="838" VPOS="920" WIDTH="13"/>
						<String ID="P274_ST00175" HPOS="851" VPOS="886" WIDTH="67" HEIGHT="26" CONTENT="with" WC="0.73" CC="0604"/>
						<SP ID="P274_SP00155" HPOS="918" VPOS="920" WIDTH="20"/>
						<String ID="P274_ST00176" HPOS="938" VPOS="887" WIDTH="35" HEIGHT="25" CONTENT="its" WC="1.00" CC="000"/>
						<SP ID="P274_SP00156" HPOS="973" VPOS="920" WIDTH="20"/>
						<String ID="P274_ST00177" HPOS="993" VPOS="887" WIDTH="49" HEIGHT="25" CONTENT="tail" WC="0.42" CC="9067"/>
					</TextLine>
					<TextLine ID="P274_TL00019" HPOS="108" VPOS="933" WIDTH="186" HEIGHT="26">
						<String ID="P274_ST00178" HPOS="108" VPOS="934" WIDTH="110" HEIGHT="25" CONTENT="twisted" WC="0.93" CC="0040000"/>
						<SP ID="P274_SP00157" HPOS="218" VPOS="959" WIDTH="15"/>
						<String ID="P274_ST00179" HPOS="233" VPOS="933" WIDTH="61" HEIGHT="26" CONTENT='off."' WC="0.83" CC="20006"/>
					</TextLine>
				</TextBlock>
				<TextBlock ID="P274_TB00005" HPOS="108" VPOS="981" WIDTH="935" HEIGHT="271" STYLEREFS="TXT_1 PAR_LEFT">
					<TextLine ID="P274_TL00020" HPOS="147" VPOS="981" WIDTH="896" HEIGHT="35">
						<String ID="P274_ST00180" HPOS="147" VPOS="981" WIDTH="42" HEIGHT="25" CONTENT="To" WC="1.00" CC="00"/>
						<SP ID="P274_SP00158" HPOS="189" VPOS="1006" WIDTH="10"/>
						<String ID="P274_ST00181" HPOS="199" VPOS="981" WIDTH="37" HEIGHT="25" CONTENT="all" WC="0.96" CC="001"/>
						<SP ID="P274_SP00159" HPOS="236" VPOS="1006" WIDTH="10"/>
						<String ID="P274_ST00182" HPOS="246" VPOS="990" WIDTH="48" HEIGHT="25" CONTENT="my" WC="1.00" CC="00"/>
						<SP ID="P274_SP00160" HPOS="294" VPOS="1015" WIDTH="13"/>
						<String ID="P274_ST00183" HPOS="307" VPOS="982" WIDTH="131" HEIGHT="34" CONTENT="ordinary" WC="0.93" CC="00050000"/>
						<SP ID="P274_SP00161" HPOS="438" VPOS="1016" WIDTH="13"/>
						<String ID="P274_ST00184" HPOS="451" VPOS="982" WIDTH="77" HEIGHT="25" CONTENT="work" WC="0.97" CC="0010"/>
						<SP ID="P274_SP00162" HPOS="528" VPOS="1016" WIDTH="13"/>
						<String ID="P274_ST00185" HPOS="541" VPOS="990" WIDTH="56" HEIGHT="17" CONTENT="was" WC="1.00" CC="000"/>
						<SP ID="P274_SP00163" HPOS="597" VPOS="1016" WIDTH="11"/>
						<String ID="P274_ST00186" HPOS="608" VPOS="990" WIDTH="63" HEIGHT="17" CONTENT="now" WC="1.00" CC="000"/>
						<SP ID="P274_SP00164" HPOS="671" VPOS="1016" WIDTH="13"/>
						<String ID="P274_ST00187" HPOS="684" VPOS="982" WIDTH="176" HEIGHT="34" CONTENT="superadded" WC="0.96" CC="0300000000"/>
						<SP ID="P274_SP00165" HPOS="860" VPOS="1016" WIDTH="11"/>
						<String ID="P274_ST00188" HPOS="871" VPOS="982" WIDTH="48" HEIGHT="25" CONTENT="the" WC="0.98" CC="000"/>
						<SP ID="P274_SP00166" HPOS="919" VPOS="1016" WIDTH="10"/>
						<String ID="P274_ST00189" HPOS="929" VPOS="981" WIDTH="114" HEIGHT="33" CONTENT="Census," WC="0.95" CC="0000002"/>
					</TextLine>
					<TextLine ID="P274_TL00021" HPOS="109" VPOS="1028" WIDTH="934" HEIGHT="35">
						<String ID="P274_ST00190" HPOS="109" VPOS="1028" WIDTH="97" HEIGHT="32" CONTENT="which," WC="1.00" CC="000000"/>
						<SP ID="P274_SP00167" HPOS="206" VPOS="1060" WIDTH="24"/>
						<String ID="P274_ST00191" HPOS="230" VPOS="1028" WIDTH="72" HEIGHT="27" CONTENT="after" WC="0.92" CC="00004"/>
						<SP ID="P274_SP00168" HPOS="302" VPOS="1060" WIDTH="22"/>
						<String ID="P274_ST00192" HPOS="324" VPOS="1038" WIDTH="87" HEIGHT="25" CONTENT="many" WC="1.00" CC="0000"/>
						<SP ID="P274_SP00169" HPOS="411" VPOS="1063" WIDTH="19"/>
						<String ID="P274_ST00193" HPOS="430" VPOS="1029" WIDTH="115" HEIGHT="31" CONTENT="threats," WC="0.95" CC="00000004"/>
						<SP ID="P274_SP00170" HPOS="545" VPOS="1063" WIDTH="22"/>
						<String ID="P274_ST00194" HPOS="567" VPOS="1029" WIDTH="22" HEIGHT="26" CONTENT="it" WC="0.71" CC="50"/>
						<SP ID="P274_SP00171" HPOS="589" VPOS="1063" WIDTH="22"/>
						<String ID="P274_ST00195" HPOS="611" VPOS="1038" WIDTH="56" HEIGHT="17" CONTENT="was" WC="1.00" CC="000"/>
						<SP ID="P274_SP00172" HPOS="667" VPOS="1063" WIDTH="20"/>
						<String ID="P274_ST00196" HPOS="687" VPOS="1029" WIDTH="98" HEIGHT="33" CONTENT="finally" WC="0.94" CC="0000040"/>
						<SP ID="P274_SP00173" HPOS="785" VPOS="1063" WIDTH="21"/>
						<String ID="P274_ST00197" HPOS="806" VPOS="1029" WIDTH="118" HEIGHT="26" CONTENT="decided" WC="1.00" CC="0000000"/>
						<SP ID="P274_SP00174" HPOS="924" VPOS="1063" WIDTH="19"/>
						<String ID="P274_ST00198" HPOS="943" VPOS="1029" WIDTH="100" HEIGHT="26" CONTENT="should" WC="0.88" CC="010050"/>
					</TextLine>
					<TextLine ID="P274_TL00022" HPOS="109" VPOS="1076" WIDTH="933" HEIGHT="34">
						<String ID="P274_ST00199" HPOS="109" VPOS="1084" WIDTH="62" HEIGHT="17" CONTENT="now" WC="1.00" CC="000"/>
						<SP ID="P274_SP00175" HPOS="171" VPOS="1101" WIDTH="14"/>
						<String ID="P274_ST00200" HPOS="185" VPOS="1077" WIDTH="34" HEIGHT="24" CONTENT="be" WC="1.00" CC="00"/>
						<SP ID="P274_SP00176" HPOS="219" VPOS="1101" WIDTH="14"/>
						<String ID="P274_ST00201" HPOS="233" VPOS="1076" WIDTH="86" HEIGHT="25" CONTENT="taken" WC="0.89" CC="00005"/>
						<SP ID="P274_SP00177" HPOS="319" VPOS="1101" WIDTH="13"/>
						<String ID="P274_ST00202" HPOS="332" VPOS="1077" WIDTH="47" HEIGHT="25" CONTENT="the" WC="1.00" CC="000"/>
						<SP ID="P274_SP00178" HPOS="379" VPOS="1102" WIDTH="16"/>
						<String ID="P274_ST00203" HPOS="395" VPOS="1077" WIDTH="140" HEIGHT="33" CONTENT="following" WC="0.88" CC="006000400"/>
						<SP ID="P274_SP00179" HPOS="535" VPOS="1110" WIDTH="14"/>
						<String ID="P274_ST00204" HPOS="549" VPOS="1077" WIDTH="62" HEIGHT="25" CONTENT="cold" WC="1.00" CC="0000"/>
						<SP ID="P274_SP00180" HPOS="611" VPOS="1110" WIDTH="15"/>
						<String ID="P274_ST00205" HPOS="626" VPOS="1085" WIDTH="106" HEIGHT="17" CONTENT="season." WC="0.96" CC="0000200"/>
						<SP ID="P274_SP00181" HPOS="732" VPOS="1110" WIDTH="34"/>
						<String ID="P274_ST00206" HPOS="766" VPOS="1077" WIDTH="33" HEIGHT="25" CONTENT="In" WC="0.78" CC="04"/>
						<SP ID="P274_SP00182" HPOS="799" VPOS="1110" WIDTH="16"/>
						<String ID="P274_ST00207" HPOS="815" VPOS="1081" WIDTH="73" HEIGHT="21" CONTENT="most" WC="1.00" CC="0000"/>
						<SP ID="P274_SP00183" HPOS="888" VPOS="1110" WIDTH="14"/>
						<String ID="P274_ST00208" HPOS="902" VPOS="1077" WIDTH="140" HEIGHT="26" CONTENT="countries" WC="0.92" CC="000000600"/>
					</TextLine>
					<TextLine ID="P274_TL00023" HPOS="110" VPOS="1122" WIDTH="933" HEIGHT="36">
						<String ID="P274_ST00209" HPOS="110" VPOS="1122" WIDTH="90" HEIGHT="26" CONTENT="where" WC="1.00" CC="00000"/>
						<SP ID="P274_SP00184" HPOS="200" VPOS="1148" WIDTH="14"/>
						<String ID="P274_ST00210" HPOS="214" VPOS="1123" WIDTH="67" HEIGHT="25" CONTENT="such" WC="1.00" CC="0000"/>
						<SP ID="P274_SP00185" HPOS="281" VPOS="1148" WIDTH="16"/>
						<String ID="P274_ST00211" HPOS="297" VPOS="1124" WIDTH="160" HEIGHT="33" CONTENT="operations" WC="0.95" CC="0000005000"/>
						<SP ID="P274_SP00186" HPOS="457" VPOS="1157" WIDTH="22"/>
						<String ID="P274_ST00212" HPOS="479" VPOS="1124" WIDTH="72" HEIGHT="25" CONTENT="have" WC="1.00" CC="0000"/>
						<SP ID="P274_SP00187" HPOS="551" VPOS="1157" WIDTH="23"/>
						<String ID="P274_ST00213" HPOS="574" VPOS="1124" WIDTH="70" HEIGHT="25" CONTENT="been" WC="1.00" CC="0000"/>
						<SP ID="P274_SP00188" HPOS="644" VPOS="1157" WIDTH="24"/>
						<String ID="P274_ST00214" HPOS="668" VPOS="1124" WIDTH="167" HEIGHT="34" CONTENT="performed," WC="0.97" CC="0002000000"/>
						<SP ID="P274_SP00189" HPOS="835" VPOS="1158" WIDTH="16"/>
						<String ID="P274_ST00215" HPOS="851" VPOS="1125" WIDTH="20" HEIGHT="24" CONTENT="it" WC="1.00" CC="00"/>
						<SP ID="P274_SP00190" HPOS="871" VPOS="1158" WIDTH="22"/>
						<String ID="P274_ST00216" HPOS="893" VPOS="1125" WIDTH="23" HEIGHT="24" CONTENT="is" WC="0.76" CC="40"/>
						<SP ID="P274_SP00191" HPOS="916" VPOS="1158" WIDTH="21"/>
						<String ID="P274_ST00217" HPOS="937" VPOS="1125" WIDTH="106" HEIGHT="33" CONTENT="merely" WC="0.97" CC="001000"/>
					</TextLine>
					<TextLine ID="P274_TL00024" HPOS="110" VPOS="1171" WIDTH="933" HEIGHT="33">
						<String ID="P274_ST00218" HPOS="110" VPOS="1179" WIDTH="16" HEIGHT="16" CONTENT="a" WC="0.30" CC="6"/>
						<SP ID="P274_SP00192" HPOS="126" VPOS="1195" WIDTH="14"/>
						<String ID="P274_ST00219" HPOS="140" VPOS="1171" WIDTH="129" HEIGHT="33" CONTENT="question" WC="0.90" CC="00000007"/>
						<SP ID="P274_SP00193" HPOS="269" VPOS="1204" WIDTH="14"/>
						<String ID="P274_ST00220" HPOS="283" VPOS="1171" WIDTH="31" HEIGHT="25" CONTENT="of" WC="1.00" CC="00"/>
						<SP ID="P274_SP00194" HPOS="314" VPOS="1204" WIDTH="10"/>
						<String ID="P274_ST00221" HPOS="324" VPOS="1171" WIDTH="149" HEIGHT="33" CONTENT="preparing" WC="0.90" CC="000080000"/>
						<SP ID="P274_SP00195" HPOS="473" VPOS="1204" WIDTH="14"/>
						<String ID="P274_ST00222" HPOS="487" VPOS="1171" WIDTH="92" HEIGHT="32" CONTENT="forms," WC="0.97" CC="000001"/>
						<SP ID="P274_SP00196" HPOS="579" VPOS="1204" WIDTH="16"/>
						<String ID="P274_ST00223" HPOS="595" VPOS="1171" WIDTH="110" HEIGHT="33" CONTENT="leaving" WC="0.89" CC="3000400"/>
						<SP ID="P274_SP00197" HPOS="705" VPOS="1204" WIDTH="20"/>
						<String ID="P274_ST00224" HPOS="725" VPOS="1171" WIDTH="77" HEIGHT="26" CONTENT="them" WC="0.91" CC="2100"/>
						<SP ID="P274_SP00198" HPOS="802" VPOS="1204" WIDTH="15"/>
						<String ID="P274_ST00225" HPOS="817" VPOS="1176" WIDTH="29" HEIGHT="21" CONTENT="at" WC="1.00" CC="00"/>
						<SP ID="P274_SP00199" HPOS="846" VPOS="1204" WIDTH="20"/>
						<String ID="P274_ST00226" HPOS="866" VPOS="1171" WIDTH="49" HEIGHT="26" CONTENT="the" WC="0.92" CC="020"/>
						<SP ID="P274_SP00200" HPOS="915" VPOS="1204" WIDTH="19"/>
						<String ID="P274_ST00227" HPOS="934" VPOS="1172" WIDTH="109" HEIGHT="26" CONTENT="various" WC="0.78" CC="7005010"/>
					</TextLine>
					<TextLine ID="P274_TL00025" HPOS="110" VPOS="1218" WIDTH="849" HEIGHT="34">
						<String ID="P274_ST00228" HPOS="110" VPOS="1218" WIDTH="101" HEIGHT="25" CONTENT="houses" WC="0.88" CC="000006"/>
						<SP ID="P274_SP00201" HPOS="211" VPOS="1243" WIDTH="14"/>
						<String ID="P274_ST00229" HPOS="225" VPOS="1221" WIDTH="30" HEIGHT="22" CONTENT="to" WC="0.96" CC="00"/>
						<SP ID="P274_SP00202" HPOS="255" VPOS="1243" WIDTH="14"/>
						<String ID="P274_ST00230" HPOS="269" VPOS="1218" WIDTH="34" HEIGHT="25" CONTENT="be" WC="1.00" CC="00"/>
						<SP ID="P274_SP00203" HPOS="303" VPOS="1243" WIDTH="15"/>
						<String ID="P274_ST00231" HPOS="318" VPOS="1218" WIDTH="75" HEIGHT="25" CONTENT="filled" WC="0.78" CC="224400"/>
						<SP ID="P274_SP00204" HPOS="393" VPOS="1243" WIDTH="15"/>
						<String ID="P274_ST00232" HPOS="408" VPOS="1226" WIDTH="43" HEIGHT="26" CONTENT="up," WC="1.00" CC="000"/>
						<SP ID="P274_SP00205" HPOS="451" VPOS="1252" WIDTH="17"/>
						<String ID="P274_ST00233" HPOS="468" VPOS="1218" WIDTH="54" HEIGHT="25" CONTENT="and" WC="0.76" CC="070"/>
						<SP ID="P274_SP00206" HPOS="522" VPOS="1252" WIDTH="15"/>
						<String ID="P274_ST00234" HPOS="537" VPOS="1218" WIDTH="67" HEIGHT="25" CONTENT="then" WC="0.87" CC="0400"/>
						<SP ID="P274_SP00207" HPOS="604" VPOS="1252" WIDTH="14"/>
						<String ID="P274_ST00235" HPOS="618" VPOS="1218" WIDTH="159" HEIGHT="34" CONTENT="tabulating" WC="0.93" CC="0020400000"/>
						<SP ID="P274_SP00208" HPOS="777" VPOS="1252" WIDTH="15"/>
						<String ID="P274_ST00236" HPOS="792" VPOS="1219" WIDTH="46" HEIGHT="25" CONTENT="the" WC="0.95" CC="010"/>
						<SP ID="P274_SP00209" HPOS="838" VPOS="1252" WIDTH="16"/>
						<String ID="P274_ST00237" HPOS="854" VPOS="1220" WIDTH="105" HEIGHT="25" CONTENT="results." WC="0.96" CC="00030000"/>
					</TextLine>
				</TextBlock>
				<TextBlock ID="P274_TB00006" HPOS="108" VPOS="1264" WIDTH="937" HEIGHT="324" STYLEREFS="TXT_1 PAR_LEFT">
					<TextLine ID="P274_TL00026" HPOS="147" VPOS="1265" WIDTH="897" HEIGHT="34">
						<String ID="P274_ST00238" HPOS="147" VPOS="1265" WIDTH="61" HEIGHT="26" CONTENT="The" WC="0.88" CC="030"/>
						<SP ID="P274_SP00210" HPOS="208" VPOS="1291" WIDTH="15"/>
						<String ID="P274_ST00239" HPOS="223" VPOS="1266" WIDTH="117" HEIGHT="25" CONTENT="number" WC="0.97" CC="100000"/>
						<SP ID="P274_SP00211" HPOS="340" VPOS="1291" WIDTH="14"/>
						<String ID="P274_ST00240" HPOS="354" VPOS="1265" WIDTH="31" HEIGHT="26" CONTENT="of" WC="1.00" CC="00"/>
						<SP ID="P274_SP00212" HPOS="385" VPOS="1291" WIDTH="18"/>
						<String ID="P274_ST00241" HPOS="403" VPOS="1266" WIDTH="101" HEIGHT="33" CONTENT="people" WC="0.94" CC="000030"/>
						<SP ID="P274_SP00213" HPOS="504" VPOS="1299" WIDTH="13"/>
						<String ID="P274_ST00242" HPOS="517" VPOS="1265" WIDTH="62" HEIGHT="26" CONTENT="who" WC="0.98" CC="000"/>
						<SP ID="P274_SP00214" HPOS="579" VPOS="1299" WIDTH="15"/>
						<String ID="P274_ST00243" HPOS="594" VPOS="1274" WIDTH="51" HEIGHT="17" CONTENT="can" WC="1.00" CC="000"/>
						<SP ID="P274_SP00215" HPOS="645" VPOS="1299" WIDTH="16"/>
						<String ID="P274_ST00244" HPOS="661" VPOS="1265" WIDTH="65" HEIGHT="26" CONTENT="read" WC="1.00" CC="0000"/>
						<SP ID="P274_SP00216" HPOS="726" VPOS="1299" WIDTH="15"/>
						<String ID="P274_ST00245" HPOS="741" VPOS="1267" WIDTH="55" HEIGHT="25" CONTENT="and" WC="1.00" CC="000"/>
						<SP ID="P274_SP00217" HPOS="796" VPOS="1299" WIDTH="22"/>
						<String ID="P274_ST00246" HPOS="818" VPOS="1267" WIDTH="78" HEIGHT="25" CONTENT="write" WC="0.74" CC="08400"/>
						<SP ID="P274_SP00218" HPOS="896" VPOS="1299" WIDTH="21"/>
						<String ID="P274_ST00247" HPOS="917" VPOS="1268" WIDTH="28" HEIGHT="24" CONTENT="in" WC="1.00" CC="00"/>
						<SP ID="P274_SP00219" HPOS="945" VPOS="1299" WIDTH="17"/>
						<String ID="P274_ST00248" HPOS="962" VPOS="1267" WIDTH="82" HEIGHT="26" CONTENT="India" WC="0.96" CC="02000"/>
					</TextLine>
					<TextLine ID="P274_TL00027" HPOS="109" VPOS="1313" WIDTH="936" HEIGHT="36">
						<String ID="P274_ST00249" HPOS="109" VPOS="1313" WIDTH="22" HEIGHT="25" CONTENT="is" WC="0.83" CC="30"/>
						<SP ID="P274_SP00220" HPOS="131" VPOS="1338" WIDTH="15"/>
						<String ID="P274_ST00250" HPOS="146" VPOS="1313" WIDTH="239" HEIGHT="34" CONTENT="proportionately" WC="0.95" CC="000000060000000"/>
						<SP ID="P274_SP00221" HPOS="385" VPOS="1347" WIDTH="13"/>
						<String ID="P274_ST00251" HPOS="398" VPOS="1321" WIDTH="68" HEIGHT="25" CONTENT="very" WC="1.00" CC="0000"/>
						<SP ID="P274_SP00222" HPOS="466" VPOS="1347" WIDTH="10"/>
						<String ID="P274_ST00252" HPOS="476" VPOS="1313" WIDTH="81" HEIGHT="25" CONTENT="small" WC="1.00" CC="00000"/>
						<String ID="P274_ST00253" HPOS="569" VPOS="1321" WIDTH="5" HEIGHT="23" CONTENT=";" WC="1.00" CC="0"/>
						<SP ID="P274_SP00223" HPOS="574" VPOS="1347" WIDTH="15"/>
						<String ID="P274_ST00254" HPOS="589" VPOS="1321" WIDTH="52" HEIGHT="25" CONTENT="e.g.," WC="0.92" CC="10002"/>
						<SP ID="P274_SP00224" HPOS="641" VPOS="1347" WIDTH="16"/>
						<String ID="P274_ST00255" HPOS="657" VPOS="1313" WIDTH="27" HEIGHT="25" CONTENT="in" WC="0.74" CC="50"/>
						<SP ID="P274_SP00225" HPOS="684" VPOS="1347" WIDTH="15"/>
						<String ID="P274_ST00256" HPOS="699" VPOS="1322" WIDTH="16" HEIGHT="16" CONTENT="a" WC="1.00" CC="0"/>
						<SP ID="P274_SP00226" HPOS="715" VPOS="1347" WIDTH="14"/>
						<String ID="P274_ST00257" HPOS="729" VPOS="1314" WIDTH="81" HEIGHT="25" CONTENT="small" WC="0.89" CC="00050"/>
						<SP ID="P274_SP00227" HPOS="810" VPOS="1347" WIDTH="15"/>
						<String ID="P274_ST00258" HPOS="825" VPOS="1323" WIDTH="71" HEIGHT="23" CONTENT="area," WC="0.96" CC="00002"/>
						<SP ID="P274_SP00228" HPOS="896" VPOS="1347" WIDTH="14"/>
						<String ID="P274_ST00259" HPOS="910" VPOS="1315" WIDTH="135" HEIGHT="34" CONTENT="compris" SUBS_TYPE="HypPart1" SUBS_CONTENT="comprising" WC="0.78" CC="01604400"/>
						<HYP CONTENT="-"/>
					</TextLine>
					<TextLine ID="P274_TL00028" HPOS="109" VPOS="1359" WIDTH="936" HEIGHT="36">
						<String ID="P274_ST00260" HPOS="109" VPOS="1360" WIDTH="48" HEIGHT="33" CONTENT="ing" SUBS_TYPE="HypPart2" SUBS_CONTENT="comprising" WC="0.83" CC="400"/>
						<SP ID="P274_SP00229" HPOS="157" VPOS="1393" WIDTH="18"/>
						<String ID="P274_ST00261" HPOS="175" VPOS="1360" WIDTH="111" HEIGHT="26" CONTENT="sixteen" WC="0.70" CC="0668000"/>
						<SP ID="P274_SP00230" HPOS="286" VPOS="1393" WIDTH="19"/>
						<String ID="P274_ST00262" HPOS="305" VPOS="1360" WIDTH="123" HEIGHT="35" CONTENT="villages," WC="0.97" CC="020000000"/>
						<SP ID="P274_SP00231" HPOS="428" VPOS="1395" WIDTH="24"/>
						<String ID="P274_ST00263" HPOS="452" VPOS="1365" WIDTH="49" HEIGHT="28" CONTENT="395" WC="1.00" CC="000"/>
						<SP ID="P274_SP00232" HPOS="501" VPOS="1395" WIDTH="22"/>
						<String ID="P274_ST00264" HPOS="523" VPOS="1359" WIDTH="177" HEIGHT="32" CONTENT="households," WC="0.87" CC="00300400050"/>
						<SP ID="P274_SP00233" HPOS="700" VPOS="1395" WIDTH="22"/>
						<String ID="P274_ST00265" HPOS="722" VPOS="1362" WIDTH="55" HEIGHT="24" CONTENT="and" WC="0.73" CC="070"/>
						<SP ID="P274_SP00234" HPOS="777" VPOS="1395" WIDTH="27"/>
						<String ID="P274_ST00266" HPOS="804" VPOS="1368" WIDTH="72" HEIGHT="27" CONTENT="1,951" WC="0.86" CC="00060"/>
						<SP ID="P274_SP00235" HPOS="876" VPOS="1395" WIDTH="24"/>
						<String ID="P274_ST00267" HPOS="900" VPOS="1362" WIDTH="95" HEIGHT="33" CONTENT="heads," WC="0.99" CC="000000"/>
						<SP ID="P274_SP00236" HPOS="995" VPOS="1395" WIDTH="23"/>
						<String ID="P274_ST00268" HPOS="1018" VPOS="1364" WIDTH="27" HEIGHT="25" CONTENT="in" WC="0.76" CC="40"/>
					</TextLine>
					<TextLine ID="P274_TL00029" HPOS="109" VPOS="1408" WIDTH="934" HEIGHT="34">
						<String ID="P274_ST00269" HPOS="109" VPOS="1408" WIDTH="89" HEIGHT="25" CONTENT="which" WC="0.88" CC="00400"/>
						<SP ID="P274_SP00237" HPOS="198" VPOS="1433" WIDTH="29"/>
						<String ID="P274_ST00270" HPOS="227" VPOS="1408" WIDTH="11" HEIGHT="25" CONTENT="I" WC="0.81" CC="1"/>
						<SP ID="P274_SP00238" HPOS="238" VPOS="1433" WIDTH="24"/>
						<String ID="P274_ST00271" HPOS="262" VPOS="1408" WIDTH="55" HEIGHT="25" CONTENT="had" WC="1.00" CC="000"/>
						<SP ID="P274_SP00239" HPOS="317" VPOS="1433" WIDTH="24"/>
						<String ID="P274_ST00272" HPOS="341" VPOS="1417" WIDTH="35" HEIGHT="16" CONTENT="an" WC="1.00" CC="00"/>
						<SP ID="P274_SP00240" HPOS="376" VPOS="1433" WIDTH="25"/>
						<String ID="P274_ST00273" HPOS="401" VPOS="1408" WIDTH="202" HEIGHT="33" CONTENT="experimental" WC="0.81" CC="058000000052"/>
						<SP ID="P274_SP00241" HPOS="603" VPOS="1441" WIDTH="25"/>
						<String ID="P274_ST00274" HPOS="628" VPOS="1408" WIDTH="178" HEIGHT="27" CONTENT="educational" WC="0.96" CC="00000000300"/>
						<SP ID="P274_SP00242" HPOS="806" VPOS="1441" WIDTH="24"/>
						<String ID="P274_ST00275" HPOS="830" VPOS="1419" WIDTH="99" HEIGHT="17" CONTENT="census" WC="1.00" CC="000000"/>
						<SP ID="P274_SP00243" HPOS="929" VPOS="1441" WIDTH="21"/>
						<String ID="P274_ST00276" HPOS="950" VPOS="1411" WIDTH="93" HEIGHT="31" CONTENT="taken," WC="0.96" CC="000020"/>
					</TextLine>
					<TextLine ID="P274_TL00030" HPOS="111" VPOS="1454" WIDTH="932" HEIGHT="37">
						<String ID="P274_ST00277" HPOS="111" VPOS="1454" WIDTH="67" HEIGHT="33" CONTENT="only" WC="1.00" CC="0000"/>
						<SP ID="P274_SP00244" HPOS="178" VPOS="1487" WIDTH="14"/>
						<String ID="P274_ST00278" HPOS="192" VPOS="1455" WIDTH="34" HEIGHT="31" CONTENT="4f" WC="0.59" CC="08"/>
						<SP ID="P274_SP00245" HPOS="226" VPOS="1487" WIDTH="15"/>
						<String ID="P274_ST00279" HPOS="241" VPOS="1464" WIDTH="50" HEIGHT="25" CONTENT="per" WC="1.00" CC="000"/>
						<SP ID="P274_SP00246" HPOS="291" VPOS="1489" WIDTH="13"/>
						<String ID="P274_ST00280" HPOS="304" VPOS="1459" WIDTH="77" HEIGHT="28" CONTENT="cent," WC="1.00" CC="00000"/>
						<SP ID="P274_SP00247" HPOS="381" VPOS="1489" WIDTH="15"/>
						<String ID="P274_ST00281" HPOS="396" VPOS="1464" WIDTH="30" HEIGHT="17" CONTENT="or" WC="1.00" CC="00"/>
						<SP ID="P274_SP00248" HPOS="426" VPOS="1489" WIDTH="23"/>
						<String ID="P274_ST00282" HPOS="449" VPOS="1455" WIDTH="88" HEIGHT="25" CONTENT="under" WC="0.98" CC="10000"/>
						<SP ID="P274_SP00249" HPOS="537" VPOS="1489" WIDTH="25"/>
						<String ID="P274_ST00283" HPOS="562" VPOS="1462" WIDTH="50" HEIGHT="19" CONTENT="100" WC="1.00" CC="000"/>
						<SP ID="P274_SP00250" HPOS="612" VPOS="1489" WIDTH="21"/>
						<String ID="P274_ST00284" HPOS="633" VPOS="1464" WIDTH="72" HEIGHT="23" CONTENT="men," WC="0.96" CC="0001"/>
						<SP ID="P274_SP00251" HPOS="705" VPOS="1489" WIDTH="23"/>
						<String ID="P274_ST00285" HPOS="728" VPOS="1457" WIDTH="82" HEIGHT="25" CONTENT="could" WC="0.91" CC="20010"/>
						<SP ID="P274_SP00252" HPOS="810" VPOS="1489" WIDTH="23"/>
						<String ID="P274_ST00286" HPOS="833" VPOS="1458" WIDTH="65" HEIGHT="25" CONTENT="read" WC="0.93" CC="2000"/>
						<SP ID="P274_SP00253" HPOS="898" VPOS="1489" WIDTH="16"/>
						<String ID="P274_ST00287" HPOS="914" VPOS="1467" WIDTH="31" HEIGHT="17" CONTENT="or" WC="1.00" CC="00"/>
						<SP ID="P274_SP00254" HPOS="945" VPOS="1489" WIDTH="13"/>
						<String ID="P274_ST00288" HPOS="958" VPOS="1459" WIDTH="85" HEIGHT="32" CONTENT="write," WC="0.78" CC="910002"/>
					</TextLine>
					<TextLine ID="P274_TL00031" HPOS="110" VPOS="1502" WIDTH="935" HEIGHT="35">
						<String ID="P274_ST00289" HPOS="110" VPOS="1502" WIDTH="56" HEIGHT="25" CONTENT="and" WC="0.86" CC="040"/>
						<SP ID="P274_SP00255" HPOS="166" VPOS="1527" WIDTH="15"/>
						<String ID="P274_ST00290" HPOS="181" VPOS="1506" WIDTH="49" HEIGHT="22" CONTENT="not" WC="1.00" CC="000"/>
						<SP ID="P274_SP00256" HPOS="230" VPOS="1528" WIDTH="14"/>
						<String ID="P274_ST00291" HPOS="244" VPOS="1511" WIDTH="53" HEIGHT="18" CONTENT="one" WC="1.00" CC="000"/>
						<SP ID="P274_SP00257" HPOS="297" VPOS="1529" WIDTH="13"/>
						<String ID="P274_ST00292" HPOS="310" VPOS="1512" WIDTH="117" HEIGHT="17" CONTENT="woman." WC="0.96" CC="000020"/>
						<SP ID="P274_SP00258" HPOS="427" VPOS="1529" WIDTH="40"/>
						<String ID="P274_ST00293" HPOS="467" VPOS="1502" WIDTH="68" HEIGHT="26" CONTENT="This" WC="1.00" CC="0000"/>
						<SP ID="P274_SP00259" HPOS="535" VPOS="1529" WIDTH="13"/>
						<String ID="P274_ST00294" HPOS="548" VPOS="1512" WIDTH="56" HEIGHT="17" CONTENT="was" WC="1.00" CC="000"/>
						<SP ID="P274_SP00260" HPOS="604" VPOS="1529" WIDTH="15"/>
						<String ID="P274_ST00295" HPOS="619" VPOS="1502" WIDTH="87" HEIGHT="35" CONTENT="thirty" WC="0.89" CC="060000"/>
						<SP ID="P274_SP00261" HPOS="706" VPOS="1537" WIDTH="16"/>
						<String ID="P274_ST00296" HPOS="722" VPOS="1504" WIDTH="79" HEIGHT="26" CONTENT="miles" WC="0.87" CC="06000"/>
						<SP ID="P274_SP00262" HPOS="801" VPOS="1537" WIDTH="15"/>
						<String ID="P274_ST00297" HPOS="816" VPOS="1504" WIDTH="69" HEIGHT="26" CONTENT="from" WC="0.91" CC="3000"/>
						<SP ID="P274_SP00263" HPOS="885" VPOS="1537" WIDTH="21"/>
						<String ID="P274_ST00298" HPOS="906" VPOS="1506" WIDTH="139" HEIGHT="27" CONTENT="Calcutta." WC="0.88" CC="104040000"/>
					</TextLine>
					<TextLine ID="P274_TL00032" HPOS="113" VPOS="1548" WIDTH="932" HEIGHT="40">
						<String ID="P274_ST00299" HPOS="113" VPOS="1548" WIDTH="31" HEIGHT="26" CONTENT="In" WC="0.99" CC="00"/>
						<SP ID="P274_SP00264" HPOS="144" VPOS="1574" WIDTH="23"/>
						<String ID="P274_ST00300" HPOS="167" VPOS="1549" WIDTH="117" HEIGHT="26" CONTENT="another" WC="0.87" CC="6000200"/>
						<SP ID="P274_SP00265" HPOS="284" VPOS="1575" WIDTH="23"/>
						<String ID="P274_ST00301" HPOS="307" VPOS="1559" WIDTH="104" HEIGHT="23" CONTENT="census," WC="0.93" CC="0020002"/>
						<SP ID="P274_SP00266" HPOS="411" VPOS="1582" WIDTH="16"/>
						<String ID="P274_ST00302" HPOS="427" VPOS="1550" WIDTH="168" HEIGHT="35" CONTENT="comprising" WC="0.90" CC="0000300330"/>
						<SP ID="P274_SP00267" HPOS="595" VPOS="1585" WIDTH="25"/>
						<String ID="P274_ST00303" HPOS="620" VPOS="1552" WIDTH="98" HEIGHT="33" CONTENT="34,818" WC="0.76" CC="604003"/>
						<SP ID="P274_SP00268" HPOS="718" VPOS="1585" WIDTH="25"/>
						<String ID="P274_ST00304" HPOS="743" VPOS="1552" WIDTH="93" HEIGHT="33" CONTENT="heads," WC="0.73" CC="400902"/>
						<SP ID="P274_SP00269" HPOS="836" VPOS="1585" WIDTH="17"/>
						<String ID="P274_ST00305" HPOS="853" VPOS="1553" WIDTH="27" HEIGHT="26" CONTENT="in" WC="0.83" CC="03"/>
						<SP ID="P274_SP00270" HPOS="880" VPOS="1585" WIDTH="20"/>
						<String ID="P274_ST00306" HPOS="900" VPOS="1563" WIDTH="16" HEIGHT="16" CONTENT="a" WC="1.00" CC="0"/>
						<SP ID="P274_SP00271" HPOS="916" VPOS="1585" WIDTH="16"/>
						<String ID="P274_ST00307" HPOS="932" VPOS="1554" WIDTH="113" HEIGHT="34" CONTENT="locality" WC="0.91" CC="10005000"/>
					</TextLine>
				</TextBlock>
			</PrintSpace>
		</Page>
	</Layout>
</alto>
