<?xml version="1.0" encoding="UTF-8"?>
<alto xmlns:xsi="http://www.w3.org/2001/XMLSchema-instance" xsi:noNamespaceSchemaLocation="http://www.bl.uk/schemas/alto/alto-1-4.xsd" xmlns:xlink="http://www.w3.org/1999/xlink">
	<Description>
		<MeasurementUnit>mm10</MeasurementUnit>
		<sourceImageInformation>
			<fileName>//head1/IN/2008-11/A0011351408.2/007504.jp2</fileName>
		</sourceImageInformation>
		<OCRProcessing ID="OCRPROCESSING_1">
			<preProcessingStep>
				<processingSoftware>
					<softwareCreator>CCS Content Conversion Specialists GmbH, Germany</softwareCreator>
					<softwareName>CCS docWORKS</softwareName>
					<softwareVersion>6.1-0.67</softwareVersion>
				</processingSoftware>
			</preProcessingStep>
			<ocrProcessingStep>
				<processingSoftware>
					<softwareCreator>ABBYY (BIT Software), Russia</softwareCreator>
					<softwareName>Finereader</softwareName>
				</processingSoftware>
			</ocrProcessingStep>
		</OCRProcessing>
	</Description>
	<Styles>
		<TextStyle ID="TXT_0" FONTSIZE="9" FONTFAMILY="Courier New"/>
		<TextStyle ID="TXT_1" FONTSIZE="11" FONTFAMILY="Courier New"/>
		<ParagraphStyle ID="PAR_RIGHT" ALIGN="Right"/>
		<ParagraphStyle ID="PAR_LEFT" ALIGN="Left"/>
	</Styles>
	<Layout>
		<Page ID="P124" PHYSICAL_IMG_NR="124" HEIGHT="1675" WIDTH="1155" PRINTED_IMG_NR="116" POSITION="Left" ACCURACY="91.04">
			<TopMargin ID="P124_TM00001" HPOS="0" VPOS="0" WIDTH="1154" HEIGHT="138">
				<TextBlock ID="P124_TB00001" HPOS="434" VPOS="100" WIDTH="384" HEIGHT="38" STYLEREFS="TXT_0 PAR_RIGHT">
					<TextLine ID="P124_TL00001" HPOS="435" VPOS="101" WIDTH="383" HEIGHT="37">
						<String ID="P124_ST00001" HPOS="435" VPOS="101" WIDTH="76" HEIGHT="37" CONTENT="Life" WC="0.90" CC="0030"/>
						<SP ID="P124_SP00001" HPOS="511" VPOS="138" WIDTH="22"/>
						<String ID="P124_ST00002" HPOS="533" VPOS="101" WIDTH="33" HEIGHT="29" CONTENT="in" WC="0.80" CC="03"/>
						<SP ID="P124_SP00002" HPOS="566" VPOS="138" WIDTH="23"/>
						<String ID="P124_ST00003" HPOS="589" VPOS="102" WIDTH="49" HEIGHT="29" CONTENT="the" WC="0.79" CC="500"/>
						<SP ID="P124_SP00003" HPOS="638" VPOS="138" WIDTH="22"/>
						<String ID="P124_ST00004" HPOS="660" VPOS="102" WIDTH="158" HEIGHT="36" CONTENT="Mofussil." WC="0.88" CC="050000040"/>
					</TextLine>
				</TextBlock>
				<TextBlock ID="P124_TB00002" HPOS="164" VPOS="103" WIDTH="55" HEIGHT="26" STYLEREFS="TXT_1 PAR_LEFT">
					<TextLine ID="P124_TL00002" HPOS="164" VPOS="103" WIDTH="55" HEIGHT="26">
						<String ID="P124_ST00005" HPOS="164" VPOS="103" WIDTH="55" HEIGHT="26" CONTENT="116" WC="1.00" CC="000"/>
					</TextLine>
				</TextBlock>
			</TopMargin>
			<LeftMargin ID="P124_LM00001" HPOS="0" VPOS="131" WIDTH="156" HEIGHT="1464"/>
			<RightMargin ID="P124_RM00001" HPOS="1099" VPOS="131" WIDTH="55" HEIGHT="1464"/>
			<BottomMargin ID="P124_BM00001" HPOS="0" VPOS="1595" WIDTH="1154" HEIGHT="79"/>
			<PrintSpace ID="P124_PS00001" HPOS="156" VPOS="131" WIDTH="943" HEIGHT="1464">
				<TextBlock ID="P124_TB00003" HPOS="156" VPOS="184" WIDTH="939" HEIGHT="984" STYLEREFS="TXT_0 PAR_LEFT">
					<TextLine ID="P124_TL00003" HPOS="161" VPOS="185" WIDTH="932" HEIGHT="37">
						<String ID="P124_ST00006" HPOS="161" VPOS="187" WIDTH="102" HEIGHT="35" CONTENT="sought" WC="0.97" CC="000000"/>
						<SP ID="P124_SP00004" HPOS="263" VPOS="222" WIDTH="21"/>
						<String ID="P124_ST00007" HPOS="284" VPOS="191" WIDTH="29" HEIGHT="22" CONTENT="to" WC="1.00" CC="00"/>
						<SP ID="P124_SP00005" HPOS="313" VPOS="222" WIDTH="23"/>
						<String ID="P124_ST00008" HPOS="336" VPOS="187" WIDTH="82" HEIGHT="26" CONTENT="enlist" WC="0.89" CC="005000"/>
						<SP ID="P124_SP00006" HPOS="418" VPOS="222" WIDTH="21"/>
						<String ID="P124_ST00009" HPOS="439" VPOS="187" WIDTH="49" HEIGHT="25" CONTENT="the" WC="0.77" CC="060"/>
						<SP ID="P124_SP00007" HPOS="488" VPOS="222" WIDTH="21"/>
						<String ID="P124_ST00010" HPOS="509" VPOS="187" WIDTH="154" HEIGHT="34" CONTENT="sympathy" WC="0.65" CC="08007660"/>
						<SP ID="P124_SP00008" HPOS="663" VPOS="222" WIDTH="14"/>
						<String ID="P124_ST00011" HPOS="677" VPOS="187" WIDTH="32" HEIGHT="25" CONTENT="of" WC="0.96" CC="00"/>
						<SP ID="P124_SP00009" HPOS="709" VPOS="222" WIDTH="16"/>
						<String ID="P124_ST00012" HPOS="725" VPOS="187" WIDTH="48" HEIGHT="25" CONTENT="the" WC="1.00" CC="000"/>
						<SP ID="P124_SP00010" HPOS="773" VPOS="222" WIDTH="14"/>
						<String ID="P124_ST00013" HPOS="787" VPOS="187" WIDTH="88" HEIGHT="25" CONTENT="ladies" WC="0.91" CC="000400"/>
						<SP ID="P124_SP00011" HPOS="875" VPOS="222" WIDTH="14"/>
						<String ID="P124_ST00014" HPOS="889" VPOS="185" WIDTH="39" HEIGHT="34" CONTENT="by" WC="1.00" CC="00"/>
						<SP ID="P124_SP00012" HPOS="928" VPOS="222" WIDTH="13"/>
						<String ID="P124_ST00015" HPOS="941" VPOS="185" WIDTH="97" HEIGHT="34" CONTENT="giving" WC="0.68" CC="070650"/>
						<SP ID="P124_SP00013" HPOS="1038" VPOS="222" WIDTH="20"/>
						<String ID="P124_ST00016" HPOS="1058" VPOS="193" WIDTH="35" HEIGHT="17" CONTENT="an" WC="0.55" CC="44"/>
					</TextLine>
					<TextLine ID="P124_TL00004" HPOS="161" VPOS="232" WIDTH="933" HEIGHT="36">
						<String ID="P124_ST00017" HPOS="161" VPOS="235" WIDTH="218" HEIGHT="26" CONTENT="entertainment" WC="0.88" CC="0600000300022"/>
						<SP ID="P124_SP00014" HPOS="379" VPOS="261" WIDTH="19"/>
						<String ID="P124_ST00018" HPOS="398" VPOS="239" WIDTH="30" HEIGHT="22" CONTENT="to" WC="1.00" CC="00"/>
						<SP ID="P124_SP00015" HPOS="428" VPOS="261" WIDTH="21"/>
						<String ID="P124_ST00019" HPOS="449" VPOS="234" WIDTH="139" HEIGHT="27" CONTENT="celebrate" WC="0.96" CC="003000000"/>
						<SP ID="P124_SP00016" HPOS="588" VPOS="261" WIDTH="19"/>
						<String ID="P124_ST00020" HPOS="607" VPOS="234" WIDTH="48" HEIGHT="26" CONTENT="the" WC="1.00" CC="000"/>
						<SP ID="P124_SP00017" HPOS="655" VPOS="261" WIDTH="20"/>
						<String ID="P124_ST00021" HPOS="675" VPOS="234" WIDTH="130" HEIGHT="34" CONTENT="opening." WC="0.99" CC="00000000"/>
						<SP ID="P124_SP00018" HPOS="805" VPOS="268" WIDTH="41"/>
						<String ID="P124_ST00022" HPOS="846" VPOS="232" WIDTH="194" HEIGHT="34" CONTENT="Accordingly" WC="0.88" CC="00000030900"/>
						<SP ID="P124_SP00019" HPOS="1040" VPOS="268" WIDTH="12"/>
						<String ID="P124_ST00023" HPOS="1052" VPOS="240" WIDTH="42" HEIGHT="17" CONTENT="we" WC="1.00" CC="00"/>
					</TextLine>
					<TextLine ID="P124_TL00005" HPOS="161" VPOS="279" WIDTH="933" HEIGHT="30">
						<String ID="P124_ST00024" HPOS="161" VPOS="283" WIDTH="55" HEIGHT="26" CONTENT="had" WC="0.90" CC="300"/>
						<SP ID="P124_SP00020" HPOS="216" VPOS="309" WIDTH="15"/>
						<String ID="P124_ST00025" HPOS="231" VPOS="292" WIDTH="15" HEIGHT="16" CONTENT="a" WC="1.00" CC="0"/>
						<SP ID="P124_SP00021" HPOS="246" VPOS="309" WIDTH="14"/>
						<String ID="P124_ST00026" HPOS="260" VPOS="283" WIDTH="138" HEIGHT="26" CONTENT="luncheon" WC="0.89" CC="00206000"/>
						<SP ID="P124_SP00022" HPOS="398" VPOS="309" WIDTH="14"/>
						<String ID="P124_ST00027" HPOS="412" VPOS="282" WIDTH="55" HEIGHT="26" CONTENT="and" WC="1.00" CC="000"/>
						<SP ID="P124_SP00023" HPOS="467" VPOS="309" WIDTH="18"/>
						<String ID="P124_ST00028" HPOS="485" VPOS="291" WIDTH="16" HEIGHT="17" CONTENT="a" WC="1.00" CC="0"/>
						<SP ID="P124_SP00024" HPOS="501" VPOS="309" WIDTH="23"/>
						<String ID="P124_ST00029" HPOS="524" VPOS="282" WIDTH="95" HEIGHT="26" CONTENT="racket" WC="1.00" CC="000000"/>
						<SP ID="P124_SP00025" HPOS="619" VPOS="309" WIDTH="22"/>
						<String ID="P124_ST00030" HPOS="641" VPOS="282" WIDTH="95" HEIGHT="25" CONTENT="match" WC="0.88" CC="00005"/>
						<SP ID="P124_SP00026" HPOS="736" VPOS="309" WIDTH="14"/>
						<String ID="P124_ST00031" HPOS="750" VPOS="281" WIDTH="168" HEIGHT="26" CONTENT="afterwards." WC="1.00" CC="00000000000"/>
						<SP ID="P124_SP00027" HPOS="918" VPOS="309" WIDTH="40"/>
						<String ID="P124_ST00032" HPOS="958" VPOS="279" WIDTH="61" HEIGHT="27" CONTENT="Our" WC="0.94" CC="001"/>
						<SP ID="P124_SP00028" HPOS="1019" VPOS="309" WIDTH="13"/>
						<String ID="P124_ST00033" HPOS="1032" VPOS="279" WIDTH="62" HEIGHT="26" CONTENT="best" WC="1.00" CC="0000"/>
					</TextLine>
					<TextLine ID="P124_TL00006" HPOS="161" VPOS="328" WIDTH="930" HEIGHT="36">
						<String ID="P124_ST00034" HPOS="161" VPOS="330" WIDTH="97" HEIGHT="34" CONTENT="player" WC="0.92" CC="000022"/>
						<SP ID="P124_SP00029" HPOS="258" VPOS="364" WIDTH="13"/>
						<String ID="P124_ST00035" HPOS="271" VPOS="339" WIDTH="56" HEIGHT="17" CONTENT="was" WC="0.85" CC="400"/>
						<SP ID="P124_SP00030" HPOS="327" VPOS="364" WIDTH="19"/>
						<String ID="P124_ST00036" HPOS="346" VPOS="330" WIDTH="154" HEIGHT="34" CONTENT="appointed" WC="0.99" CC="000000000"/>
						<SP ID="P124_SP00031" HPOS="500" VPOS="364" WIDTH="22"/>
						<String ID="P124_ST00037" HPOS="522" VPOS="329" WIDTH="152" HEIGHT="32" CONTENT="President," WC="0.80" CC="7000660000"/>
						<SP ID="P124_SP00032" HPOS="674" VPOS="364" WIDTH="14"/>
						<String ID="P124_ST00038" HPOS="688" VPOS="329" WIDTH="56" HEIGHT="26" CONTENT="and" WC="1.00" CC="000"/>
						<SP ID="P124_SP00033" HPOS="744" VPOS="364" WIDTH="16"/>
						<String ID="P124_ST00039" HPOS="760" VPOS="329" WIDTH="12" HEIGHT="26" CONTENT="I" WC="1.00" CC="0"/>
						<SP ID="P124_SP00034" HPOS="772" VPOS="364" WIDTH="15"/>
						<String ID="P124_ST00040" HPOS="787" VPOS="338" WIDTH="56" HEIGHT="17" CONTENT="was" WC="1.00" CC="000"/>
						<SP ID="P124_SP00035" HPOS="843" VPOS="364" WIDTH="14"/>
						<String ID="P124_ST00041" HPOS="857" VPOS="328" WIDTH="234" HEIGHT="26" CONTENT="Vice-President." WC="0.91" CC="040007000000020"/>
					</TextLine>
					<TextLine ID="P124_TL00007" HPOS="163" VPOS="375" WIDTH="931" HEIGHT="36">
						<String ID="P124_ST00042" HPOS="163" VPOS="378" WIDTH="12" HEIGHT="25" CONTENT="I" WC="1.00" CC="0"/>
						<SP ID="P124_SP00036" HPOS="175" VPOS="403" WIDTH="16"/>
						<String ID="P124_ST00043" HPOS="191" VPOS="378" WIDTH="71" HEIGHT="25" CONTENT="have" WC="0.84" CC="6000"/>
						<SP ID="P124_SP00037" HPOS="262" VPOS="403" WIDTH="13"/>
						<String ID="P124_ST00044" HPOS="275" VPOS="378" WIDTH="141" HEIGHT="33" CONTENT="forgotten" WC="0.90" CC="200000006"/>
						<SP ID="P124_SP00038" HPOS="416" VPOS="411" WIDTH="14"/>
						<String ID="P124_ST00045" HPOS="430" VPOS="381" WIDTH="29" HEIGHT="22" CONTENT="to" WC="0.78" CC="40"/>
						<SP ID="P124_SP00039" HPOS="459" VPOS="411" WIDTH="21"/>
						<String ID="P124_ST00046" HPOS="480" VPOS="378" WIDTH="125" HEIGHT="25" CONTENT="mention" WC="1.00" CC="0000000"/>
						<SP ID="P124_SP00040" HPOS="605" VPOS="411" WIDTH="20"/>
						<String ID="P124_ST00047" HPOS="625" VPOS="377" WIDTH="61" HEIGHT="26" CONTENT="that" WC="1.00" CC="0000"/>
						<SP ID="P124_SP00041" HPOS="686" VPOS="411" WIDTH="18"/>
						<String ID="P124_ST00048" HPOS="704" VPOS="386" WIDTH="51" HEIGHT="17" CONTENT="our" WC="0.93" CC="020"/>
						<SP ID="P124_SP00042" HPOS="755" VPOS="411" WIDTH="18"/>
						<String ID="P124_ST00049" HPOS="773" VPOS="377" WIDTH="108" HEIGHT="33" CONTENT="society" WC="0.89" CC="0015000"/>
						<SP ID="P124_SP00043" HPOS="881" VPOS="411" WIDTH="14"/>
						<String ID="P124_ST00050" HPOS="895" VPOS="375" WIDTH="130" HEIGHT="26" CONTENT="included" WC="0.81" CC="54050000"/>
						<SP ID="P124_SP00044" HPOS="1025" VPOS="411" WIDTH="21"/>
						<String ID="P124_ST00051" HPOS="1046" VPOS="375" WIDTH="48" HEIGHT="25" CONTENT="the" WC="1.00" CC="000"/>
					</TextLine>
					<TextLine ID="P124_TL00008" HPOS="162" VPOS="423" WIDTH="929" HEIGHT="36">
						<String ID="P124_ST00052" HPOS="162" VPOS="426" WIDTH="90" HEIGHT="25" CONTENT="editor" WC="0.85" CC="006002"/>
						<SP ID="P124_SP00045" HPOS="252" VPOS="451" WIDTH="20"/>
						<String ID="P124_ST00053" HPOS="272" VPOS="425" WIDTH="32" HEIGHT="26" CONTENT="of" WC="1.00" CC="00"/>
						<SP ID="P124_SP00046" HPOS="304" VPOS="451" WIDTH="15"/>
						<String ID="P124_ST00054" HPOS="319" VPOS="425" WIDTH="49" HEIGHT="26" CONTENT="the" WC="0.86" CC="040"/>
						<SP ID="P124_SP00047" HPOS="368" VPOS="451" WIDTH="22"/>
						<String ID="P124_ST00055" HPOS="390" VPOS="425" WIDTH="117" HEIGHT="34" CONTENT="English" WC="0.88" CC="0005002"/>
						<SP ID="P124_SP00048" HPOS="507" VPOS="459" WIDTH="23"/>
						<String ID="P124_ST00056" HPOS="530" VPOS="425" WIDTH="71" HEIGHT="26" CONTENT="local" WC="0.95" CC="02000"/>
						<SP ID="P124_SP00049" HPOS="601" VPOS="459" WIDTH="24"/>
						<String ID="P124_ST00057" HPOS="625" VPOS="433" WIDTH="93" HEIGHT="26" CONTENT="paper," WC="1.00" CC="000000"/>
						<SP ID="P124_SP00050" HPOS="718" VPOS="459" WIDTH="20"/>
						<String ID="P124_ST00058" HPOS="738" VPOS="424" WIDTH="47" HEIGHT="26" CONTENT="the" WC="1.00" CC="000"/>
						<SP ID="P124_SP00051" HPOS="785" VPOS="459" WIDTH="20"/>
						<String ID="P124_ST00059" HPOS="805" VPOS="424" WIDTH="93" HEIGHT="26" CONTENT="Dacca" WC="0.84" CC="00025"/>
						<SP ID="P124_SP00052" HPOS="898" VPOS="459" WIDTH="22"/>
						<String ID="P124_ST00060" HPOS="920" VPOS="423" WIDTH="92" HEIGHT="32" CONTENT="News," WC="0.85" CC="00070"/>
						<SP ID="P124_SP00053" HPOS="1012" VPOS="459" WIDTH="24"/>
						<String ID="P124_ST00061" HPOS="1036" VPOS="423" WIDTH="55" HEIGHT="26" CONTENT="and" WC="1.00" CC="000"/>
					</TextLine>
					<TextLine ID="P124_TL00009" HPOS="160" VPOS="470" WIDTH="932" HEIGHT="36">
						<String ID="P124_ST00062" HPOS="160" VPOS="472" WIDTH="43" HEIGHT="27" CONTENT="his" WC="0.66" CC="630"/>
						<SP ID="P124_SP00054" HPOS="203" VPOS="499" WIDTH="20"/>
						<String ID="P124_ST00063" HPOS="223" VPOS="472" WIDTH="69" HEIGHT="27" CONTENT="wife." WC="0.96" CC="00200"/>
						<SP ID="P124_SP00055" HPOS="292" VPOS="499" WIDTH="38"/>
						<String ID="P124_ST00064" HPOS="330" VPOS="472" WIDTH="82" HEIGHT="34" CONTENT="They" WC="0.94" CC="0200"/>
						<SP ID="P124_SP00056" HPOS="412" VPOS="506" WIDTH="13"/>
						<String ID="P124_ST00065" HPOS="425" VPOS="482" WIDTH="70" HEIGHT="17" CONTENT="were" WC="0.99" CC="0000"/>
						<SP ID="P124_SP00057" HPOS="495" VPOS="506" WIDTH="20"/>
						<String ID="P124_ST00066" HPOS="515" VPOS="472" WIDTH="153" HEIGHT="27" CONTENT="somewhat" WC="0.98" CC="00000100"/>
						<SP ID="P124_SP00058" HPOS="668" VPOS="506" WIDTH="14"/>
						<String ID="P124_ST00067" HPOS="682" VPOS="472" WIDTH="182" HEIGHT="34" CONTENT="pretentious," WC="0.94" CC="000000070000"/>
						<SP ID="P124_SP00059" HPOS="864" VPOS="506" WIDTH="15"/>
						<String ID="P124_ST00068" HPOS="879" VPOS="471" WIDTH="55" HEIGHT="26" CONTENT="and" WC="1.00" CC="000"/>
						<SP ID="P124_SP00060" HPOS="934" VPOS="506" WIDTH="15"/>
						<String ID="P124_ST00069" HPOS="949" VPOS="470" WIDTH="143" HEIGHT="34" CONTENT="evidently" WC="0.86" CC="006000060"/>
					</TextLine>
					<TextLine ID="P124_TL00010" HPOS="159" VPOS="517" WIDTH="932" HEIGHT="38">
						<String ID="P124_ST00070" HPOS="159" VPOS="529" WIDTH="67" HEIGHT="25" CONTENT="very" WC="0.92" CC="3000"/>
						<SP ID="P124_SP00061" HPOS="226" VPOS="554" WIDTH="14"/>
						<String ID="P124_ST00071" HPOS="240" VPOS="520" WIDTH="104" HEIGHT="34" CONTENT="touchy" WC="0.78" CC="900030"/>
						<SP ID="P124_SP00062" HPOS="344" VPOS="554" WIDTH="13"/>
						<String ID="P124_ST00072" HPOS="357" VPOS="520" WIDTH="107" HEIGHT="35" CONTENT="people," WC="0.98" CC="0000000"/>
						<SP ID="P124_SP00063" HPOS="464" VPOS="555" WIDTH="15"/>
						<String ID="P124_ST00073" HPOS="479" VPOS="520" WIDTH="63" HEIGHT="26" CONTENT="who" WC="0.78" CC="060"/>
						<SP ID="P124_SP00064" HPOS="542" VPOS="555" WIDTH="14"/>
						<String ID="P124_ST00074" HPOS="556" VPOS="520" WIDTH="112" HEIGHT="26" CONTENT="seemed" WC="1.00" CC="000000"/>
						<SP ID="P124_SP00065" HPOS="668" VPOS="555" WIDTH="24"/>
						<String ID="P124_ST00075" HPOS="692" VPOS="523" WIDTH="30" HEIGHT="22" CONTENT="to" WC="1.00" CC="00"/>
						<SP ID="P124_SP00066" HPOS="722" VPOS="555" WIDTH="23"/>
						<String ID="P124_ST00076" HPOS="745" VPOS="519" WIDTH="81" HEIGHT="26" CONTENT="think" WC="0.87" CC="00600"/>
						<SP ID="P124_SP00067" HPOS="826" VPOS="555" WIDTH="24"/>
						<String ID="P124_ST00077" HPOS="850" VPOS="518" WIDTH="63" HEIGHT="26" CONTENT="that" WC="0.63" CC="0707"/>
						<SP ID="P124_SP00068" HPOS="913" VPOS="555" WIDTH="20"/>
						<String ID="P124_ST00078" HPOS="933" VPOS="518" WIDTH="72" HEIGHT="26" CONTENT="their" WC="0.75" CC="06060"/>
						<SP ID="P124_SP00069" HPOS="1005" VPOS="555" WIDTH="13"/>
						<String ID="P124_ST00079" HPOS="1018" VPOS="517" WIDTH="73" HEIGHT="35" CONTENT="posi" SUBS_TYPE="HypPart1" SUBS_CONTENT="position" WC="0.90" CC="00130"/>
						<HYP CONTENT="-"/>
					</TextLine>
					<TextLine ID="P124_TL00011" HPOS="160" VPOS="566" WIDTH="932" HEIGHT="35">
						<String ID="P124_ST00080" HPOS="160" VPOS="568" WIDTH="59" HEIGHT="25" CONTENT="tion" SUBS_TYPE="HypPart2" SUBS_CONTENT="position" WC="0.74" CC="0504"/>
						<SP ID="P124_SP00070" HPOS="219" VPOS="593" WIDTH="22"/>
						<String ID="P124_ST00081" HPOS="241" VPOS="577" WIDTH="29" HEIGHT="16" CONTENT="as" WC="0.64" CC="70"/>
						<SP ID="P124_SP00071" HPOS="270" VPOS="593" WIDTH="24"/>
						<String ID="P124_ST00082" HPOS="294" VPOS="567" WIDTH="190" HEIGHT="34" CONTENT="representing" WC="1.00" CC="000000000000"/>
						<SP ID="P124_SP00072" HPOS="484" VPOS="601" WIDTH="21"/>
						<String ID="P124_ST00083" HPOS="505" VPOS="567" WIDTH="48" HEIGHT="26" CONTENT="the" WC="0.82" CC="050"/>
						<SP ID="P124_SP00073" HPOS="553" VPOS="601" WIDTH="23"/>
						<String ID="P124_ST00084" HPOS="576" VPOS="576" WIDTH="77" HEIGHT="25" CONTENT="press" WC="0.95" CC="02000"/>
						<SP ID="P124_SP00074" HPOS="653" VPOS="601" WIDTH="14"/>
						<String ID="P124_ST00085" HPOS="667" VPOS="576" WIDTH="55" HEIGHT="17" CONTENT="was" WC="1.00" CC="000"/>
						<SP ID="P124_SP00075" HPOS="722" VPOS="601" WIDTH="22"/>
						<String ID="P124_ST00086" HPOS="744" VPOS="571" WIDTH="50" HEIGHT="22" CONTENT="not" WC="0.89" CC="003"/>
						<SP ID="P124_SP00076" HPOS="794" VPOS="601" WIDTH="21"/>
						<String ID="P124_ST00087" HPOS="815" VPOS="566" WIDTH="170" HEIGHT="33" CONTENT="sufficiently" WC="0.92" CC="000000500030"/>
						<SP ID="P124_SP00077" HPOS="985" VPOS="601" WIDTH="13"/>
						<String ID="P124_ST00088" HPOS="998" VPOS="574" WIDTH="94" HEIGHT="25" CONTENT="recog" SUBS_TYPE="HypPart1" SUBS_CONTENT="recognised" WC="0.97" CC="000001"/>
						<HYP CONTENT="-"/>
					</TextLine>
					<TextLine ID="P124_TL00012" HPOS="158" VPOS="614" WIDTH="934" HEIGHT="34">
						<String ID="P124_ST00089" HPOS="158" VPOS="615" WIDTH="78" HEIGHT="26" CONTENT="nised" SUBS_TYPE="HypPart2" SUBS_CONTENT="recognised" WC="0.94" CC="10001"/>
						<SP ID="P124_SP00078" HPOS="236" VPOS="641" WIDTH="18"/>
						<String ID="P124_ST00090" HPOS="254" VPOS="615" WIDTH="28" HEIGHT="25" CONTENT="in" WC="0.73" CC="50"/>
						<SP ID="P124_SP00079" HPOS="282" VPOS="641" WIDTH="15"/>
						<String ID="P124_ST00091" HPOS="297" VPOS="615" WIDTH="101" HEIGHT="26" CONTENT="Dacca." WC="1.00" CC="000000"/>
						<SP ID="P124_SP00080" HPOS="398" VPOS="641" WIDTH="41"/>
						<String ID="P124_ST00092" HPOS="439" VPOS="614" WIDTH="45" HEIGHT="27" CONTENT="On" WC="0.81" CC="03"/>
						<SP ID="P124_SP00081" HPOS="484" VPOS="641" WIDTH="21"/>
						<String ID="P124_ST00093" HPOS="505" VPOS="615" WIDTH="55" HEIGHT="25" CONTENT="this" WC="0.78" CC="0260"/>
						<SP ID="P124_SP00082" HPOS="560" VPOS="641" WIDTH="23"/>
						<String ID="P124_ST00094" HPOS="583" VPOS="615" WIDTH="129" HEIGHT="26" CONTENT="occasion" WC="0.95" CC="03000000"/>
						<SP ID="P124_SP00083" HPOS="712" VPOS="641" WIDTH="24"/>
						<String ID="P124_ST00095" HPOS="736" VPOS="614" WIDTH="47" HEIGHT="26" CONTENT="the" WC="0.93" CC="020"/>
						<SP ID="P124_SP00084" HPOS="783" VPOS="641" WIDTH="24"/>
						<String ID="P124_ST00096" HPOS="807" VPOS="614" WIDTH="69" HEIGHT="34" CONTENT="lady" WC="1.00" CC="0000"/>
						<SP ID="P124_SP00085" HPOS="876" VPOS="648" WIDTH="13"/>
						<String ID="P124_ST00097" HPOS="889" VPOS="617" WIDTH="43" HEIGHT="22" CONTENT="sat" WC="1.00" CC="000"/>
						<SP ID="P124_SP00086" HPOS="932" VPOS="648" WIDTH="24"/>
						<String ID="P124_ST00098" HPOS="956" VPOS="616" WIDTH="70" HEIGHT="22" CONTENT="next" WC="1.00" CC="0000"/>
						<SP ID="P124_SP00087" HPOS="1026" VPOS="648" WIDTH="21"/>
						<String ID="P124_ST00099" HPOS="1047" VPOS="621" WIDTH="45" HEIGHT="17" CONTENT="me" WC="0.56" CC="80"/>
					</TextLine>
					<TextLine ID="P124_TL00013" HPOS="158" VPOS="660" WIDTH="937" HEIGHT="34">
						<String ID="P124_ST00100" HPOS="158" VPOS="666" WIDTH="28" HEIGHT="22" CONTENT="at" WC="1.00" CC="00"/>
						<SP ID="P124_SP00088" HPOS="186" VPOS="688" WIDTH="21"/>
						<String ID="P124_ST00101" HPOS="207" VPOS="662" WIDTH="89" HEIGHT="31" CONTENT="lunch," WC="0.92" CC="001020"/>
						<SP ID="P124_SP00089" HPOS="296" VPOS="693" WIDTH="26"/>
						<String ID="P124_ST00102" HPOS="322" VPOS="662" WIDTH="55" HEIGHT="25" CONTENT="and" WC="1.00" CC="000"/>
						<SP ID="P124_SP00090" HPOS="377" VPOS="693" WIDTH="23"/>
						<String ID="P124_ST00103" HPOS="400" VPOS="662" WIDTH="70" HEIGHT="25" CONTENT="after" WC="0.95" CC="02000"/>
						<SP ID="P124_SP00091" HPOS="470" VPOS="693" WIDTH="14"/>
						<String ID="P124_ST00104" HPOS="484" VPOS="671" WIDTH="53" HEIGHT="17" CONTENT="one" WC="0.95" CC="010"/>
						<SP ID="P124_SP00092" HPOS="537" VPOS="693" WIDTH="24"/>
						<String ID="P124_ST00105" HPOS="561" VPOS="671" WIDTH="30" HEIGHT="16" CONTENT="or" WC="1.00" CC="00"/>
						<SP ID="P124_SP00093" HPOS="591" VPOS="693" WIDTH="22"/>
						<String ID="P124_ST00106" HPOS="613" VPOS="666" WIDTH="56" HEIGHT="21" CONTENT="two" WC="1.00" CC="000"/>
						<SP ID="P124_SP00094" HPOS="669" VPOS="693" WIDTH="22"/>
						<String ID="P124_ST00107" HPOS="691" VPOS="661" WIDTH="132" HEIGHT="32" CONTENT="remarks," WC="0.84" CC="00702002"/>
						<SP ID="P124_SP00095" HPOS="823" VPOS="693" WIDTH="21"/>
						<String ID="P124_ST00108" HPOS="844" VPOS="661" WIDTH="68" HEIGHT="32" CONTENT="said," WC="1.00" CC="00000"/>
						<SP ID="P124_SP00096" HPOS="912" VPOS="693" WIDTH="24"/>
						<String ID="P124_ST00109" HPOS="936" VPOS="660" WIDTH="39" HEIGHT="34" CONTENT="by" WC="1.00" CC="00"/>
						<SP ID="P124_SP00097" HPOS="975" VPOS="694" WIDTH="13"/>
						<String ID="P124_ST00110" HPOS="988" VPOS="670" WIDTH="64" HEIGHT="24" CONTENT="way" WC="1.00" CC="000"/>
						<SP ID="P124_SP00098" HPOS="1052" VPOS="694" WIDTH="13"/>
						<String ID="P124_ST00111" HPOS="1065" VPOS="660" WIDTH="30" HEIGHT="26" CONTENT="of" WC="1.00" CC="00"/>
					</TextLine>
					<TextLine ID="P124_TL00014" HPOS="157" VPOS="707" WIDTH="936" HEIGHT="36">
						<String ID="P124_ST00112" HPOS="157" VPOS="709" WIDTH="166" HEIGHT="34" CONTENT="impressing" WC="0.89" CC="4000000600"/>
						<SP ID="P124_SP00099" HPOS="323" VPOS="743" WIDTH="23"/>
						<String ID="P124_ST00113" HPOS="346" VPOS="718" WIDTH="51" HEIGHT="23" CONTENT="me," WC="0.90" CC="003"/>
						<SP ID="P124_SP00100" HPOS="397" VPOS="743" WIDTH="25"/>
						<String ID="P124_ST00114" HPOS="422" VPOS="709" WIDTH="62" HEIGHT="26" CONTENT="that" WC="1.00" CC="0000"/>
						<SP ID="P124_SP00101" HPOS="484" VPOS="743" WIDTH="21"/>
						<String ID="P124_ST00115" HPOS="505" VPOS="709" WIDTH="49" HEIGHT="26" CONTENT="she" WC="0.86" CC="040"/>
						<SP ID="P124_SP00102" HPOS="554" VPOS="743" WIDTH="14"/>
						<String ID="P124_ST00116" HPOS="568" VPOS="709" WIDTH="55" HEIGHT="26" CONTENT="had" WC="0.87" CC="300"/>
						<SP ID="P124_SP00103" HPOS="623" VPOS="743" WIDTH="15"/>
						<String ID="P124_ST00117" HPOS="638" VPOS="718" WIDTH="16" HEIGHT="17" CONTENT="a" WC="1.00" CC="0"/>
						<SP ID="P124_SP00104" HPOS="654" VPOS="743" WIDTH="13"/>
						<String ID="P124_ST00118" HPOS="667" VPOS="709" WIDTH="97" HEIGHT="26" CONTENT="cousin" WC="0.78" CC="000066"/>
						<SP ID="P124_SP00105" HPOS="764" VPOS="743" WIDTH="14"/>
						<String ID="P124_ST00119" HPOS="778" VPOS="709" WIDTH="63" HEIGHT="26" CONTENT="who" WC="0.94" CC="001"/>
						<SP ID="P124_SP00106" HPOS="841" VPOS="743" WIDTH="13"/>
						<String ID="P124_ST00120" HPOS="854" VPOS="717" WIDTH="57" HEIGHT="17" CONTENT="was" WC="0.70" CC="800"/>
						<SP ID="P124_SP00107" HPOS="911" VPOS="743" WIDTH="14"/>
						<String ID="P124_ST00121" HPOS="925" VPOS="717" WIDTH="17" HEIGHT="17" CONTENT="a" WC="1.00" CC="0"/>
						<SP ID="P124_SP00108" HPOS="942" VPOS="743" WIDTH="14"/>
						<String ID="P124_ST00122" HPOS="956" VPOS="707" WIDTH="118" HEIGHT="27" CONTENT="Colonel" WC="0.87" CC="0062000"/>
						<String ID="P124_ST00123" HPOS="1088" VPOS="716" WIDTH="5" HEIGHT="23" CONTENT=";" WC="1.00" CC="0"/>
					</TextLine>
					<TextLine ID="P124_TL00015" HPOS="158" VPOS="755" WIDTH="935" HEIGHT="34">
						<String ID="P124_ST00124" HPOS="158" VPOS="757" WIDTH="49" HEIGHT="25" CONTENT="she" WC="1.00" CC="000"/>
						<SP ID="P124_SP00109" HPOS="207" VPOS="782" WIDTH="23"/>
						<String ID="P124_ST00125" HPOS="230" VPOS="757" WIDTH="92" HEIGHT="25" CONTENT="added" WC="1.00" CC="00000"/>
						<SP ID="P124_SP00110" HPOS="322" VPOS="782" WIDTH="36"/>
						<String ID="P124_ST00126" HPOS="358" VPOS="757" WIDTH="62" HEIGHT="25" CONTENT="that" WC="0.88" CC="0004"/>
						<SP ID="P124_SP00111" HPOS="420" VPOS="782" WIDTH="25"/>
						<String ID="P124_ST00127" HPOS="445" VPOS="757" WIDTH="36" HEIGHT="25" CONTENT="he" WC="1.00" CC="00"/>
						<SP ID="P124_SP00112" HPOS="481" VPOS="782" WIDTH="26"/>
						<String ID="P124_ST00128" HPOS="507" VPOS="757" WIDTH="48" HEIGHT="25" CONTENT="did" WC="0.83" CC="050"/>
						<SP ID="P124_SP00113" HPOS="555" VPOS="782" WIDTH="28"/>
						<String ID="P124_ST00129" HPOS="583" VPOS="760" WIDTH="50" HEIGHT="22" CONTENT="not" WC="0.99" CC="000"/>
						<SP ID="P124_SP00114" HPOS="633" VPOS="782" WIDTH="25"/>
						<String ID="P124_ST00130" HPOS="658" VPOS="756" WIDTH="83" HEIGHT="26" CONTENT="allow" WC="0.99" CC="00000"/>
						<SP ID="P124_SP00115" HPOS="741" VPOS="782" WIDTH="25"/>
						<String ID="P124_ST00131" HPOS="766" VPOS="756" WIDTH="43" HEIGHT="25" CONTENT="his" WC="0.67" CC="602"/>
						<SP ID="P124_SP00116" HPOS="809" VPOS="782" WIDTH="26"/>
						<String ID="P124_ST00132" HPOS="835" VPOS="756" WIDTH="107" HEIGHT="25" CONTENT="officers" WC="1.00" CC="00000000"/>
						<SP ID="P124_SP00117" HPOS="942" VPOS="782" WIDTH="27"/>
						<String ID="P124_ST00133" HPOS="969" VPOS="759" WIDTH="29" HEIGHT="22" CONTENT="to" WC="1.00" CC="00"/>
						<SP ID="P124_SP00118" HPOS="998" VPOS="782" WIDTH="27"/>
						<String ID="P124_ST00134" HPOS="1025" VPOS="755" WIDTH="68" HEIGHT="34" CONTENT="play" WC="1.00" CC="0000"/>
					</TextLine>
					<TextLine ID="P124_TL00016" HPOS="158" VPOS="803" WIDTH="934" HEIGHT="35">
						<String ID="P124_ST00135" HPOS="158" VPOS="804" WIDTH="116" HEIGHT="32" CONTENT="rackets," WC="0.90" CC="00000700"/>
						<SP ID="P124_SP00119" HPOS="274" VPOS="836" WIDTH="16"/>
						<String ID="P124_ST00136" HPOS="290" VPOS="813" WIDTH="29" HEIGHT="17" CONTENT="as" WC="1.00" CC="00"/>
						<SP ID="P124_SP00120" HPOS="319" VPOS="836" WIDTH="20"/>
						<String ID="P124_ST00137" HPOS="339" VPOS="803" WIDTH="35" HEIGHT="27" CONTENT="he" WC="0.75" CC="40"/>
						<SP ID="P124_SP00121" HPOS="374" VPOS="836" WIDTH="21"/>
						<String ID="P124_ST00138" HPOS="395" VPOS="803" WIDTH="122" HEIGHT="35" CONTENT="thought" WC="0.79" CC="9300000"/>
						<SP ID="P124_SP00122" HPOS="517" VPOS="838" WIDTH="18"/>
						<String ID="P124_ST00139" HPOS="535" VPOS="804" WIDTH="21" HEIGHT="26" CONTENT="it" WC="0.64" CC="33"/>
						<SP ID="P124_SP00123" HPOS="556" VPOS="838" WIDTH="14"/>
						<String ID="P124_ST00140" HPOS="570" VPOS="813" WIDTH="17" HEIGHT="17" CONTENT="a" WC="0.89" CC="1"/>
						<SP ID="P124_SP00124" HPOS="587" VPOS="838" WIDTH="13"/>
						<String ID="P124_ST00141" HPOS="600" VPOS="803" WIDTH="100" HEIGHT="34" CONTENT="vulgar" WC="0.90" CC="030001"/>
						<SP ID="P124_SP00125" HPOS="700" VPOS="838" WIDTH="14"/>
						<String ID="P124_ST00142" HPOS="714" VPOS="812" WIDTH="90" HEIGHT="26" CONTENT="game." WC="0.99" CC="00000"/>
						<SP ID="P124_SP00126" HPOS="804" VPOS="838" WIDTH="40"/>
						<String ID="P124_ST00143" HPOS="844" VPOS="803" WIDTH="186" HEIGHT="33" CONTENT="Considering" WC="0.90" CC="00000000540"/>
						<SP ID="P124_SP00127" HPOS="1030" VPOS="838" WIDTH="14"/>
						<String ID="P124_ST00144" HPOS="1044" VPOS="803" WIDTH="48" HEIGHT="26" CONTENT="the" WC="0.87" CC="030"/>
					</TextLine>
					<TextLine ID="P124_TL00017" HPOS="157" VPOS="850" WIDTH="934" HEIGHT="35">
						<String ID="P124_ST00145" HPOS="157" VPOS="852" WIDTH="138" HEIGHT="30" CONTENT="occasion," WC="0.84" CC="030006004"/>
						<SP ID="P124_SP00128" HPOS="295" VPOS="882" WIDTH="14"/>
						<String ID="P124_ST00146" HPOS="309" VPOS="851" WIDTH="55" HEIGHT="26" CONTENT="this" WC="0.86" CC="0500"/>
						<SP ID="P124_SP00129" HPOS="364" VPOS="882" WIDTH="22"/>
						<String ID="P124_ST00147" HPOS="386" VPOS="852" WIDTH="140" HEIGHT="33" CONTENT="appeared" WC="1.00" CC="00000000"/>
						<SP ID="P124_SP00130" HPOS="526" VPOS="885" WIDTH="23"/>
						<String ID="P124_ST00148" HPOS="549" VPOS="854" WIDTH="30" HEIGHT="23" CONTENT="to" WC="1.00" CC="00"/>
						<SP ID="P124_SP00131" HPOS="579" VPOS="885" WIDTH="21"/>
						<String ID="P124_ST00149" HPOS="600" VPOS="859" WIDTH="46" HEIGHT="18" CONTENT="me" WC="1.00" CC="00"/>
						<SP ID="P124_SP00132" HPOS="646" VPOS="885" WIDTH="21"/>
						<String ID="P124_ST00150" HPOS="667" VPOS="851" WIDTH="94" HEIGHT="26" CONTENT="rather" WC="1.00" CC="000000"/>
						<SP ID="P124_SP00133" HPOS="761" VPOS="885" WIDTH="14"/>
						<String ID="P124_ST00151" HPOS="775" VPOS="860" WIDTH="16" HEIGHT="16" CONTENT="a" WC="1.00" CC="0"/>
						<SP ID="P124_SP00134" HPOS="791" VPOS="885" WIDTH="13"/>
						<String ID="P124_ST00152" HPOS="804" VPOS="850" WIDTH="148" HEIGHT="26" CONTENT="trenchant" WC="0.88" CC="010107000"/>
						<SP ID="P124_SP00135" HPOS="952" VPOS="885" WIDTH="23"/>
						<String ID="P124_ST00153" HPOS="975" VPOS="850" WIDTH="116" HEIGHT="26" CONTENT="remark." WC="0.89" CC="0004001"/>
					</TextLine>
					<TextLine ID="P124_TL00018" HPOS="157" VPOS="897" WIDTH="935" HEIGHT="36">
						<String ID="P124_ST00154" HPOS="157" VPOS="898" WIDTH="124" HEIGHT="35" CONTENT="Perhaps" WC="0.89" CC="5001000"/>
						<SP ID="P124_SP00136" HPOS="281" VPOS="933" WIDTH="24"/>
						<String ID="P124_ST00155" HPOS="305" VPOS="908" WIDTH="48" HEIGHT="24" CONTENT="my" WC="1.00" CC="00"/>
						<SP ID="P124_SP00137" HPOS="353" VPOS="933" WIDTH="16"/>
						<String ID="P124_ST00156" HPOS="369" VPOS="902" WIDTH="192" HEIGHT="23" CONTENT="countenance" WC="0.95" CC="00004000000"/>
						<SP ID="P124_SP00138" HPOS="561" VPOS="933" WIDTH="23"/>
						<String ID="P124_ST00157" HPOS="584" VPOS="898" WIDTH="135" HEIGHT="35" CONTENT="betrayed" WC="1.00" CC="00000000"/>
						<SP ID="P124_SP00139" HPOS="719" VPOS="933" WIDTH="25"/>
						<String ID="P124_ST00158" HPOS="744" VPOS="907" WIDTH="49" HEIGHT="25" CONTENT="my" WC="0.83" CC="30"/>
						<SP ID="P124_SP00140" HPOS="793" VPOS="933" WIDTH="22"/>
						<String ID="P124_ST00159" HPOS="815" VPOS="897" WIDTH="143" HEIGHT="35" CONTENT="thoughts," WC="0.77" CC="450005401"/>
						<SP ID="P124_SP00141" HPOS="958" VPOS="933" WIDTH="25"/>
						<String ID="P124_ST00160" HPOS="983" VPOS="897" WIDTH="42" HEIGHT="27" CONTENT="for" WC="0.89" CC="200"/>
						<SP ID="P124_SP00142" HPOS="1025" VPOS="933" WIDTH="19"/>
						<String ID="P124_ST00161" HPOS="1044" VPOS="897" WIDTH="48" HEIGHT="27" CONTENT="she" WC="0.92" CC="020"/>
					</TextLine>
					<TextLine ID="P124_TL00019" HPOS="157" VPOS="945" WIDTH="935" HEIGHT="35">
						<String ID="P124_ST00162" HPOS="157" VPOS="950" WIDTH="73" HEIGHT="21" CONTENT="went" WC="1.00" CC="0000"/>
						<SP ID="P124_SP00143" HPOS="230" VPOS="971" WIDTH="15"/>
						<String ID="P124_ST00163" HPOS="245" VPOS="954" WIDTH="36" HEIGHT="17" CONTENT="on" WC="0.79" CC="04"/>
						<SP ID="P124_SP00144" HPOS="281" VPOS="971" WIDTH="22"/>
						<String ID="P124_ST00164" HPOS="303" VPOS="950" WIDTH="29" HEIGHT="21" CONTENT="to" WC="1.00" CC="00"/>
						<SP ID="P124_SP00145" HPOS="332" VPOS="971" WIDTH="14"/>
						<String ID="P124_ST00165" HPOS="346" VPOS="955" WIDTH="51" HEIGHT="25" CONTENT="say" WC="1.00" CC="000"/>
						<SP ID="P124_SP00146" HPOS="397" VPOS="980" WIDTH="14"/>
						<String ID="P124_ST00166" HPOS="411" VPOS="946" WIDTH="62" HEIGHT="26" CONTENT="that" WC="0.95" CC="0100"/>
						<SP ID="P124_SP00147" HPOS="473" VPOS="980" WIDTH="14"/>
						<String ID="P124_ST00167" HPOS="487" VPOS="946" WIDTH="48" HEIGHT="25" CONTENT="she" WC="0.78" CC="060"/>
						<SP ID="P124_SP00148" HPOS="535" VPOS="980" WIDTH="15"/>
						<String ID="P124_ST00168" HPOS="550" VPOS="946" WIDTH="55" HEIGHT="26" CONTENT="and" WC="0.89" CC="030"/>
						<SP ID="P124_SP00149" HPOS="605" VPOS="980" WIDTH="14"/>
						<String ID="P124_ST00169" HPOS="619" VPOS="946" WIDTH="49" HEIGHT="25" CONTENT="her" WC="0.99" CC="000"/>
						<SP ID="P124_SP00150" HPOS="668" VPOS="980" WIDTH="14"/>
						<String ID="P124_ST00170" HPOS="682" VPOS="946" WIDTH="129" HEIGHT="25" CONTENT="husband" WC="0.97" CC="1000000"/>
						<SP ID="P124_SP00151" HPOS="811" VPOS="980" WIDTH="15"/>
						<String ID="P124_ST00171" HPOS="826" VPOS="946" WIDTH="55" HEIGHT="25" CONTENT="had" WC="1.00" CC="000"/>
						<SP ID="P124_SP00152" HPOS="881" VPOS="980" WIDTH="16"/>
						<String ID="P124_ST00172" HPOS="897" VPOS="954" WIDTH="16" HEIGHT="17" CONTENT="a" WC="1.00" CC="0"/>
						<SP ID="P124_SP00153" HPOS="913" VPOS="980" WIDTH="13"/>
						<String ID="P124_ST00173" HPOS="926" VPOS="945" WIDTH="79" HEIGHT="26" CONTENT="short" WC="0.79" CC="04050"/>
						<SP ID="P124_SP00154" HPOS="1005" VPOS="980" WIDTH="20"/>
						<String ID="P124_ST00174" HPOS="1025" VPOS="946" WIDTH="67" HEIGHT="25" CONTENT="time" WC="1.00" CC="0000"/>
					</TextLine>
					<TextLine ID="P124_TL00020" HPOS="157" VPOS="993" WIDTH="935" HEIGHT="34">
						<String ID="P124_ST00175" HPOS="157" VPOS="993" WIDTH="93" HEIGHT="25" CONTENT="before" WC="0.95" CC="003000"/>
						<SP ID="P124_SP00155" HPOS="250" VPOS="1018" WIDTH="23"/>
						<String ID="P124_ST00176" HPOS="273" VPOS="993" WIDTH="70" HEIGHT="25" CONTENT="been" WC="1.00" CC="0000"/>
						<SP ID="P124_SP00156" HPOS="343" VPOS="1018" WIDTH="21"/>
						<String ID="P124_ST00177" HPOS="364" VPOS="993" WIDTH="114" HEIGHT="34" CONTENT="staying" WC="0.94" CC="0000300"/>
						<SP ID="P124_SP00157" HPOS="478" VPOS="1027" WIDTH="13"/>
						<String ID="P124_ST00178" HPOS="491" VPOS="993" WIDTH="66" HEIGHT="26" CONTENT="with" WC="0.84" CC="0600"/>
						<SP ID="P124_SP00158" HPOS="557" VPOS="1027" WIDTH="15"/>
						<String ID="P124_ST00179" HPOS="572" VPOS="993" WIDTH="47" HEIGHT="26" CONTENT="the" WC="0.73" CC="800"/>
						<SP ID="P124_SP00159" HPOS="619" VPOS="1027" WIDTH="15"/>
						<String ID="P124_ST00180" HPOS="634" VPOS="993" WIDTH="105" HEIGHT="34" CONTENT="Bishop" WC="0.80" CC="650000"/>
						<SP ID="P124_SP00160" HPOS="739" VPOS="1027" WIDTH="15"/>
						<String ID="P124_ST00181" HPOS="754" VPOS="993" WIDTH="32" HEIGHT="26" CONTENT="of" WC="1.00" CC="00"/>
						<SP ID="P124_SP00161" HPOS="786" VPOS="1027" WIDTH="17"/>
						<String ID="P124_ST00182" HPOS="803" VPOS="993" WIDTH="138" HEIGHT="32" CONTENT="Calcutta," WC="0.93" CC="000042000"/>
						<SP ID="P124_SP00162" HPOS="941" VPOS="1027" WIDTH="14"/>
						<String ID="P124_ST00183" HPOS="955" VPOS="993" WIDTH="56" HEIGHT="25" CONTENT="and" WC="1.00" CC="000"/>
						<SP ID="P124_SP00163" HPOS="1011" VPOS="1027" WIDTH="20"/>
						<String ID="P124_ST00184" HPOS="1031" VPOS="993" WIDTH="61" HEIGHT="25" CONTENT="that" WC="0.88" CC="0004"/>
					</TextLine>
					<TextLine ID="P124_TL00021" HPOS="157" VPOS="1040" WIDTH="935" HEIGHT="34">
						<String ID="P124_ST00185" HPOS="157" VPOS="1040" WIDTH="34" HEIGHT="26" CONTENT="he" WC="1.00" CC="00"/>
						<SP ID="P124_SP00164" HPOS="191" VPOS="1066" WIDTH="26"/>
						<String ID="P124_ST00186" HPOS="217" VPOS="1041" WIDTH="56" HEIGHT="25" CONTENT="had" WC="1.00" CC="000"/>
						<SP ID="P124_SP00165" HPOS="273" VPOS="1066" WIDTH="21"/>
						<String ID="P124_ST00187" HPOS="294" VPOS="1049" WIDTH="17" HEIGHT="17" CONTENT="a" WC="1.00" CC="0"/>
						<SP ID="P124_SP00166" HPOS="311" VPOS="1066" WIDTH="28"/>
						<String ID="P124_ST00188" HPOS="339" VPOS="1041" WIDTH="96" HEIGHT="26" CONTENT="racket" WC="0.93" CC="000400"/>
						<SP ID="P124_SP00167" HPOS="435" VPOS="1067" WIDTH="21"/>
						<String ID="P124_ST00189" HPOS="456" VPOS="1045" WIDTH="79" HEIGHT="22" CONTENT="court" WC="0.77" CC="04303"/>
						<SP ID="P124_SP00168" HPOS="535" VPOS="1067" WIDTH="23"/>
						<String ID="P124_ST00190" HPOS="558" VPOS="1041" WIDTH="28" HEIGHT="25" CONTENT="in" WC="0.70" CC="50"/>
						<SP ID="P124_SP00169" HPOS="586" VPOS="1067" WIDTH="29"/>
						<String ID="P124_ST00191" HPOS="615" VPOS="1041" WIDTH="43" HEIGHT="26" CONTENT="his" WC="0.64" CC="360"/>
						<SP ID="P124_SP00170" HPOS="658" VPOS="1067" WIDTH="25"/>
						<String ID="P124_ST00192" HPOS="683" VPOS="1042" WIDTH="16" HEIGHT="11" CONTENT='"' WC="0.98" CC="0"/>
						<SP ID="P124_SP00171" HPOS="699" VPOS="1067" WIDTH="10"/>
						<String ID="P124_ST00193" HPOS="709" VPOS="1041" WIDTH="185" HEIGHT="33" CONTENT='compound."' WC="0.84" CC="0000213025"/>
						<SP ID="P124_SP00172" HPOS="894" VPOS="1074" WIDTH="48"/>
						<String ID="P124_ST00194" HPOS="942" VPOS="1041" WIDTH="69" HEIGHT="25" CONTENT="This" WC="0.87" CC="0050"/>
						<SP ID="P124_SP00173" HPOS="1011" VPOS="1074" WIDTH="25"/>
						<String ID="P124_ST00195" HPOS="1036" VPOS="1050" WIDTH="56" HEIGHT="17" CONTENT="was" WC="1.00" CC="000"/>
					</TextLine>
					<TextLine ID="P124_TL00022" HPOS="158" VPOS="1087" WIDTH="936" HEIGHT="35">
						<String ID="P124_ST00196" HPOS="158" VPOS="1087" WIDTH="138" HEIGHT="34" CONTENT="probably" WC="1.00" CC="00000000"/>
						<SP ID="P124_SP00174" HPOS="296" VPOS="1121" WIDTH="21"/>
						<String ID="P124_ST00197" HPOS="317" VPOS="1088" WIDTH="40" HEIGHT="33" CONTENT="by" WC="1.00" CC="00"/>
						<SP ID="P124_SP00175" HPOS="357" VPOS="1121" WIDTH="19"/>
						<String ID="P124_ST00198" HPOS="376" VPOS="1096" WIDTH="63" HEIGHT="25" CONTENT="way" WC="0.36" CC="909"/>
						<SP ID="P124_SP00176" HPOS="439" VPOS="1121" WIDTH="21"/>
						<String ID="P124_ST00199" HPOS="460" VPOS="1088" WIDTH="31" HEIGHT="25" CONTENT="of" WC="1.00" CC="00"/>
						<SP ID="P124_SP00177" HPOS="491" VPOS="1121" WIDTH="17"/>
						<String ID="P124_ST00200" HPOS="508" VPOS="1088" WIDTH="106" HEIGHT="25" CONTENT="further" WC="0.95" CC="2010000"/>
						<SP ID="P124_SP00178" HPOS="614" VPOS="1121" WIDTH="13"/>
						<String ID="P124_ST00201" HPOS="627" VPOS="1088" WIDTH="168" HEIGHT="34" CONTENT="impressing" WC="0.94" CC="4000000000"/>
						<SP ID="P124_SP00179" HPOS="795" VPOS="1122" WIDTH="20"/>
						<String ID="P124_ST00202" HPOS="815" VPOS="1096" WIDTH="53" HEIGHT="23" CONTENT="me," WC="1.00" CC="000"/>
						<SP ID="P124_SP00180" HPOS="868" VPOS="1122" WIDTH="20"/>
						<String ID="P124_ST00203" HPOS="888" VPOS="1088" WIDTH="56" HEIGHT="25" CONTENT="and" WC="1.00" CC="000"/>
						<SP ID="P124_SP00181" HPOS="944" VPOS="1122" WIDTH="24"/>
						<String ID="P124_ST00204" HPOS="968" VPOS="1088" WIDTH="126" HEIGHT="34" CONTENT="possibly" WC="0.93" CC="00000050"/>
					</TextLine>
					<TextLine ID="P124_TL00023" HPOS="158" VPOS="1134" WIDTH="911" HEIGHT="34">
						<String ID="P124_ST00205" HPOS="158" VPOS="1134" WIDTH="66" HEIGHT="26" CONTENT="with" WC="0.75" CC="0513"/>
						<SP ID="P124_SP00182" HPOS="224" VPOS="1160" WIDTH="14"/>
						<String ID="P124_ST00206" HPOS="238" VPOS="1143" WIDTH="15" HEIGHT="17" CONTENT="a" WC="1.00" CC="0"/>
						<SP ID="P124_SP00183" HPOS="253" VPOS="1160" WIDTH="14"/>
						<String ID="P124_ST00207" HPOS="267" VPOS="1135" WIDTH="69" HEIGHT="25" CONTENT="view" WC="0.62" CC="0509"/>
						<SP ID="P124_SP00184" HPOS="336" VPOS="1160" WIDTH="13"/>
						<String ID="P124_ST00208" HPOS="349" VPOS="1138" WIDTH="30" HEIGHT="22" CONTENT="to" WC="1.00" CC="00"/>
						<SP ID="P124_SP00185" HPOS="379" VPOS="1160" WIDTH="14"/>
						<String ID="P124_ST00209" HPOS="393" VPOS="1134" WIDTH="90" HEIGHT="27" CONTENT="soften" WC="0.85" CC="000800"/>
						<SP ID="P124_SP00186" HPOS="483" VPOS="1161" WIDTH="15"/>
						<String ID="P124_ST00210" HPOS="498" VPOS="1134" WIDTH="47" HEIGHT="27" CONTENT="the" WC="0.86" CC="040"/>
						<SP ID="P124_SP00187" HPOS="545" VPOS="1161" WIDTH="15"/>
						<String ID="P124_ST00211" HPOS="560" VPOS="1136" WIDTH="123" HEIGHT="32" CONTENT="asperity" WC="0.98" CC="00000100"/>
						<SP ID="P124_SP00188" HPOS="683" VPOS="1168" WIDTH="14"/>
						<String ID="P124_ST00212" HPOS="697" VPOS="1135" WIDTH="32" HEIGHT="26" CONTENT="of" WC="1.00" CC="00"/>
						<SP ID="P124_SP00189" HPOS="729" VPOS="1168" WIDTH="16"/>
						<String ID="P124_ST00213" HPOS="745" VPOS="1135" WIDTH="49" HEIGHT="26" CONTENT="her" WC="0.83" CC="005"/>
						<SP ID="P124_SP00190" HPOS="794" VPOS="1168" WIDTH="14"/>
						<String ID="P124_ST00214" HPOS="808" VPOS="1135" WIDTH="128" HEIGHT="33" CONTENT="previous" WC="0.86" CC="02027000"/>
						<SP ID="P124_SP00191" HPOS="936" VPOS="1168" WIDTH="15"/>
						<String ID="P124_ST00215" HPOS="951" VPOS="1135" WIDTH="118" HEIGHT="27" CONTENT="remark." WC="0.92" CC="0000320"/>
					</TextLine>
				</TextBlock>
				<TextBlock ID="P124_TB00004" HPOS="160" VPOS="1181" WIDTH="934" HEIGHT="176" STYLEREFS="TXT_0 PAR_LEFT">
					<TextLine ID="P124_TL00024" HPOS="196" VPOS="1182" WIDTH="898" HEIGHT="33">
						<String ID="P124_ST00216" HPOS="196" VPOS="1182" WIDTH="55" HEIGHT="25" CONTENT="But" WC="0.67" CC="450"/>
						<SP ID="P124_SP00192" HPOS="251" VPOS="1207" WIDTH="14"/>
						<String ID="P124_ST00217" HPOS="265" VPOS="1182" WIDTH="163" HEIGHT="33" CONTENT="everybody" WC="1.00" CC="000000000"/>
						<SP ID="P124_SP00193" HPOS="428" VPOS="1215" WIDTH="12"/>
						<String ID="P124_ST00218" HPOS="440" VPOS="1182" WIDTH="62" HEIGHT="25" CONTENT="who" WC="0.78" CC="600"/>
						<SP ID="P124_SP00194" HPOS="502" VPOS="1215" WIDTH="15"/>
						<String ID="P124_ST00219" HPOS="517" VPOS="1182" WIDTH="50" HEIGHT="25" CONTENT="has" WC="0.91" CC="200"/>
						<SP ID="P124_SP00195" HPOS="567" VPOS="1215" WIDTH="18"/>
						<String ID="P124_ST00220" HPOS="585" VPOS="1182" WIDTH="70" HEIGHT="26" CONTENT="been" WC="1.00" CC="0000"/>
						<SP ID="P124_SP00196" HPOS="655" VPOS="1215" WIDTH="16"/>
						<String ID="P124_ST00221" HPOS="671" VPOS="1183" WIDTH="28" HEIGHT="24" CONTENT="in" WC="0.76" CC="40"/>
						<SP ID="P124_SP00197" HPOS="699" VPOS="1215" WIDTH="16"/>
						<String ID="P124_ST00222" HPOS="715" VPOS="1182" WIDTH="130" HEIGHT="26" CONTENT="Calcutta" WC="0.86" CC="00400006"/>
						<SP ID="P124_SP00198" HPOS="845" VPOS="1215" WIDTH="14"/>
						<String ID="P124_ST00223" HPOS="859" VPOS="1182" WIDTH="97" HEIGHT="26" CONTENT="knows" WC="0.74" CC="48000"/>
						<SP ID="P124_SP00199" HPOS="956" VPOS="1215" WIDTH="14"/>
						<String ID="P124_ST00224" HPOS="970" VPOS="1183" WIDTH="62" HEIGHT="26" CONTENT="that" WC="0.55" CC="7009"/>
						<SP ID="P124_SP00200" HPOS="1032" VPOS="1215" WIDTH="15"/>
						<String ID="P124_ST00225" HPOS="1047" VPOS="1183" WIDTH="47" HEIGHT="26" CONTENT="the" WC="0.78" CC="060"/>
					</TextLine>
					<TextLine ID="P124_TL00025" HPOS="161" VPOS="1228" WIDTH="933" HEIGHT="35">
						<String ID="P124_ST00226" HPOS="161" VPOS="1228" WIDTH="126" HEIGHT="35" CONTENT="Bishop's" WC="0.85" CC="20030050"/>
						<SP ID="P124_SP00201" HPOS="287" VPOS="1263" WIDTH="22"/>
						<String ID="P124_ST00227" HPOS="309" VPOS="1229" WIDTH="97" HEIGHT="34" CONTENT="palace" WC="1.00" CC="000000"/>
						<SP ID="P124_SP00202" HPOS="406" VPOS="1263" WIDTH="21"/>
						<String ID="P124_ST00228" HPOS="427" VPOS="1229" WIDTH="22" HEIGHT="26" CONTENT="is" WC="0.65" CC="70"/>
						<SP ID="P124_SP00203" HPOS="449" VPOS="1263" WIDTH="24"/>
						<String ID="P124_ST00229" HPOS="473" VPOS="1229" WIDTH="128" HEIGHT="34" CONTENT="opposite" WC="0.94" CC="00000400"/>
						<SP ID="P124_SP00204" HPOS="601" VPOS="1263" WIDTH="26"/>
						<String ID="P124_ST00230" HPOS="627" VPOS="1229" WIDTH="49" HEIGHT="27" CONTENT="the" WC="0.98" CC="000"/>
						<SP ID="P124_SP00205" HPOS="676" VPOS="1263" WIDTH="23"/>
						<String ID="P124_ST00231" HPOS="699" VPOS="1229" WIDTH="160" HEIGHT="32" CONTENT="Cathedral," WC="0.87" CC="0006000060"/>
						<SP ID="P124_SP00206" HPOS="859" VPOS="1263" WIDTH="25"/>
						<String ID="P124_ST00232" HPOS="884" VPOS="1230" WIDTH="57" HEIGHT="26" CONTENT="and" WC="1.00" CC="000"/>
						<SP ID="P124_SP00207" HPOS="941" VPOS="1263" WIDTH="21"/>
						<String ID="P124_ST00233" HPOS="962" VPOS="1230" WIDTH="63" HEIGHT="26" CONTENT="that" WC="1.00" CC="0000"/>
						<SP ID="P124_SP00208" HPOS="1025" VPOS="1263" WIDTH="22"/>
						<String ID="P124_ST00234" HPOS="1047" VPOS="1231" WIDTH="47" HEIGHT="26" CONTENT="the" WC="0.66" CC="900"/>
					</TextLine>
					<TextLine ID="P124_TL00026" HPOS="162" VPOS="1277" WIDTH="932" HEIGHT="35">
						<String ID="P124_ST00235" HPOS="162" VPOS="1277" WIDTH="94" HEIGHT="25" CONTENT="racket" WC="0.93" CC="000400"/>
						<SP ID="P124_SP00209" HPOS="256" VPOS="1302" WIDTH="19"/>
						<String ID="P124_ST00236" HPOS="275" VPOS="1280" WIDTH="79" HEIGHT="22" CONTENT="court" WC="1.00" CC="00000"/>
						<SP ID="P124_SP00210" HPOS="354" VPOS="1302" WIDTH="20"/>
						<String ID="P124_ST00237" HPOS="374" VPOS="1277" WIDTH="22" HEIGHT="25" CONTENT="is" WC="0.70" CC="50"/>
						<SP ID="P124_SP00211" HPOS="396" VPOS="1302" WIDTH="16"/>
						<String ID="P124_ST00238" HPOS="412" VPOS="1277" WIDTH="73" HEIGHT="25" CONTENT="close" WC="0.94" CC="02000"/>
						<SP ID="P124_SP00212" HPOS="485" VPOS="1302" WIDTH="15"/>
						<String ID="P124_ST00239" HPOS="500" VPOS="1280" WIDTH="30" HEIGHT="22" CONTENT="to" WC="1.00" CC="00"/>
						<SP ID="P124_SP00213" HPOS="530" VPOS="1302" WIDTH="14"/>
						<String ID="P124_ST00240" HPOS="544" VPOS="1277" WIDTH="48" HEIGHT="25" CONTENT="the" WC="0.90" CC="020"/>
						<SP ID="P124_SP00214" HPOS="592" VPOS="1302" WIDTH="13"/>
						<String ID="P124_ST00241" HPOS="605" VPOS="1277" WIDTH="84" HEIGHT="25" CONTENT="latter" WC="1.00" CC="000000"/>
						<SP ID="P124_SP00215" HPOS="689" VPOS="1302" WIDTH="15"/>
						<String ID="P124_ST00242" HPOS="704" VPOS="1278" WIDTH="26" HEIGHT="33" CONTENT="(a" WC="1.00" CC="00"/>
						<SP ID="P124_SP00216" HPOS="730" VPOS="1311" WIDTH="11"/>
						<String ID="P124_ST00243" HPOS="741" VPOS="1286" WIDTH="66" HEIGHT="25" CONTENT="very" WC="1.00" CC="0000"/>
						<SP ID="P124_SP00217" HPOS="807" VPOS="1311" WIDTH="14"/>
						<String ID="P124_ST00244" HPOS="821" VPOS="1278" WIDTH="146" HEIGHT="33" CONTENT="unsightly" WC="0.83" CC="010580000"/>
						<SP ID="P124_SP00218" HPOS="967" VPOS="1311" WIDTH="14"/>
						<String ID="P124_ST00245" HPOS="981" VPOS="1278" WIDTH="113" HEIGHT="34" CONTENT="object)," WC="0.92" CC="02000020"/>
					</TextLine>
					<TextLine ID="P124_TL00027" HPOS="163" VPOS="1324" WIDTH="891" HEIGHT="33">
						<String ID="P124_ST00246" HPOS="163" VPOS="1324" WIDTH="50" HEIGHT="26" CONTENT="but" WC="1.00" CC="000"/>
						<SP ID="P124_SP00219" HPOS="213" VPOS="1350" WIDTH="18"/>
						<String ID="P124_ST00247" HPOS="231" VPOS="1324" WIDTH="62" HEIGHT="26" CONTENT="that" WC="0.90" CC="0400"/>
						<SP ID="P124_SP00220" HPOS="293" VPOS="1350" WIDTH="14"/>
						<String ID="P124_ST00248" HPOS="307" VPOS="1324" WIDTH="48" HEIGHT="26" CONTENT="the" WC="0.85" CC="040"/>
						<SP ID="P124_SP00221" HPOS="355" VPOS="1350" WIDTH="13"/>
						<String ID="P124_ST00249" HPOS="368" VPOS="1324" WIDTH="94" HEIGHT="33" CONTENT="public" WC="0.88" CC="000070"/>
						<SP ID="P124_SP00222" HPOS="462" VPOS="1357" WIDTH="15"/>
						<String ID="P124_ST00250" HPOS="477" VPOS="1324" WIDTH="67" HEIGHT="26" CONTENT="road" WC="1.00" CC="0000"/>
						<SP ID="P124_SP00223" HPOS="544" VPOS="1357" WIDTH="15"/>
						<String ID="P124_ST00251" HPOS="559" VPOS="1333" WIDTH="64" HEIGHT="17" CONTENT="runs" WC="1.00" CC="0000"/>
						<SP ID="P124_SP00224" HPOS="623" VPOS="1357" WIDTH="15"/>
						<String ID="P124_ST00252" HPOS="638" VPOS="1324" WIDTH="126" HEIGHT="26" CONTENT="between" WC="1.00" CC="0000000"/>
						<SP ID="P124_SP00225" HPOS="764" VPOS="1357" WIDTH="14"/>
						<String ID="P124_ST00253" HPOS="778" VPOS="1325" WIDTH="22" HEIGHT="25" CONTENT="it" WC="0.88" CC="20"/>
						<SP ID="P124_SP00226" HPOS="800" VPOS="1357" WIDTH="14"/>
						<String ID="P124_ST00254" HPOS="814" VPOS="1325" WIDTH="56" HEIGHT="25" CONTENT="and" WC="1.00" CC="000"/>
						<SP ID="P124_SP00227" HPOS="870" VPOS="1357" WIDTH="15"/>
						<String ID="P124_ST00255" HPOS="885" VPOS="1326" WIDTH="47" HEIGHT="25" CONTENT="the" WC="1.00" CC="000"/>
						<SP ID="P124_SP00228" HPOS="932" VPOS="1357" WIDTH="18"/>
						<String ID="P124_ST00256" HPOS="950" VPOS="1326" WIDTH="104" HEIGHT="26" CONTENT="Palace." WC="0.96" CC="2000000"/>
					</TextLine>
				</TextBlock>
				<TextBlock ID="P124_TB00005" HPOS="162" VPOS="1371" WIDTH="932" HEIGHT="81" STYLEREFS="TXT_0 PAR_LEFT">
					<TextLine ID="P124_TL00028" HPOS="202" VPOS="1372" WIDTH="892" HEIGHT="36">
						<String ID="P124_ST00257" HPOS="202" VPOS="1372" WIDTH="145" HEIGHT="31" CONTENT="However," WC="0.90" CC="40000020"/>
						<SP ID="P124_SP00229" HPOS="347" VPOS="1403" WIDTH="16"/>
						<String ID="P124_ST00258" HPOS="363" VPOS="1372" WIDTH="12" HEIGHT="26" CONTENT="I" WC="1.00" CC="0"/>
						<SP ID="P124_SP00230" HPOS="375" VPOS="1403" WIDTH="15"/>
						<String ID="P124_ST00259" HPOS="390" VPOS="1372" WIDTH="67" HEIGHT="33" CONTENT="only" WC="1.00" CC="0000"/>
						<SP ID="P124_SP00231" HPOS="457" VPOS="1405" WIDTH="13"/>
						<String ID="P124_ST00260" HPOS="470" VPOS="1372" WIDTH="60" HEIGHT="26" CONTENT="said" WC="0.83" CC="0060"/>
						<SP ID="P124_SP00232" HPOS="530" VPOS="1405" WIDTH="14"/>
						<String ID="P124_ST00261" HPOS="544" VPOS="1372" WIDTH="62" HEIGHT="26" CONTENT="that" WC="0.91" CC="0300"/>
						<SP ID="P124_SP00233" HPOS="606" VPOS="1405" WIDTH="16"/>
						<String ID="P124_ST00262" HPOS="622" VPOS="1372" WIDTH="11" HEIGHT="25" CONTENT="I" WC="0.96" CC="0"/>
						<SP ID="P124_SP00234" HPOS="633" VPOS="1405" WIDTH="16"/>
						<String ID="P124_ST00263" HPOS="649" VPOS="1372" WIDTH="127" HEIGHT="26" CONTENT="believed" WC="0.91" CC="00330000"/>
						<SP ID="P124_SP00235" HPOS="776" VPOS="1405" WIDTH="14"/>
						<String ID="P124_ST00264" HPOS="790" VPOS="1372" WIDTH="49" HEIGHT="27" CONTENT="the" WC="0.94" CC="010"/>
						<SP ID="P124_SP00236" HPOS="839" VPOS="1405" WIDTH="15"/>
						<String ID="P124_ST00265" HPOS="854" VPOS="1373" WIDTH="106" HEIGHT="35" CONTENT="Bishop" WC="0.74" CC="150602"/>
						<SP ID="P124_SP00237" HPOS="960" VPOS="1408" WIDTH="21"/>
						<String ID="P124_ST00266" HPOS="981" VPOS="1377" WIDTH="29" HEIGHT="22" CONTENT="to" WC="1.00" CC="00"/>
						<SP ID="P124_SP00238" HPOS="1010" VPOS="1408" WIDTH="21"/>
						<String ID="P124_ST00267" HPOS="1031" VPOS="1374" WIDTH="35" HEIGHT="25" CONTENT="be" WC="1.00" CC="00"/>
						<SP ID="P124_SP00239" HPOS="1066" VPOS="1408" WIDTH="14"/>
						<String ID="P124_ST00268" HPOS="1080" VPOS="1383" WIDTH="14" HEIGHT="16" CONTENT="a" WC="1.00" CC="0"/>
					</TextLine>
					<TextLine ID="P124_TL00029" HPOS="163" VPOS="1419" WIDTH="381" HEIGHT="33">
						<String ID="P124_ST00269" HPOS="163" VPOS="1428" WIDTH="67" HEIGHT="24" CONTENT="very" WC="1.00" CC="0000"/>
						<SP ID="P124_SP00240" HPOS="230" VPOS="1452" WIDTH="13"/>
						<String ID="P124_ST00270" HPOS="243" VPOS="1420" WIDTH="75" HEIGHT="32" CONTENT="good" WC="1.00" CC="0000"/>
						<SP ID="P124_SP00241" HPOS="318" VPOS="1452" WIDTH="14"/>
						<String ID="P124_ST00271" HPOS="332" VPOS="1419" WIDTH="95" HEIGHT="26" CONTENT="racket" WC="1.00" CC="000000"/>
						<SP ID="P124_SP00242" HPOS="427" VPOS="1452" WIDTH="13"/>
						<String ID="P124_ST00272" HPOS="440" VPOS="1420" WIDTH="104" HEIGHT="32" CONTENT="player." WC="0.93" CC="0100002"/>
					</TextLine>
				</TextBlock>
				<TextBlock ID="P124_TB00006" HPOS="165" VPOS="1465" WIDTH="934" HEIGHT="130" STYLEREFS="TXT_0 PAR_LEFT">
					<TextLine ID="P124_TL00030" HPOS="202" VPOS="1466" WIDTH="897" HEIGHT="37">
						<String ID="P124_ST00273" HPOS="202" VPOS="1467" WIDTH="57" HEIGHT="26" CONTENT="She" WC="1.00" CC="000"/>
						<SP ID="P124_SP00243" HPOS="259" VPOS="1493" WIDTH="23"/>
						<String ID="P124_ST00274" HPOS="282" VPOS="1467" WIDTH="101" HEIGHT="26" CONTENT="looked" WC="0.82" CC="500500"/>
						<SP ID="P124_SP00244" HPOS="383" VPOS="1493" WIDTH="23"/>
						<String ID="P124_ST00275" HPOS="406" VPOS="1471" WIDTH="29" HEIGHT="22" CONTENT="at" WC="1.00" CC="00"/>
						<SP ID="P124_SP00245" HPOS="435" VPOS="1493" WIDTH="24"/>
						<String ID="P124_ST00276" HPOS="459" VPOS="1476" WIDTH="44" HEIGHT="17" CONTENT="me" WC="1.00" CC="00"/>
						<SP ID="P124_SP00246" HPOS="503" VPOS="1493" WIDTH="23"/>
						<String ID="P124_ST00277" HPOS="526" VPOS="1466" WIDTH="160" HEIGHT="34" CONTENT="doubtfully" WC="0.90" CC="0000100152"/>
						<String ID="P124_ST00278" HPOS="698" VPOS="1476" WIDTH="5" HEIGHT="23" CONTENT=";" WC="1.00" CC="0"/>
						<SP ID="P124_SP00247" HPOS="703" VPOS="1500" WIDTH="24"/>
						<String ID="P124_ST00279" HPOS="727" VPOS="1467" WIDTH="50" HEIGHT="26" CONTENT="but" WC="0.83" CC="040"/>
						<SP ID="P124_SP00248" HPOS="777" VPOS="1500" WIDTH="15"/>
						<String ID="P124_ST00280" HPOS="792" VPOS="1467" WIDTH="172" HEIGHT="36" CONTENT="fortunately" WC="0.85" CC="00203500030"/>
						<SP ID="P124_SP00249" HPOS="964" VPOS="1503" WIDTH="14"/>
						<String ID="P124_ST00281" HPOS="978" VPOS="1478" WIDTH="16" HEIGHT="17" CONTENT="a" WC="1.00" CC="0"/>
						<SP ID="P124_SP00250" HPOS="994" VPOS="1503" WIDTH="23"/>
						<String ID="P124_ST00282" HPOS="1017" VPOS="1477" WIDTH="82" HEIGHT="17" CONTENT="move" WC="1.00" CC="0000"/>
					</TextLine>
					<TextLine ID="P124_TL00031" HPOS="166" VPOS="1514" WIDTH="933" HEIGHT="32">
						<String ID="P124_ST00283" HPOS="166" VPOS="1524" WIDTH="56" HEIGHT="17" CONTENT="was" WC="1.00" CC="000"/>
						<SP ID="P124_SP00251" HPOS="222" VPOS="1541" WIDTH="14"/>
						<String ID="P124_ST00284" HPOS="236" VPOS="1515" WIDTH="82" HEIGHT="26" CONTENT="made" WC="1.00" CC="0000"/>
						<SP ID="P124_SP00252" HPOS="318" VPOS="1541" WIDTH="15"/>
						<String ID="P124_ST00285" HPOS="333" VPOS="1515" WIDTH="70" HEIGHT="26" CONTENT="from" WC="0.94" CC="2000"/>
						<SP ID="P124_SP00253" HPOS="403" VPOS="1541" WIDTH="14"/>
						<String ID="P124_ST00286" HPOS="417" VPOS="1514" WIDTH="47" HEIGHT="26" CONTENT="the" WC="0.98" CC="000"/>
						<SP ID="P124_SP00254" HPOS="464" VPOS="1541" WIDTH="14"/>
						<String ID="P124_ST00287" HPOS="478" VPOS="1514" WIDTH="84" HEIGHT="32" CONTENT="table," WC="0.98" CC="000001"/>
						<SP ID="P124_SP00255" HPOS="562" VPOS="1546" WIDTH="15"/>
						<String ID="P124_ST00288" HPOS="577" VPOS="1515" WIDTH="56" HEIGHT="25" CONTENT="and" WC="1.00" CC="000"/>
						<SP ID="P124_SP00256" HPOS="633" VPOS="1546" WIDTH="15"/>
						<String ID="P124_ST00289" HPOS="648" VPOS="1514" WIDTH="46" HEIGHT="26" CONTENT="the" WC="1.00" CC="000"/>
						<SP ID="P124_SP00257" HPOS="694" VPOS="1546" WIDTH="15"/>
						<String ID="P124_ST00290" HPOS="709" VPOS="1519" WIDTH="56" HEIGHT="22" CONTENT="rest" WC="1.00" CC="0000"/>
						<SP ID="P124_SP00258" HPOS="765" VPOS="1546" WIDTH="13"/>
						<String ID="P124_ST00291" HPOS="778" VPOS="1515" WIDTH="32" HEIGHT="26" CONTENT="of" WC="0.83" CC="03"/>
						<SP ID="P124_SP00259" HPOS="810" VPOS="1546" WIDTH="10"/>
						<String ID="P124_ST00292" HPOS="820" VPOS="1515" WIDTH="49" HEIGHT="27" CONTENT="the" WC="0.81" CC="050"/>
						<SP ID="P124_SP00260" HPOS="869" VPOS="1546" WIDTH="13"/>
						<String ID="P124_ST00293" HPOS="882" VPOS="1516" WIDTH="217" HEIGHT="27" CONTENT="entertainment" WC="0.73" CC="0000400409069"/>
					</TextLine>
					<TextLine ID="P124_TL00032" HPOS="168" VPOS="1561" WIDTH="662" HEIGHT="34">
						<String ID="P124_ST00294" HPOS="168" VPOS="1563" WIDTH="100" HEIGHT="32" CONTENT="passed" WC="1.00" CC="000000"/>
						<SP ID="P124_SP00261" HPOS="268" VPOS="1595" WIDTH="15"/>
						<String ID="P124_ST00295" HPOS="283" VPOS="1563" WIDTH="41" HEIGHT="25" CONTENT="off" WC="1.00" CC="000"/>
						<SP ID="P124_SP00262" HPOS="324" VPOS="1595" WIDTH="16"/>
						<String ID="P124_ST00296" HPOS="340" VPOS="1562" WIDTH="116" HEIGHT="26" CONTENT="without" WC="0.70" CC="0676000"/>
						<SP ID="P124_SP00263" HPOS="456" VPOS="1595" WIDTH="15"/>
						<String ID="P124_ST00297" HPOS="471" VPOS="1561" WIDTH="106" HEIGHT="26" CONTENT="further" WC="0.81" CC="6200003"/>
						<SP ID="P124_SP00264" HPOS="577" VPOS="1595" WIDTH="13"/>
						<String ID="P124_ST00298" HPOS="590" VPOS="1561" WIDTH="240" HEIGHT="34" CONTENT="unpleasantness." WC="0.87" CC="020000002092001"/>
					</TextLine>
				</TextBlock>
			</PrintSpace>
		</Page>
	</Layout>
</alto>
