<?xml version="1.0" encoding="UTF-8"?>
<alto xmlns:xsi="http://www.w3.org/2001/XMLSchema-instance" xsi:noNamespaceSchemaLocation="http://www.bl.uk/schemas/alto/alto-1-4.xsd" xmlns:xlink="http://www.w3.org/1999/xlink">
	<Description>
		<MeasurementUnit>mm10</MeasurementUnit>
		<sourceImageInformation>
			<fileName>//head1/IN/2008-11/A0011351408.2/007525.jp2</fileName>
		</sourceImageInformation>
		<OCRProcessing ID="OCRPROCESSING_1">
			<preProcessingStep>
				<processingSoftware>
					<softwareCreator>CCS Content Conversion Specialists GmbH, Germany</softwareCreator>
					<softwareName>CCS docWORKS</softwareName>
					<softwareVersion>6.1-0.67</softwareVersion>
				</processingSoftware>
			</preProcessingStep>
			<ocrProcessingStep>
				<processingSoftware>
					<softwareCreator>ABBYY (BIT Software), Russia</softwareCreator>
					<softwareName>Finereader</softwareName>
				</processingSoftware>
			</ocrProcessingStep>
		</OCRProcessing>
	</Description>
	<Styles>
		<TextStyle ID="TXT_0" FONTSIZE="10" FONTFAMILY="Courier New"/>
		<TextStyle ID="TXT_1" FONTSIZE="11" FONTFAMILY="Courier New"/>
		<TextStyle ID="TXT_2" FONTSIZE="9" FONTFAMILY="Courier New"/>
		<ParagraphStyle ID="PAR_CENTER" ALIGN="Center"/>
		<ParagraphStyle ID="PAR_RIGHT" ALIGN="Right"/>
		<ParagraphStyle ID="PAR_LEFT" ALIGN="Left"/>
	</Styles>
	<Layout>
		<Page ID="P145" PHYSICAL_IMG_NR="145" HEIGHT="1675" WIDTH="1155" PRINTED_IMG_NR="137" POSITION="Right" ACCURACY="90.44">
			<TopMargin ID="P145_TM00001" HPOS="0" VPOS="0" WIDTH="1154" HEIGHT="155">
				<TextBlock ID="P145_TB00001" HPOS="439" VPOS="114" WIDTH="324" HEIGHT="40" STYLEREFS="TXT_0 PAR_CENTER">
					<TextLine ID="P145_TL00001" HPOS="440" VPOS="115" WIDTH="323" HEIGHT="39">
						<String ID="P145_ST00001" HPOS="440" VPOS="115" WIDTH="94" HEIGHT="30" CONTENT="Mode" WC="0.67" CC="0606"/>
						<SP ID="P145_SP00001" HPOS="534" VPOS="145" WIDTH="20"/>
						<String ID="P145_ST00002" HPOS="554" VPOS="116" WIDTH="40" HEIGHT="38" CONTENT="of" WC="0.77" CC="40"/>
						<SP ID="P145_SP00002" HPOS="594" VPOS="154" WIDTH="14"/>
						<String ID="P145_ST00003" HPOS="608" VPOS="116" WIDTH="155" HEIGHT="38" CONTENT="Burying." WC="0.87" CC="23000201"/>
					</TextLine>
				</TextBlock>
				<TextBlock ID="P145_TB00002" HPOS="1010" VPOS="124" WIDTH="54" HEIGHT="30" STYLEREFS="TXT_1 PAR_RIGHT">
					<TextLine ID="P145_TL00002" HPOS="1010" VPOS="124" WIDTH="54" HEIGHT="30">
						<String ID="P145_ST00004" HPOS="1010" VPOS="124" WIDTH="54" HEIGHT="30" CONTENT="137" WC="1.00" CC="000"/>
					</TextLine>
				</TextBlock>
			</TopMargin>
			<LeftMargin ID="P145_LM00001" HPOS="0" VPOS="155" WIDTH="123" HEIGHT="1448"/>
			<RightMargin ID="P145_RM00001" HPOS="1065" VPOS="155" WIDTH="89" HEIGHT="1448"/>
			<BottomMargin ID="P145_BM00001" HPOS="0" VPOS="1603" WIDTH="1154" HEIGHT="71"/>
			<PrintSpace ID="P145_PS00001" HPOS="123" VPOS="155" WIDTH="942" HEIGHT="1448">
				<TextBlock ID="P145_TB00003" HPOS="131" VPOS="197" WIDTH="934" HEIGHT="74" STYLEREFS="TXT_2 PAR_LEFT">
					<TextLine ID="P145_TL00003" HPOS="131" VPOS="198" WIDTH="934" HEIGHT="36">
						<String ID="P145_ST00005" HPOS="131" VPOS="198" WIDTH="93" HEIGHT="26" CONTENT="stated" WC="1.00" CC="000000"/>
						<SP ID="P145_SP00003" HPOS="224" VPOS="224" WIDTH="22"/>
						<String ID="P145_ST00006" HPOS="246" VPOS="198" WIDTH="62" HEIGHT="27" CONTENT="that" WC="1.00" CC="0000"/>
						<SP ID="P145_SP00004" HPOS="308" VPOS="225" WIDTH="23"/>
						<String ID="P145_ST00007" HPOS="331" VPOS="199" WIDTH="104" HEIGHT="34" CONTENT="special" WC="1.00" CC="0000000"/>
						<SP ID="P145_SP00005" HPOS="435" VPOS="233" WIDTH="24"/>
						<String ID="P145_ST00008" HPOS="459" VPOS="200" WIDTH="205" HEIGHT="26" CONTENT="consideration" WC="0.91" CC="0000400000600"/>
						<SP ID="P145_SP00006" HPOS="664" VPOS="233" WIDTH="28"/>
						<String ID="P145_ST00009" HPOS="692" VPOS="200" WIDTH="90" HEIGHT="26" CONTENT="would" WC="0.99" CC="00000"/>
						<SP ID="P145_SP00007" HPOS="782" VPOS="233" WIDTH="24"/>
						<String ID="P145_ST00010" HPOS="806" VPOS="200" WIDTH="35" HEIGHT="26" CONTENT="be" WC="1.00" CC="00"/>
						<SP ID="P145_SP00008" HPOS="841" VPOS="233" WIDTH="22"/>
						<String ID="P145_ST00011" HPOS="863" VPOS="201" WIDTH="81" HEIGHT="33" CONTENT="given" WC="0.73" CC="00705"/>
						<SP ID="P145_SP00009" HPOS="944" VPOS="234" WIDTH="25"/>
						<String ID="P145_ST00012" HPOS="969" VPOS="204" WIDTH="28" HEIGHT="22" CONTENT="to" WC="1.00" CC="00"/>
						<SP ID="P145_SP00010" HPOS="997" VPOS="234" WIDTH="22"/>
						<String ID="P145_ST00013" HPOS="1019" VPOS="201" WIDTH="46" HEIGHT="26" CONTENT="the" WC="1.00" CC="000"/>
					</TextLine>
					<TextLine ID="P145_TL00004" HPOS="133" VPOS="246" WIDTH="232" HEIGHT="25">
						<String ID="P145_ST00014" HPOS="133" VPOS="254" WIDTH="64" HEIGHT="17" CONTENT="case" WC="0.93" CC="0020"/>
						<SP ID="P145_SP00011" HPOS="197" VPOS="271" WIDTH="14"/>
						<String ID="P145_ST00015" HPOS="211" VPOS="246" WIDTH="31" HEIGHT="25" CONTENT="of" WC="1.00" CC="00"/>
						<SP ID="P145_SP00012" HPOS="242" VPOS="271" WIDTH="19"/>
						<String ID="P145_ST00016" HPOS="261" VPOS="246" WIDTH="104" HEIGHT="25" CONTENT="Dacca." WC="1.00" CC="000000"/>
					</TextLine>
				</TextBlock>
				<TextBlock ID="P145_TB00004" HPOS="128" VPOS="292" WIDTH="937" HEIGHT="640" STYLEREFS="TXT_2 PAR_LEFT">
					<TextLine ID="P145_TL00005" HPOS="169" VPOS="293" WIDTH="896" HEIGHT="36">
						<String ID="P145_ST00017" HPOS="169" VPOS="293" WIDTH="61" HEIGHT="26" CONTENT="The" WC="0.99" CC="000"/>
						<SP ID="P145_SP00013" HPOS="230" VPOS="319" WIDTH="19"/>
						<String ID="P145_ST00018" HPOS="249" VPOS="293" WIDTH="253" HEIGHT="27" CONTENT="Lieut.-Governor" WC="0.81" CC="060090005003002"/>
						<SP ID="P145_SP00014" HPOS="502" VPOS="320" WIDTH="20"/>
						<String ID="P145_ST00019" HPOS="522" VPOS="295" WIDTH="153" HEIGHT="34" CONTENT="expressed" WC="1.00" CC="000000000"/>
						<SP ID="P145_SP00015" HPOS="675" VPOS="329" WIDTH="23"/>
						<String ID="P145_ST00020" HPOS="698" VPOS="295" WIDTH="114" HEIGHT="26" CONTENT="himself" WC="0.82" CC="4500020"/>
						<SP ID="P145_SP00016" HPOS="812" VPOS="329" WIDTH="20"/>
						<String ID="P145_ST00021" HPOS="832" VPOS="295" WIDTH="112" HEIGHT="34" CONTENT="pleased" WC="1.00" CC="0000000"/>
						<SP ID="P145_SP00017" HPOS="944" VPOS="329" WIDTH="24"/>
						<String ID="P145_ST00022" HPOS="968" VPOS="299" WIDTH="29" HEIGHT="22" CONTENT="at" WC="1.00" CC="00"/>
						<SP ID="P145_SP00018" HPOS="997" VPOS="329" WIDTH="20"/>
						<String ID="P145_ST00023" HPOS="1017" VPOS="295" WIDTH="48" HEIGHT="25" CONTENT="the" WC="0.73" CC="800"/>
					</TextLine>
					<TextLine ID="P145_TL00006" HPOS="131" VPOS="341" WIDTH="933" HEIGHT="34">
						<String ID="P145_ST00024" HPOS="131" VPOS="341" WIDTH="100" HEIGHT="34" CONTENT="vigour" WC="1.00" CC="000000"/>
						<SP ID="P145_SP00019" HPOS="231" VPOS="375" WIDTH="14"/>
						<String ID="P145_ST00025" HPOS="245" VPOS="341" WIDTH="32" HEIGHT="26" CONTENT="of" WC="0.84" CC="03"/>
						<SP ID="P145_SP00020" HPOS="277" VPOS="375" WIDTH="11"/>
						<String ID="P145_ST00026" HPOS="288" VPOS="350" WIDTH="49" HEIGHT="25" CONTENT="my" WC="1.00" CC="00"/>
						<SP ID="P145_SP00021" HPOS="337" VPOS="375" WIDTH="14"/>
						<String ID="P145_ST00027" HPOS="351" VPOS="342" WIDTH="114" HEIGHT="32" CONTENT="minute," WC="0.89" CC="0610000"/>
						<SP ID="P145_SP00022" HPOS="465" VPOS="375" WIDTH="15"/>
						<String ID="P145_ST00028" HPOS="480" VPOS="342" WIDTH="55" HEIGHT="26" CONTENT="and" WC="1.00" CC="000"/>
						<SP ID="P145_SP00023" HPOS="535" VPOS="375" WIDTH="15"/>
						<String ID="P145_ST00029" HPOS="550" VPOS="342" WIDTH="59" HEIGHT="26" CONTENT="also" WC="0.88" CC="0130"/>
						<SP ID="P145_SP00024" HPOS="609" VPOS="375" WIDTH="13"/>
						<String ID="P145_ST00030" HPOS="622" VPOS="342" WIDTH="105" HEIGHT="26" CONTENT="wished" WC="0.93" CC="000400"/>
						<SP ID="P145_SP00025" HPOS="727" VPOS="375" WIDTH="22"/>
						<String ID="P145_ST00031" HPOS="749" VPOS="346" WIDTH="30" HEIGHT="22" CONTENT="to" WC="1.00" CC="00"/>
						<SP ID="P145_SP00026" HPOS="779" VPOS="375" WIDTH="22"/>
						<String ID="P145_ST00032" HPOS="801" VPOS="342" WIDTH="82" HEIGHT="26" CONTENT="know" WC="1.00" CC="0000"/>
						<SP ID="P145_SP00027" HPOS="883" VPOS="375" WIDTH="14"/>
						<String ID="P145_ST00033" HPOS="897" VPOS="342" WIDTH="22" HEIGHT="25" CONTENT="if" WC="0.77" CC="40"/>
						<SP ID="P145_SP00028" HPOS="919" VPOS="375" WIDTH="18"/>
						<String ID="P145_ST00034" HPOS="937" VPOS="342" WIDTH="11" HEIGHT="26" CONTENT="I" WC="1.00" CC="0"/>
						<SP ID="P145_SP00029" HPOS="948" VPOS="375" WIDTH="25"/>
						<String ID="P145_ST00035" HPOS="973" VPOS="342" WIDTH="91" HEIGHT="26" CONTENT="would" WC="1.00" CC="00000"/>
					</TextLine>
					<TextLine ID="P145_TL00007" HPOS="133" VPOS="387" WIDTH="932" HEIGHT="36">
						<String ID="P145_ST00036" HPOS="133" VPOS="387" WIDTH="57" HEIGHT="27" CONTENT="like" WC="0.85" CC="0500"/>
						<SP ID="P145_SP00030" HPOS="190" VPOS="414" WIDTH="13"/>
						<String ID="P145_ST00037" HPOS="203" VPOS="392" WIDTH="31" HEIGHT="22" CONTENT="to" WC="1.00" CC="00"/>
						<SP ID="P145_SP00031" HPOS="234" VPOS="414" WIDTH="12"/>
						<String ID="P145_ST00038" HPOS="246" VPOS="388" WIDTH="114" HEIGHT="35" CONTENT="deprive" WC="0.94" CC="0000400"/>
						<SP ID="P145_SP00032" HPOS="360" VPOS="423" WIDTH="14"/>
						<String ID="P145_ST00039" HPOS="374" VPOS="398" WIDTH="57" HEIGHT="25" CONTENT="any" WC="1.00" CC="000"/>
						<SP ID="P145_SP00033" HPOS="431" VPOS="423" WIDTH="11"/>
						<String ID="P145_ST00040" HPOS="442" VPOS="389" WIDTH="30" HEIGHT="25" CONTENT="of" WC="0.95" CC="00"/>
						<SP ID="P145_SP00034" HPOS="472" VPOS="423" WIDTH="11"/>
						<String ID="P145_ST00041" HPOS="483" VPOS="389" WIDTH="47" HEIGHT="25" CONTENT="the" WC="0.84" CC="040"/>
						<SP ID="P145_SP00035" HPOS="530" VPOS="423" WIDTH="14"/>
						<String ID="P145_ST00042" HPOS="544" VPOS="389" WIDTH="155" HEIGHT="34" CONTENT="Municipal" WC="0.90" CC="000000026"/>
						<SP ID="P145_SP00036" HPOS="699" VPOS="423" WIDTH="15"/>
						<String ID="P145_ST00043" HPOS="714" VPOS="389" WIDTH="230" HEIGHT="26" CONTENT="Commissioners" WC="0.77" CC="2050601401600"/>
						<SP ID="P145_SP00037" HPOS="944" VPOS="423" WIDTH="9"/>
						<String ID="P145_ST00044" HPOS="953" VPOS="390" WIDTH="32" HEIGHT="25" CONTENT="of" WC="1.00" CC="00"/>
						<SP ID="P145_SP00038" HPOS="985" VPOS="423" WIDTH="9"/>
						<String ID="P145_ST00045" HPOS="994" VPOS="390" WIDTH="71" HEIGHT="25" CONTENT="their" WC="0.68" CC="05073"/>
					</TextLine>
					<TextLine ID="P145_TL00008" HPOS="130" VPOS="436" WIDTH="934" HEIGHT="34">
						<String ID="P145_ST00046" HPOS="130" VPOS="439" WIDTH="84" HEIGHT="28" CONTENT="seats," WC="0.93" CC="000004"/>
						<SP ID="P145_SP00039" HPOS="214" VPOS="467" WIDTH="12"/>
						<String ID="P145_ST00047" HPOS="226" VPOS="445" WIDTH="37" HEIGHT="17" CONTENT="on" WC="1.00" CC="00"/>
						<SP ID="P145_SP00040" HPOS="263" VPOS="467" WIDTH="11"/>
						<String ID="P145_ST00048" HPOS="274" VPOS="436" WIDTH="48" HEIGHT="26" CONTENT="the" WC="0.97" CC="000"/>
						<SP ID="P145_SP00041" HPOS="322" VPOS="467" WIDTH="11"/>
						<String ID="P145_ST00049" HPOS="333" VPOS="437" WIDTH="109" HEIGHT="33" CONTENT="ground" WC="0.78" CC="900020"/>
						<SP ID="P145_SP00042" HPOS="442" VPOS="470" WIDTH="10"/>
						<String ID="P145_ST00050" HPOS="452" VPOS="436" WIDTH="32" HEIGHT="26" CONTENT="of" WC="0.89" CC="02"/>
						<SP ID="P145_SP00043" HPOS="484" VPOS="470" WIDTH="7"/>
						<String ID="P145_ST00051" HPOS="491" VPOS="436" WIDTH="105" HEIGHT="34" CONTENT="apathy" WC="1.00" CC="000000"/>
						<SP ID="P145_SP00044" HPOS="596" VPOS="470" WIDTH="11"/>
						<String ID="P145_ST00052" HPOS="607" VPOS="436" WIDTH="56" HEIGHT="26" CONTENT="and" WC="0.60" CC="560"/>
						<SP ID="P145_SP00045" HPOS="663" VPOS="470" WIDTH="11"/>
						<String ID="P145_ST00053" HPOS="674" VPOS="437" WIDTH="168" HEIGHT="25" CONTENT="inattention" WC="0.71" CC="39000050308"/>
						<SP ID="P145_SP00046" HPOS="842" VPOS="470" WIDTH="9"/>
						<String ID="P145_ST00054" HPOS="851" VPOS="441" WIDTH="29" HEIGHT="21" CONTENT="to" WC="1.00" CC="00"/>
						<SP ID="P145_SP00047" HPOS="880" VPOS="470" WIDTH="12"/>
						<String ID="P145_ST00055" HPOS="892" VPOS="438" WIDTH="75" HEIGHT="32" CONTENT="duty." WC="1.00" CC="00000"/>
						<SP ID="P145_SP00048" HPOS="967" VPOS="470" WIDTH="32"/>
						<String ID="P145_ST00056" HPOS="999" VPOS="437" WIDTH="12" HEIGHT="26" CONTENT="I" WC="1.00" CC="0"/>
						<SP ID="P145_SP00049" HPOS="1011" VPOS="470" WIDTH="13"/>
						<String ID="P145_ST00057" HPOS="1024" VPOS="446" WIDTH="40" HEIGHT="17" CONTENT="re" SUBS_TYPE="HypPart1" SUBS_CONTENT="replied" WC="1.00" CC="000"/>
						<HYP CONTENT="-"/>
					</TextLine>
					<TextLine ID="P145_TL00009" HPOS="130" VPOS="482" WIDTH="934" HEIGHT="35">
						<String ID="P145_ST00058" HPOS="130" VPOS="482" WIDTH="76" HEIGHT="34" CONTENT="plied" SUBS_TYPE="HypPart2" SUBS_CONTENT="replied" WC="0.90" CC="05000"/>
						<SP ID="P145_SP00050" HPOS="206" VPOS="516" WIDTH="12"/>
						<String ID="P145_ST00059" HPOS="218" VPOS="483" WIDTH="61" HEIGHT="26" CONTENT="that" WC="0.92" CC="0300"/>
						<SP ID="P145_SP00051" HPOS="279" VPOS="516" WIDTH="11"/>
						<String ID="P145_ST00060" HPOS="290" VPOS="483" WIDTH="12" HEIGHT="25" CONTENT="I" WC="1.00" CC="0"/>
						<SP ID="P145_SP00052" HPOS="302" VPOS="516" WIDTH="13"/>
						<String ID="P145_ST00061" HPOS="315" VPOS="483" WIDTH="102" HEIGHT="25" CONTENT="should" WC="0.94" CC="000110"/>
						<SP ID="P145_SP00053" HPOS="417" VPOS="516" WIDTH="14"/>
						<String ID="P145_ST00062" HPOS="431" VPOS="483" WIDTH="58" HEIGHT="26" CONTENT="find" WC="0.79" CC="1140"/>
						<SP ID="P145_SP00054" HPOS="489" VPOS="516" WIDTH="16"/>
						<String ID="P145_ST00063" HPOS="505" VPOS="484" WIDTH="20" HEIGHT="24" CONTENT="it" WC="0.70" CC="50"/>
						<SP ID="P145_SP00055" HPOS="525" VPOS="516" WIDTH="15"/>
						<String ID="P145_ST00064" HPOS="540" VPOS="483" WIDTH="117" HEIGHT="26" CONTENT="difficult" WC="0.94" CC="000000050"/>
						<SP ID="P145_SP00056" HPOS="657" VPOS="516" WIDTH="14"/>
						<String ID="P145_ST00065" HPOS="671" VPOS="487" WIDTH="28" HEIGHT="21" CONTENT="to" WC="1.00" CC="00"/>
						<SP ID="P145_SP00057" HPOS="699" VPOS="516" WIDTH="15"/>
						<String ID="P145_ST00066" HPOS="714" VPOS="487" WIDTH="47" HEIGHT="30" CONTENT="get" WC="1.00" CC="000"/>
						<SP ID="P145_SP00058" HPOS="761" VPOS="517" WIDTH="10"/>
						<String ID="P145_ST00067" HPOS="771" VPOS="484" WIDTH="91" HEIGHT="25" CONTENT="better" WC="0.97" CC="000100"/>
						<SP ID="P145_SP00059" HPOS="862" VPOS="517" WIDTH="11"/>
						<String ID="P145_ST00068" HPOS="873" VPOS="492" WIDTH="64" HEIGHT="17" CONTENT="men" WC="1.00" CC="000"/>
						<SP ID="P145_SP00060" HPOS="937" VPOS="517" WIDTH="14"/>
						<String ID="P145_ST00069" HPOS="951" VPOS="484" WIDTH="27" HEIGHT="26" CONTENT="in" WC="0.69" CC="60"/>
						<SP ID="P145_SP00061" HPOS="978" VPOS="517" WIDTH="14"/>
						<String ID="P145_ST00070" HPOS="992" VPOS="484" WIDTH="72" HEIGHT="26" CONTENT="their" WC="0.83" CC="06010"/>
					</TextLine>
					<TextLine ID="P145_TL00010" HPOS="129" VPOS="530" WIDTH="933" HEIGHT="34">
						<String ID="P145_ST00071" HPOS="129" VPOS="530" WIDTH="88" HEIGHT="33" CONTENT="place," WC="1.00" CC="000000"/>
						<SP ID="P145_SP00062" HPOS="217" VPOS="563" WIDTH="15"/>
						<String ID="P145_ST00072" HPOS="232" VPOS="531" WIDTH="56" HEIGHT="26" CONTENT="and" WC="0.94" CC="010"/>
						<SP ID="P145_SP00063" HPOS="288" VPOS="563" WIDTH="21"/>
						<String ID="P145_ST00073" HPOS="309" VPOS="530" WIDTH="69" HEIGHT="33" CONTENT="that," WC="0.66" CC="15090"/>
						<SP ID="P145_SP00064" HPOS="378" VPOS="563" WIDTH="15"/>
						<String ID="P145_ST00074" HPOS="393" VPOS="530" WIDTH="91" HEIGHT="27" CONTENT="where" WC="1.00" CC="00000"/>
						<SP ID="P145_SP00065" HPOS="484" VPOS="563" WIDTH="14"/>
						<String ID="P145_ST00075" HPOS="498" VPOS="540" WIDTH="30" HEIGHT="17" CONTENT="so" WC="0.93" CC="01"/>
						<SP ID="P145_SP00066" HPOS="528" VPOS="563" WIDTH="16"/>
						<String ID="P145_ST00076" HPOS="544" VPOS="530" WIDTH="83" HEIGHT="26" CONTENT="much" WC="0.91" CC="0003"/>
						<SP ID="P145_SP00067" HPOS="627" VPOS="563" WIDTH="20"/>
						<String ID="P145_ST00077" HPOS="647" VPOS="530" WIDTH="31" HEIGHT="26" CONTENT="of" WC="0.77" CC="04"/>
						<SP ID="P145_SP00068" HPOS="678" VPOS="563" WIDTH="18"/>
						<String ID="P145_ST00078" HPOS="696" VPOS="539" WIDTH="49" HEIGHT="17" CONTENT="our" WC="0.60" CC="442"/>
						<SP ID="P145_SP00069" HPOS="745" VPOS="563" WIDTH="14"/>
						<String ID="P145_ST00079" HPOS="759" VPOS="530" WIDTH="73" HEIGHT="34" CONTENT="hope" WC="0.87" CC="5000"/>
						<SP ID="P145_SP00070" HPOS="832" VPOS="564" WIDTH="14"/>
						<String ID="P145_ST00080" HPOS="846" VPOS="530" WIDTH="31" HEIGHT="26" CONTENT="of" WC="1.00" CC="00"/>
						<SP ID="P145_SP00071" HPOS="877" VPOS="564" WIDTH="16"/>
						<String ID="P145_ST00081" HPOS="893" VPOS="530" WIDTH="88" HEIGHT="33" CONTENT="doing" WC="0.89" CC="00500"/>
						<SP ID="P145_SP00072" HPOS="981" VPOS="564" WIDTH="13"/>
						<String ID="P145_ST00082" HPOS="994" VPOS="540" WIDTH="68" HEIGHT="24" CONTENT="any" SUBS_TYPE="HypPart1" SUBS_CONTENT="anything" WC="0.77" CC="0900"/>
						<HYP CONTENT="-"/>
					</TextLine>
					<TextLine ID="P145_TL00011" HPOS="130" VPOS="577" WIDTH="933" HEIGHT="35">
						<String ID="P145_ST00083" HPOS="130" VPOS="577" WIDTH="82" HEIGHT="35" CONTENT="thing" SUBS_TYPE="HypPart2" SUBS_CONTENT="anything" WC="0.92" CC="03000"/>
						<SP ID="P145_SP00073" HPOS="212" VPOS="612" WIDTH="13"/>
						<String ID="P145_ST00084" HPOS="225" VPOS="578" WIDTH="47" HEIGHT="33" CONTENT="lay" WC="1.00" CC="000"/>
						<SP ID="P145_SP00074" HPOS="272" VPOS="612" WIDTH="13"/>
						<String ID="P145_ST00085" HPOS="285" VPOS="578" WIDTH="28" HEIGHT="25" CONTENT="in" WC="0.66" CC="60"/>
						<SP ID="P145_SP00075" HPOS="313" VPOS="612" WIDTH="16"/>
						<String ID="P145_ST00086" HPOS="329" VPOS="577" WIDTH="47" HEIGHT="26" CONTENT="the" WC="0.85" CC="040"/>
						<SP ID="P145_SP00076" HPOS="376" VPOS="612" WIDTH="14"/>
						<String ID="P145_ST00087" HPOS="390" VPOS="578" WIDTH="125" HEIGHT="25" CONTENT="exercise" WC="0.86" CC="02020400"/>
						<SP ID="P145_SP00077" HPOS="515" VPOS="612" WIDTH="11"/>
						<String ID="P145_ST00088" HPOS="526" VPOS="578" WIDTH="31" HEIGHT="25" CONTENT="of" WC="1.00" CC="00"/>
						<SP ID="P145_SP00078" HPOS="557" VPOS="612" WIDTH="11"/>
						<String ID="P145_ST00089" HPOS="568" VPOS="578" WIDTH="87" HEIGHT="25" CONTENT="moral" WC="1.00" CC="00000"/>
						<SP ID="P145_SP00079" HPOS="655" VPOS="612" WIDTH="15"/>
						<String ID="P145_ST00090" HPOS="670" VPOS="577" WIDTH="145" HEIGHT="31" CONTENT="influence," WC="0.82" CC="3022007002"/>
						<SP ID="P145_SP00080" HPOS="815" VPOS="612" WIDTH="10"/>
						<String ID="P145_ST00091" HPOS="825" VPOS="577" WIDTH="21" HEIGHT="25" CONTENT="it" WC="0.73" CC="50"/>
						<SP ID="P145_SP00081" HPOS="846" VPOS="612" WIDTH="13"/>
						<String ID="P145_ST00092" HPOS="859" VPOS="586" WIDTH="55" HEIGHT="17" CONTENT="was" WC="1.00" CC="000"/>
						<SP ID="P145_SP00082" HPOS="914" VPOS="612" WIDTH="16"/>
						<String ID="P145_ST00093" HPOS="930" VPOS="577" WIDTH="90" HEIGHT="26" CONTENT="better" WC="1.00" CC="000000"/>
						<SP ID="P145_SP00083" HPOS="1020" VPOS="612" WIDTH="14"/>
						<String ID="P145_ST00094" HPOS="1034" VPOS="581" WIDTH="29" HEIGHT="22" CONTENT="to" WC="1.00" CC="00"/>
					</TextLine>
					<TextLine ID="P145_TL00012" HPOS="130" VPOS="624" WIDTH="933" HEIGHT="35">
						<String ID="P145_ST00095" HPOS="130" VPOS="625" WIDTH="89" HEIGHT="25" CONTENT="retain" WC="0.75" CC="000068"/>
						<SP ID="P145_SP00084" HPOS="219" VPOS="650" WIDTH="16"/>
						<String ID="P145_ST00096" HPOS="235" VPOS="625" WIDTH="70" HEIGHT="25" CONTENT="inert" WC="0.78" CC="64000"/>
						<SP ID="P145_SP00085" HPOS="305" VPOS="650" WIDTH="15"/>
						<String ID="P145_ST00097" HPOS="320" VPOS="624" WIDTH="104" HEIGHT="26" CONTENT="friends" WC="0.88" CC="4030000"/>
						<SP ID="P145_SP00086" HPOS="424" VPOS="650" WIDTH="14"/>
						<String ID="P145_ST00098" HPOS="438" VPOS="625" WIDTH="68" HEIGHT="25" CONTENT="than" WC="0.98" CC="0000"/>
						<SP ID="P145_SP00087" HPOS="506" VPOS="650" WIDTH="15"/>
						<String ID="P145_ST00099" HPOS="521" VPOS="624" WIDTH="83" HEIGHT="27" CONTENT="make" WC="0.77" CC="0900"/>
						<SP ID="P145_SP00088" HPOS="604" VPOS="651" WIDTH="14"/>
						<String ID="P145_ST00100" HPOS="618" VPOS="625" WIDTH="91" HEIGHT="26" CONTENT="active" WC="0.98" CC="010000"/>
						<SP ID="P145_SP00089" HPOS="709" VPOS="651" WIDTH="15"/>
						<String ID="P145_ST00101" HPOS="724" VPOS="625" WIDTH="128" HEIGHT="26" CONTENT="enemies." WC="0.90" CC="00003030"/>
						<SP ID="P145_SP00090" HPOS="852" VPOS="651" WIDTH="40"/>
						<String ID="P145_ST00102" HPOS="892" VPOS="624" WIDTH="39" HEIGHT="27" CONTENT="So" WC="1.00" CC="00"/>
						<SP ID="P145_SP00091" HPOS="931" VPOS="651" WIDTH="13"/>
						<String ID="P145_ST00103" HPOS="944" VPOS="625" WIDTH="119" HEIGHT="34" CONTENT="nothing" WC="0.81" CC="0000650"/>
					</TextLine>
					<TextLine ID="P145_TL00013" HPOS="129" VPOS="671" WIDTH="934" HEIGHT="35">
						<String ID="P145_ST00104" HPOS="129" VPOS="671" WIDTH="107" HEIGHT="25" CONTENT="further" WC="0.70" CC="0009405"/>
						<SP ID="P145_SP00092" HPOS="236" VPOS="696" WIDTH="15"/>
						<String ID="P145_ST00105" HPOS="251" VPOS="680" WIDTH="56" HEIGHT="17" CONTENT="was" WC="1.00" CC="000"/>
						<SP ID="P145_SP00093" HPOS="307" VPOS="697" WIDTH="15"/>
						<String ID="P145_ST00106" HPOS="322" VPOS="672" WIDTH="60" HEIGHT="25" CONTENT="said" WC="1.00" CC="0000"/>
						<SP ID="P145_SP00094" HPOS="382" VPOS="697" WIDTH="14"/>
						<String ID="P145_ST00107" HPOS="396" VPOS="680" WIDTH="37" HEIGHT="17" CONTENT="on" WC="0.50" CC="09"/>
						<SP ID="P145_SP00095" HPOS="433" VPOS="697" WIDTH="11"/>
						<String ID="P145_ST00108" HPOS="444" VPOS="672" WIDTH="62" HEIGHT="25" CONTENT="that" WC="0.97" CC="0100"/>
						<SP ID="P145_SP00096" HPOS="506" VPOS="697" WIDTH="15"/>
						<String ID="P145_ST00109" HPOS="521" VPOS="672" WIDTH="80" HEIGHT="31" CONTENT="head," WC="0.96" CC="00000"/>
						<SP ID="P145_SP00097" HPOS="601" VPOS="703" WIDTH="16"/>
						<String ID="P145_ST00110" HPOS="617" VPOS="672" WIDTH="108" HEIGHT="25" CONTENT="neither" WC="0.81" CC="0060600"/>
						<SP ID="P145_SP00098" HPOS="725" VPOS="703" WIDTH="13"/>
						<String ID="P145_ST00111" HPOS="738" VPOS="681" WIDTH="55" HEIGHT="16" CONTENT="was" WC="1.00" CC="000"/>
						<SP ID="P145_SP00099" HPOS="793" VPOS="703" WIDTH="12"/>
						<String ID="P145_ST00112" HPOS="805" VPOS="681" WIDTH="56" HEIGHT="25" CONTENT="any" WC="0.82" CC="050"/>
						<SP ID="P145_SP00100" HPOS="861" VPOS="706" WIDTH="14"/>
						<String ID="P145_ST00113" HPOS="875" VPOS="676" WIDTH="80" HEIGHT="21" CONTENT="extra" WC="0.86" CC="04020"/>
						<SP ID="P145_SP00101" HPOS="955" VPOS="706" WIDTH="14"/>
						<String ID="P145_ST00114" HPOS="969" VPOS="673" WIDTH="94" HEIGHT="25" CONTENT="assist" SUBS_TYPE="HypPart1" SUBS_CONTENT="assistance" WC="0.90" CC="0006000"/>
						<HYP CONTENT="-"/>
					</TextLine>
					<TextLine ID="P145_TL00014" HPOS="130" VPOS="718" WIDTH="933" HEIGHT="34">
						<String ID="P145_ST00115" HPOS="130" VPOS="727" WIDTH="70" HEIGHT="17" CONTENT="ance" SUBS_TYPE="HypPart2" SUBS_CONTENT="assistance" WC="0.83" CC="0600"/>
						<SP ID="P145_SP00102" HPOS="200" VPOS="744" WIDTH="25"/>
						<String ID="P145_ST00116" HPOS="225" VPOS="718" WIDTH="83" HEIGHT="34" CONTENT="given" WC="0.85" CC="05002"/>
						<SP ID="P145_SP00103" HPOS="308" VPOS="752" WIDTH="27"/>
						<String ID="P145_ST00117" HPOS="335" VPOS="723" WIDTH="30" HEIGHT="22" CONTENT="to" WC="1.00" CC="00"/>
						<SP ID="P145_SP00104" HPOS="365" VPOS="752" WIDTH="22"/>
						<String ID="P145_ST00118" HPOS="387" VPOS="718" WIDTH="95" HEIGHT="27" CONTENT="Dacca" WC="0.97" CC="10000"/>
						<SP ID="P145_SP00105" HPOS="482" VPOS="752" WIDTH="19"/>
						<String ID="P145_ST00119" HPOS="501" VPOS="718" WIDTH="82" HEIGHT="27" CONTENT="while" WC="0.70" CC="03650"/>
						<SP ID="P145_SP00106" HPOS="583" VPOS="752" WIDTH="22"/>
						<String ID="P145_ST00120" HPOS="605" VPOS="719" WIDTH="12" HEIGHT="25" CONTENT="I" WC="1.00" CC="0"/>
						<SP ID="P145_SP00107" HPOS="617" VPOS="752" WIDTH="21"/>
						<String ID="P145_ST00121" HPOS="638" VPOS="728" WIDTH="56" HEIGHT="17" CONTENT="was" WC="0.70" CC="080"/>
						<SP ID="P145_SP00108" HPOS="694" VPOS="752" WIDTH="20"/>
						<String ID="P145_ST00122" HPOS="714" VPOS="718" WIDTH="90" HEIGHT="33" CONTENT="there;" WC="0.83" CC="070002"/>
						<SP ID="P145_SP00109" HPOS="804" VPOS="752" WIDTH="20"/>
						<String ID="P145_ST00123" HPOS="824" VPOS="719" WIDTH="51" HEIGHT="26" CONTENT="but" WC="0.96" CC="001"/>
						<SP ID="P145_SP00110" HPOS="875" VPOS="752" WIDTH="19"/>
						<String ID="P145_ST00124" HPOS="894" VPOS="719" WIDTH="70" HEIGHT="26" CONTENT="after" WC="1.00" CC="00000"/>
						<SP ID="P145_SP00111" HPOS="964" VPOS="752" WIDTH="15"/>
						<String ID="P145_ST00125" HPOS="979" VPOS="719" WIDTH="13" HEIGHT="26" CONTENT="I" WC="1.00" CC="0"/>
						<SP ID="P145_SP00112" HPOS="992" VPOS="752" WIDTH="21"/>
						<String ID="P145_ST00126" HPOS="1013" VPOS="719" WIDTH="50" HEIGHT="26" CONTENT="left" WC="1.00" CC="0000"/>
					</TextLine>
					<TextLine ID="P145_TL00015" HPOS="130" VPOS="765" WIDTH="934" HEIGHT="35">
						<String ID="P145_ST00127" HPOS="130" VPOS="765" WIDTH="78" HEIGHT="27" CONTENT="there" WC="1.00" CC="00000"/>
						<SP ID="P145_SP00113" HPOS="208" VPOS="792" WIDTH="13"/>
						<String ID="P145_ST00128" HPOS="221" VPOS="774" WIDTH="57" HEIGHT="17" CONTENT="was" WC="1.00" CC="000"/>
						<SP ID="P145_SP00114" HPOS="278" VPOS="792" WIDTH="14"/>
						<String ID="P145_ST00129" HPOS="292" VPOS="766" WIDTH="103" HEIGHT="34" CONTENT="special" WC="0.97" CC="0010000"/>
						<SP ID="P145_SP00115" HPOS="395" VPOS="800" WIDTH="15"/>
						<String ID="P145_ST00130" HPOS="410" VPOS="766" WIDTH="165" HEIGHT="34" CONTENT="legislation," WC="0.89" CC="000005004002"/>
						<SP ID="P145_SP00116" HPOS="575" VPOS="800" WIDTH="15"/>
						<String ID="P145_ST00131" HPOS="590" VPOS="766" WIDTH="64" HEIGHT="31" CONTENT="and," WC="0.96" CC="0100"/>
						<SP ID="P145_SP00117" HPOS="654" VPOS="800" WIDTH="16"/>
						<String ID="P145_ST00132" HPOS="670" VPOS="766" WIDTH="12" HEIGHT="25" CONTENT="I" WC="1.00" CC="0"/>
						<SP ID="P145_SP00118" HPOS="682" VPOS="800" WIDTH="15"/>
						<String ID="P145_ST00133" HPOS="697" VPOS="766" WIDTH="113" HEIGHT="31" CONTENT="believe," WC="0.99" CC="00000000"/>
						<SP ID="P145_SP00119" HPOS="810" VPOS="800" WIDTH="15"/>
						<String ID="P145_ST00134" HPOS="825" VPOS="766" WIDTH="47" HEIGHT="26" CONTENT="the" WC="0.79" CC="060"/>
						<SP ID="P145_SP00120" HPOS="872" VPOS="800" WIDTH="14"/>
						<String ID="P145_ST00135" HPOS="886" VPOS="771" WIDTH="73" HEIGHT="21" CONTENT="town" WC="0.81" CC="0007"/>
						<SP ID="P145_SP00121" HPOS="959" VPOS="800" WIDTH="11"/>
						<String ID="P145_ST00136" HPOS="970" VPOS="767" WIDTH="22" HEIGHT="24" CONTENT="is" WC="0.72" CC="50"/>
						<SP ID="P145_SP00122" HPOS="992" VPOS="800" WIDTH="9"/>
						<String ID="P145_ST00137" HPOS="1001" VPOS="775" WIDTH="63" HEIGHT="17" CONTENT="now" WC="0.92" CC="200"/>
					</TextLine>
					<TextLine ID="P145_TL00016" HPOS="130" VPOS="812" WIDTH="935" HEIGHT="35">
						<String ID="P145_ST00138" HPOS="130" VPOS="812" WIDTH="28" HEIGHT="26" CONTENT="in" WC="0.64" CC="24"/>
						<SP ID="P145_SP00123" HPOS="158" VPOS="838" WIDTH="28"/>
						<String ID="P145_ST00139" HPOS="186" VPOS="822" WIDTH="16" HEIGHT="17" CONTENT="a" WC="1.00" CC="0"/>
						<SP ID="P145_SP00124" HPOS="202" VPOS="839" WIDTH="28"/>
						<String ID="P145_ST00140" HPOS="230" VPOS="812" WIDTH="52" HEIGHT="27" CONTENT="fair" WC="0.94" CC="0002"/>
						<SP ID="P145_SP00125" HPOS="282" VPOS="839" WIDTH="25"/>
						<String ID="P145_ST00141" HPOS="307" VPOS="822" WIDTH="63" HEIGHT="24" CONTENT="way" WC="1.00" CC="000"/>
						<SP ID="P145_SP00126" HPOS="370" VPOS="846" WIDTH="20"/>
						<String ID="P145_ST00142" HPOS="390" VPOS="817" WIDTH="29" HEIGHT="22" CONTENT="to" WC="1.00" CC="00"/>
						<SP ID="P145_SP00127" HPOS="419" VPOS="846" WIDTH="24"/>
						<String ID="P145_ST00143" HPOS="443" VPOS="817" WIDTH="48" HEIGHT="30" CONTENT="get" WC="0.79" CC="023"/>
						<SP ID="P145_SP00128" HPOS="491" VPOS="847" WIDTH="24"/>
						<String ID="P145_ST00144" HPOS="515" VPOS="823" WIDTH="16" HEIGHT="16" CONTENT="a" WC="1.00" CC="0"/>
						<SP ID="P145_SP00129" HPOS="531" VPOS="847" WIDTH="25"/>
						<String ID="P145_ST00145" HPOS="556" VPOS="822" WIDTH="103" HEIGHT="24" CONTENT="proper" WC="0.95" CC="010001"/>
						<SP ID="P145_SP00130" HPOS="659" VPOS="847" WIDTH="22"/>
						<String ID="P145_ST00146" HPOS="681" VPOS="817" WIDTH="85" HEIGHT="22" CONTENT="water" WC="0.82" CC="80000"/>
						<SP ID="P145_SP00131" HPOS="766" VPOS="847" WIDTH="23"/>
						<String ID="P145_ST00147" HPOS="789" VPOS="813" WIDTH="109" HEIGHT="34" CONTENT="supply," WC="0.99" CC="0000000"/>
						<SP ID="P145_SP00132" HPOS="898" VPOS="847" WIDTH="21"/>
						<String ID="P145_ST00148" HPOS="919" VPOS="813" WIDTH="47" HEIGHT="26" CONTENT="the" WC="0.82" CC="050"/>
						<SP ID="P145_SP00133" HPOS="966" VPOS="847" WIDTH="26"/>
						<String ID="P145_ST00149" HPOS="992" VPOS="813" WIDTH="73" HEIGHT="26" CONTENT="chief" WC="0.97" CC="01000"/>
					</TextLine>
					<TextLine ID="P145_TL00017" HPOS="131" VPOS="860" WIDTH="930" HEIGHT="34">
						<String ID="P145_ST00150" HPOS="131" VPOS="860" WIDTH="111" HEIGHT="33" CONTENT="portion" WC="1.00" CC="0000000"/>
						<SP ID="P145_SP00134" HPOS="242" VPOS="893" WIDTH="24"/>
						<String ID="P145_ST00151" HPOS="266" VPOS="860" WIDTH="32" HEIGHT="25" CONTENT="of" WC="0.91" CC="01"/>
						<SP ID="P145_SP00135" HPOS="298" VPOS="893" WIDTH="15"/>
						<String ID="P145_ST00152" HPOS="313" VPOS="860" WIDTH="49" HEIGHT="25" CONTENT="the" WC="1.00" CC="000"/>
						<SP ID="P145_SP00136" HPOS="362" VPOS="893" WIDTH="20"/>
						<String ID="P145_ST00153" HPOS="382" VPOS="860" WIDTH="186" HEIGHT="34" CONTENT="expenditure" WC="0.86" CC="09005000000"/>
						<SP ID="P145_SP00137" HPOS="568" VPOS="894" WIDTH="20"/>
						<String ID="P145_ST00154" HPOS="588" VPOS="860" WIDTH="128" HEIGHT="25" CONTENT="however" WC="0.98" CC="0000001"/>
						<SP ID="P145_SP00138" HPOS="716" VPOS="894" WIDTH="17"/>
						<String ID="P145_ST00155" HPOS="733" VPOS="860" WIDTH="85" HEIGHT="34" CONTENT="being" WC="0.89" CC="00500"/>
						<SP ID="P145_SP00139" HPOS="818" VPOS="894" WIDTH="14"/>
						<String ID="P145_ST00156" HPOS="832" VPOS="861" WIDTH="176" HEIGHT="24" CONTENT="contributed" WC="0.95" CC="00500000000"/>
						<SP ID="P145_SP00140" HPOS="1008" VPOS="894" WIDTH="15"/>
						<String ID="P145_ST00157" HPOS="1023" VPOS="861" WIDTH="38" HEIGHT="33" CONTENT="by" WC="1.00" CC="00"/>
					</TextLine>
					<TextLine ID="P145_TL00018" HPOS="133" VPOS="906" WIDTH="288" HEIGHT="26">
						<String ID="P145_ST00158" HPOS="133" VPOS="906" WIDTH="288" HEIGHT="26" CONTENT="Munneer-ooddeen." WC="0.94" CC="0206000000000001"/>
					</TextLine>
				</TextBlock>
				<TextBlock ID="P145_TB00005" HPOS="125" VPOS="953" WIDTH="935" HEIGHT="270" STYLEREFS="TXT_2 PAR_LEFT">
					<TextLine ID="P145_TL00019" HPOS="167" VPOS="954" WIDTH="893" HEIGHT="34">
						<String ID="P145_ST00159" HPOS="167" VPOS="954" WIDTH="33" HEIGHT="25" CONTENT="In" WC="1.00" CC="00"/>
						<SP ID="P145_SP00141" HPOS="200" VPOS="979" WIDTH="16"/>
						<String ID="P145_ST00160" HPOS="216" VPOS="955" WIDTH="113" HEIGHT="33" CONTENT="Bengal," WC="0.86" CC="2020040"/>
						<SP ID="P145_SP00142" HPOS="329" VPOS="988" WIDTH="17"/>
						<String ID="P145_ST00161" HPOS="346" VPOS="955" WIDTH="136" HEIGHT="32" CONTENT="however," WC="0.91" CC="20000004"/>
						<SP ID="P145_SP00143" HPOS="482" VPOS="988" WIDTH="14"/>
						<String ID="P145_ST00162" HPOS="496" VPOS="959" WIDTH="104" HEIGHT="29" CONTENT="except" WC="1.00" CC="000000"/>
						<SP ID="P145_SP00144" HPOS="600" VPOS="988" WIDTH="14"/>
						<String ID="P145_ST00163" HPOS="614" VPOS="955" WIDTH="27" HEIGHT="25" CONTENT="in" WC="0.70" CC="41"/>
						<SP ID="P145_SP00145" HPOS="641" VPOS="988" WIDTH="14"/>
						<String ID="P145_ST00164" HPOS="655" VPOS="955" WIDTH="48" HEIGHT="25" CONTENT="the" WC="0.74" CC="042"/>
						<SP ID="P145_SP00146" HPOS="703" VPOS="988" WIDTH="13"/>
						<String ID="P145_ST00165" HPOS="716" VPOS="963" WIDTH="67" HEIGHT="25" CONTENT="very" WC="1.00" CC="0000"/>
						<SP ID="P145_SP00147" HPOS="783" VPOS="988" WIDTH="14"/>
						<String ID="P145_ST00166" HPOS="797" VPOS="954" WIDTH="75" HEIGHT="34" CONTENT="large" WC="1.00" CC="00000"/>
						<SP ID="P145_SP00148" HPOS="872" VPOS="988" WIDTH="15"/>
						<String ID="P145_ST00167" HPOS="887" VPOS="959" WIDTH="94" HEIGHT="27" CONTENT="towns," WC="0.90" CC="010300"/>
						<SP ID="P145_SP00149" HPOS="981" VPOS="988" WIDTH="13"/>
						<String ID="P145_ST00168" HPOS="994" VPOS="955" WIDTH="66" HEIGHT="26" CONTENT="such" WC="0.83" CC="0006"/>
					</TextLine>
					<TextLine ID="P145_TL00020" HPOS="128" VPOS="1000" WIDTH="932" HEIGHT="36">
						<String ID="P145_ST00169" HPOS="128" VPOS="1010" WIDTH="30" HEIGHT="17" CONTENT="as" WC="1.00" CC="00"/>
						<SP ID="P145_SP00150" HPOS="158" VPOS="1027" WIDTH="22"/>
						<String ID="P145_ST00170" HPOS="180" VPOS="1000" WIDTH="139" HEIGHT="32" CONTENT="Calcutta," WC="0.88" CC="105000003"/>
						<SP ID="P145_SP00151" HPOS="319" VPOS="1032" WIDTH="14"/>
						<String ID="P145_ST00171" HPOS="333" VPOS="1002" WIDTH="12" HEIGHT="25" CONTENT="I" WC="1.00" CC="0"/>
						<SP ID="P145_SP00152" HPOS="345" VPOS="1032" WIDTH="15"/>
						<String ID="P145_ST00172" HPOS="360" VPOS="1010" WIDTH="46" HEIGHT="17" CONTENT="am" WC="0.51" CC="09"/>
						<SP ID="P145_SP00153" HPOS="406" VPOS="1032" WIDTH="15"/>
						<String ID="P145_ST00173" HPOS="421" VPOS="1002" WIDTH="32" HEIGHT="25" CONTENT="of" WC="0.84" CC="03"/>
						<SP ID="P145_SP00154" HPOS="453" VPOS="1032" WIDTH="18"/>
						<String ID="P145_ST00174" HPOS="471" VPOS="1002" WIDTH="115" HEIGHT="34" CONTENT="opinion" WC="0.91" CC="0050000"/>
						<SP ID="P145_SP00155" HPOS="586" VPOS="1036" WIDTH="15"/>
						<String ID="P145_ST00175" HPOS="601" VPOS="1002" WIDTH="61" HEIGHT="25" CONTENT="that" WC="1.00" CC="0000"/>
						<SP ID="P145_SP00156" HPOS="662" VPOS="1036" WIDTH="14"/>
						<String ID="P145_ST00176" HPOS="676" VPOS="1010" WIDTH="50" HEIGHT="17" CONTENT="our" WC="1.00" CC="000"/>
						<SP ID="P145_SP00157" HPOS="726" VPOS="1036" WIDTH="13"/>
						<String ID="P145_ST00177" HPOS="739" VPOS="1002" WIDTH="150" HEIGHT="33" CONTENT="municipal" WC="0.95" CC="020001000"/>
						<SP ID="P145_SP00158" HPOS="889" VPOS="1036" WIDTH="14"/>
						<String ID="P145_ST00178" HPOS="903" VPOS="1002" WIDTH="157" HEIGHT="33" CONTENT="legislation" WC="0.89" CC="30000600002"/>
					</TextLine>
					<TextLine ID="P145_TL00021" HPOS="127" VPOS="1049" WIDTH="933" HEIGHT="33">
						<String ID="P145_ST00179" HPOS="127" VPOS="1049" WIDTH="51" HEIGHT="25" CONTENT="has" WC="0.82" CC="500"/>
						<SP ID="P145_SP00159" HPOS="178" VPOS="1074" WIDTH="15"/>
						<String ID="P145_ST00180" HPOS="193" VPOS="1049" WIDTH="71" HEIGHT="26" CONTENT="been" WC="0.86" CC="0005"/>
						<SP ID="P145_SP00160" HPOS="264" VPOS="1075" WIDTH="13"/>
						<String ID="P145_ST00181" HPOS="277" VPOS="1049" WIDTH="150" HEIGHT="26" CONTENT="inefficient" WC="0.95" CC="50000000000"/>
						<SP ID="P145_SP00161" HPOS="427" VPOS="1075" WIDTH="15"/>
						<String ID="P145_ST00182" HPOS="442" VPOS="1049" WIDTH="55" HEIGHT="27" CONTENT="and" WC="1.00" CC="000"/>
						<SP ID="P145_SP00162" HPOS="497" VPOS="1076" WIDTH="19"/>
						<String ID="P145_ST00183" HPOS="516" VPOS="1049" WIDTH="145" HEIGHT="33" CONTENT="worrying," WC="0.89" CC="002007000"/>
						<SP ID="P145_SP00163" HPOS="661" VPOS="1082" WIDTH="16"/>
						<String ID="P145_ST00184" HPOS="677" VPOS="1049" WIDTH="101" HEIGHT="33" CONTENT="chiefly" WC="0.86" CC="0050220"/>
						<SP ID="P145_SP00164" HPOS="778" VPOS="1082" WIDTH="14"/>
						<String ID="P145_ST00185" HPOS="792" VPOS="1049" WIDTH="118" HEIGHT="25" CONTENT="because" WC="0.99" CC="0000000"/>
						<SP ID="P145_SP00165" HPOS="910" VPOS="1082" WIDTH="14"/>
						<String ID="P145_ST00186" HPOS="924" VPOS="1049" WIDTH="77" HEIGHT="25" CONTENT="there" WC="0.92" CC="04000"/>
						<SP ID="P145_SP00166" HPOS="1001" VPOS="1082" WIDTH="14"/>
						<String ID="P145_ST00187" HPOS="1015" VPOS="1058" WIDTH="45" HEIGHT="17" CONTENT="are" WC="1.00" CC="000"/>
					</TextLine>
					<TextLine ID="P145_TL00022" HPOS="125" VPOS="1096" WIDTH="935" HEIGHT="34">
						<String ID="P145_ST00188" HPOS="125" VPOS="1104" WIDTH="85" HEIGHT="17" CONTENT="never" WC="0.98" CC="10000"/>
						<SP ID="P145_SP00167" HPOS="210" VPOS="1121" WIDTH="13"/>
						<String ID="P145_ST00189" HPOS="223" VPOS="1097" WIDTH="138" HEIGHT="25" CONTENT="sufficient" WC="0.90" CC="0300004010"/>
						<SP ID="P145_SP00168" HPOS="361" VPOS="1122" WIDTH="15"/>
						<String ID="P145_ST00190" HPOS="376" VPOS="1097" WIDTH="84" HEIGHT="25" CONTENT="funds" WC="0.78" CC="22500"/>
						<SP ID="P145_SP00169" HPOS="460" VPOS="1122" WIDTH="22"/>
						<String ID="P145_ST00191" HPOS="482" VPOS="1100" WIDTH="30" HEIGHT="22" CONTENT="to" WC="1.00" CC="00"/>
						<SP ID="P145_SP00170" HPOS="512" VPOS="1122" WIDTH="16"/>
						<String ID="P145_ST00192" HPOS="528" VPOS="1096" WIDTH="83" HEIGHT="26" CONTENT="make" WC="0.90" CC="0030"/>
						<SP ID="P145_SP00171" HPOS="611" VPOS="1122" WIDTH="13"/>
						<String ID="P145_ST00193" HPOS="624" VPOS="1097" WIDTH="47" HEIGHT="25" CONTENT="the" WC="1.00" CC="000"/>
						<SP ID="P145_SP00172" HPOS="671" VPOS="1122" WIDTH="15"/>
						<String ID="P145_ST00194" HPOS="686" VPOS="1096" WIDTH="162" HEIGHT="26" CONTENT="alterations" WC="0.92" CC="00000005020"/>
						<SP ID="P145_SP00173" HPOS="848" VPOS="1122" WIDTH="15"/>
						<String ID="P145_ST00195" HPOS="863" VPOS="1104" WIDTH="148" HEIGHT="26" CONTENT="necessary" WC="0.97" CC="200000000"/>
						<SP ID="P145_SP00174" HPOS="1011" VPOS="1130" WIDTH="19"/>
						<String ID="P145_ST00196" HPOS="1030" VPOS="1099" WIDTH="30" HEIGHT="22" CONTENT="to" WC="0.51" CC="90"/>
					</TextLine>
					<TextLine ID="P145_TL00023" HPOS="127" VPOS="1143" WIDTH="933" HEIGHT="35">
						<String ID="P145_ST00197" HPOS="127" VPOS="1143" WIDTH="37" HEIGHT="26" CONTENT="do" WC="1.00" CC="00"/>
						<SP ID="P145_SP00175" HPOS="164" VPOS="1169" WIDTH="15"/>
						<String ID="P145_ST00198" HPOS="179" VPOS="1152" WIDTH="56" HEIGHT="25" CONTENT="any" WC="1.00" CC="000"/>
						<SP ID="P145_SP00176" HPOS="235" VPOS="1177" WIDTH="11"/>
						<String ID="P145_ST00199" HPOS="246" VPOS="1144" WIDTH="56" HEIGHT="26" CONTENT="real" WC="1.00" CC="0000"/>
						<SP ID="P145_SP00177" HPOS="302" VPOS="1177" WIDTH="13"/>
						<String ID="P145_ST00200" HPOS="315" VPOS="1144" WIDTH="75" HEIGHT="34" CONTENT="good" WC="1.00" CC="0000"/>
						<SP ID="P145_SP00178" HPOS="390" VPOS="1178" WIDTH="16"/>
						<String ID="P145_ST00201" HPOS="406" VPOS="1144" WIDTH="27" HEIGHT="26" CONTENT="in" WC="0.69" CC="51"/>
						<SP ID="P145_SP00179" HPOS="433" VPOS="1178" WIDTH="15"/>
						<String ID="P145_ST00202" HPOS="448" VPOS="1144" WIDTH="78" HEIGHT="26" CONTENT="these" WC="0.91" CC="04000"/>
						<SP ID="P145_SP00180" HPOS="526" VPOS="1178" WIDTH="14"/>
						<String ID="P145_ST00203" HPOS="540" VPOS="1148" WIDTH="96" HEIGHT="28" CONTENT="towns," WC="0.84" CC="900000"/>
						<SP ID="P145_SP00181" HPOS="636" VPOS="1178" WIDTH="13"/>
						<String ID="P145_ST00204" HPOS="649" VPOS="1143" WIDTH="70" HEIGHT="27" CONTENT="built" WC="0.81" CC="00430"/>
						<SP ID="P145_SP00182" HPOS="719" VPOS="1178" WIDTH="11"/>
						<String ID="P145_ST00205" HPOS="730" VPOS="1152" WIDTH="66" HEIGHT="25" CONTENT="ages" WC="1.00" CC="0000"/>
						<SP ID="P145_SP00183" HPOS="796" VPOS="1178" WIDTH="14"/>
						<String ID="P145_ST00206" HPOS="810" VPOS="1152" WIDTH="53" HEIGHT="25" CONTENT="ago" WC="1.00" CC="000"/>
						<SP ID="P145_SP00184" HPOS="863" VPOS="1178" WIDTH="11"/>
						<String ID="P145_ST00207" HPOS="874" VPOS="1143" WIDTH="117" HEIGHT="26" CONTENT="without" WC="0.80" CC="0513030"/>
						<SP ID="P145_SP00185" HPOS="991" VPOS="1178" WIDTH="13"/>
						<String ID="P145_ST00208" HPOS="1004" VPOS="1152" WIDTH="56" HEIGHT="25" CONTENT="any" WC="0.84" CC="040"/>
					</TextLine>
					<TextLine ID="P145_TL00024" HPOS="125" VPOS="1191" WIDTH="623" HEIGHT="32">
						<String ID="P145_ST00209" HPOS="125" VPOS="1192" WIDTH="208" HEIGHT="25" CONTENT="consideration" WC="0.84" CC="0030000005604"/>
						<SP ID="P145_SP00186" HPOS="333" VPOS="1217" WIDTH="15"/>
						<String ID="P145_ST00210" HPOS="348" VPOS="1191" WIDTH="32" HEIGHT="26" CONTENT="of" WC="1.00" CC="00"/>
						<SP ID="P145_SP00187" HPOS="380" VPOS="1217" WIDTH="10"/>
						<String ID="P145_ST00211" HPOS="390" VPOS="1192" WIDTH="127" HEIGHT="31" CONTENT="sanitary" WC="0.89" CC="00440000"/>
						<SP ID="P145_SP00188" HPOS="517" VPOS="1223" WIDTH="13"/>
						<String ID="P145_ST00212" HPOS="530" VPOS="1194" WIDTH="218" HEIGHT="29" CONTENT="arrangements." WC="1.00" CC="0000000000000"/>
					</TextLine>
				</TextBlock>
				<TextBlock ID="P145_TB00006" HPOS="123" VPOS="1236" WIDTH="939" HEIGHT="367" STYLEREFS="TXT_2 PAR_LEFT">
					<TextLine ID="P145_TL00025" HPOS="163" VPOS="1237" WIDTH="897" HEIGHT="27">
						<String ID="P145_ST00213" HPOS="163" VPOS="1238" WIDTH="34" HEIGHT="25" CONTENT="In" WC="0.64" CC="07"/>
						<SP ID="P145_SP00189" HPOS="197" VPOS="1263" WIDTH="16"/>
						<String ID="P145_ST00214" HPOS="213" VPOS="1238" WIDTH="95" HEIGHT="26" CONTENT="Dacca" WC="1.00" CC="00000"/>
						<SP ID="P145_SP00190" HPOS="308" VPOS="1264" WIDTH="14"/>
						<String ID="P145_ST00215" HPOS="322" VPOS="1238" WIDTH="48" HEIGHT="26" CONTENT="the" WC="0.91" CC="020"/>
						<SP ID="P145_SP00191" HPOS="370" VPOS="1264" WIDTH="24"/>
						<String ID="P145_ST00216" HPOS="394" VPOS="1238" WIDTH="75" HEIGHT="26" CONTENT="wells" WC="0.89" CC="00050"/>
						<SP ID="P145_SP00192" HPOS="469" VPOS="1264" WIDTH="24"/>
						<String ID="P145_ST00217" HPOS="493" VPOS="1238" WIDTH="89" HEIGHT="26" CONTENT="inside" WC="0.83" CC="630000"/>
						<SP ID="P145_SP00193" HPOS="582" VPOS="1264" WIDTH="23"/>
						<String ID="P145_ST00218" HPOS="605" VPOS="1238" WIDTH="48" HEIGHT="26" CONTENT="the" WC="1.00" CC="000"/>
						<SP ID="P145_SP00194" HPOS="653" VPOS="1264" WIDTH="21"/>
						<String ID="P145_ST00219" HPOS="674" VPOS="1237" WIDTH="152" HEIGHT="27" CONTENT="inclosures" WC="0.85" CC="5000304000"/>
						<SP ID="P145_SP00195" HPOS="826" VPOS="1264" WIDTH="21"/>
						<String ID="P145_ST00220" HPOS="847" VPOS="1237" WIDTH="33" HEIGHT="27" CONTENT="of" WC="0.97" CC="00"/>
						<SP ID="P145_SP00196" HPOS="880" VPOS="1264" WIDTH="15"/>
						<String ID="P145_ST00221" HPOS="895" VPOS="1237" WIDTH="49" HEIGHT="26" CONTENT="the" WC="0.91" CC="020"/>
						<SP ID="P145_SP00197" HPOS="944" VPOS="1264" WIDTH="23"/>
						<String ID="P145_ST00222" HPOS="967" VPOS="1237" WIDTH="93" HEIGHT="27" CONTENT="native" WC="0.97" CC="000000"/>
					</TextLine>
					<TextLine ID="P145_TL00026" HPOS="125" VPOS="1285" WIDTH="935" HEIGHT="35">
						<String ID="P145_ST00223" HPOS="125" VPOS="1285" WIDTH="102" HEIGHT="25" CONTENT="houses" WC="0.93" CC="004000"/>
						<SP ID="P145_SP00198" HPOS="227" VPOS="1310" WIDTH="14"/>
						<String ID="P145_ST00224" HPOS="241" VPOS="1294" WIDTH="71" HEIGHT="17" CONTENT="were" WC="0.99" CC="0000"/>
						<SP ID="P145_SP00199" HPOS="312" VPOS="1311" WIDTH="13"/>
						<String ID="P145_ST00225" HPOS="325" VPOS="1286" WIDTH="127" HEIGHT="34" CONTENT="strongly" WC="1.00" CC="00000000"/>
						<SP ID="P145_SP00200" HPOS="452" VPOS="1320" WIDTH="14"/>
						<String ID="P145_ST00226" HPOS="466" VPOS="1286" WIDTH="126" HEIGHT="34" CONTENT="polluted" WC="0.85" CC="00550000"/>
						<SP ID="P145_SP00201" HPOS="592" VPOS="1320" WIDTH="15"/>
						<String ID="P145_ST00227" HPOS="607" VPOS="1285" WIDTH="66" HEIGHT="26" CONTENT="with" WC="0.78" CC="0502"/>
						<SP ID="P145_SP00202" HPOS="673" VPOS="1320" WIDTH="15"/>
						<String ID="P145_ST00228" HPOS="688" VPOS="1293" WIDTH="116" HEIGHT="26" CONTENT="sewage," WC="1.00" CC="0000000"/>
						<SP ID="P145_SP00203" HPOS="804" VPOS="1320" WIDTH="15"/>
						<String ID="P145_ST00229" HPOS="819" VPOS="1285" WIDTH="63" HEIGHT="31" CONTENT="and," WC="0.90" CC="0400"/>
						<SP ID="P145_SP00204" HPOS="882" VPOS="1320" WIDTH="10"/>
						<String ID="P145_ST00230" HPOS="892" VPOS="1285" WIDTH="28" HEIGHT="25" CONTENT="in" WC="0.83" CC="30"/>
						<SP ID="P145_SP00205" HPOS="920" VPOS="1320" WIDTH="15"/>
						<String ID="P145_ST00231" HPOS="935" VPOS="1285" WIDTH="47" HEIGHT="25" CONTENT="the" WC="0.83" CC="130"/>
						<SP ID="P145_SP00206" HPOS="982" VPOS="1320" WIDTH="15"/>
						<String ID="P145_ST00232" HPOS="997" VPOS="1293" WIDTH="63" HEIGHT="17" CONTENT="case" WC="0.96" CC="0010"/>
					</TextLine>
					<TextLine ID="P145_TL00027" HPOS="125" VPOS="1331" WIDTH="934" HEIGHT="36">
						<String ID="P145_ST00233" HPOS="125" VPOS="1331" WIDTH="32" HEIGHT="27" CONTENT="of" WC="1.00" CC="00"/>
						<SP ID="P145_SP00207" HPOS="157" VPOS="1358" WIDTH="25"/>
						<String ID="P145_ST00234" HPOS="182" VPOS="1331" WIDTH="243" HEIGHT="33" CONTENT="Mohammedans," WC="0.93" CC="005000000300"/>
						<SP ID="P145_SP00208" HPOS="425" VPOS="1364" WIDTH="15"/>
						<String ID="P145_ST00235" HPOS="440" VPOS="1333" WIDTH="68" HEIGHT="25" CONTENT="with" WC="0.89" CC="0300"/>
						<SP ID="P145_SP00209" HPOS="508" VPOS="1364" WIDTH="22"/>
						<String ID="P145_ST00236" HPOS="530" VPOS="1332" WIDTH="203" HEIGHT="35" CONTENT="decomposing" WC="1.00" CC="00000000000"/>
						<SP ID="P145_SP00210" HPOS="733" VPOS="1367" WIDTH="21"/>
						<String ID="P145_ST00237" HPOS="754" VPOS="1341" WIDTH="119" HEIGHT="25" CONTENT="corpses." WC="1.00" CC="00000000"/>
						<SP ID="P145_SP00211" HPOS="873" VPOS="1367" WIDTH="41"/>
						<String ID="P145_ST00238" HPOS="914" VPOS="1332" WIDTH="56" HEIGHT="26" CONTENT="For" WC="0.92" CC="002"/>
						<SP ID="P145_SP00212" HPOS="970" VPOS="1367" WIDTH="20"/>
						<String ID="P145_ST00239" HPOS="990" VPOS="1331" WIDTH="69" HEIGHT="34" CONTENT="they" WC="1.00" CC="0000"/>
					</TextLine>
					<TextLine ID="P145_TL00028" HPOS="127" VPOS="1379" WIDTH="935" HEIGHT="35">
						<String ID="P145_ST00240" HPOS="127" VPOS="1387" WIDTH="73" HEIGHT="18" CONTENT="were" WC="1.00" CC="0000"/>
						<SP ID="P145_SP00213" HPOS="200" VPOS="1405" WIDTH="13"/>
						<String ID="P145_ST00241" HPOS="213" VPOS="1379" WIDTH="28" HEIGHT="25" CONTENT="in" WC="0.66" CC="60"/>
						<SP ID="P145_SP00214" HPOS="241" VPOS="1405" WIDTH="21"/>
						<String ID="P145_ST00242" HPOS="262" VPOS="1379" WIDTH="48" HEIGHT="26" CONTENT="the" WC="1.00" CC="000"/>
						<SP ID="P145_SP00215" HPOS="310" VPOS="1405" WIDTH="19"/>
						<String ID="P145_ST00243" HPOS="329" VPOS="1380" WIDTH="79" HEIGHT="26" CONTENT="habit" WC="0.88" CC="00050"/>
						<SP ID="P145_SP00216" HPOS="408" VPOS="1406" WIDTH="15"/>
						<String ID="P145_ST00244" HPOS="423" VPOS="1380" WIDTH="31" HEIGHT="26" CONTENT="of" WC="1.00" CC="00"/>
						<SP ID="P145_SP00217" HPOS="454" VPOS="1406" WIDTH="16"/>
						<String ID="P145_ST00245" HPOS="470" VPOS="1380" WIDTH="121" HEIGHT="34" CONTENT="burying" WC="0.88" CC="4010010"/>
						<SP ID="P145_SP00218" HPOS="591" VPOS="1414" WIDTH="14"/>
						<String ID="P145_ST00246" HPOS="605" VPOS="1380" WIDTH="72" HEIGHT="26" CONTENT="their" WC="0.87" CC="00060"/>
						<SP ID="P145_SP00219" HPOS="677" VPOS="1414" WIDTH="11"/>
						<String ID="P145_ST00247" HPOS="688" VPOS="1380" WIDTH="72" HEIGHT="26" CONTENT="dead" WC="1.00" CC="0000"/>
						<SP ID="P145_SP00220" HPOS="760" VPOS="1414" WIDTH="16"/>
						<String ID="P145_ST00248" HPOS="776" VPOS="1380" WIDTH="88" HEIGHT="25" CONTENT="under" WC="0.98" CC="00000"/>
						<SP ID="P145_SP00221" HPOS="864" VPOS="1414" WIDTH="13"/>
						<String ID="P145_ST00249" HPOS="877" VPOS="1379" WIDTH="48" HEIGHT="26" CONTENT="the" WC="0.79" CC="060"/>
						<SP ID="P145_SP00222" HPOS="925" VPOS="1414" WIDTH="12"/>
						<String ID="P145_ST00250" HPOS="937" VPOS="1379" WIDTH="82" HEIGHT="25" CONTENT="floors" WC="1.00" CC="000000"/>
						<SP ID="P145_SP00223" HPOS="1019" VPOS="1414" WIDTH="13"/>
						<String ID="P145_ST00251" HPOS="1032" VPOS="1379" WIDTH="30" HEIGHT="25" CONTENT="of" WC="1.00" CC="00"/>
					</TextLine>
					<TextLine ID="P145_TL00029" HPOS="126" VPOS="1425" WIDTH="936" HEIGHT="37">
						<String ID="P145_ST00252" HPOS="126" VPOS="1426" WIDTH="74" HEIGHT="26" CONTENT="their" WC="0.91" CC="00040"/>
						<SP ID="P145_SP00224" HPOS="200" VPOS="1452" WIDTH="13"/>
						<String ID="P145_ST00253" HPOS="213" VPOS="1425" WIDTH="108" HEIGHT="33" CONTENT="houses," WC="0.95" CC="0003000"/>
						<SP ID="P145_SP00225" HPOS="321" VPOS="1458" WIDTH="24"/>
						<String ID="P145_ST00254" HPOS="345" VPOS="1427" WIDTH="148" HEIGHT="35" CONTENT="especially" WC="0.93" CC="0000000060"/>
						<SP ID="P145_SP00226" HPOS="493" VPOS="1462" WIDTH="13"/>
						<String ID="P145_ST00255" HPOS="506" VPOS="1428" WIDTH="72" HEIGHT="25" CONTENT="their" WC="0.60" CC="83061"/>
						<SP ID="P145_SP00227" HPOS="578" VPOS="1462" WIDTH="17"/>
						<String ID="P145_ST00256" HPOS="595" VPOS="1436" WIDTH="116" HEIGHT="17" CONTENT="women." WC="1.00" CC="000000"/>
						<SP ID="P145_SP00228" HPOS="711" VPOS="1462" WIDTH="38"/>
						<String ID="P145_ST00257" HPOS="749" VPOS="1427" WIDTH="55" HEIGHT="25" CONTENT="We" WC="1.00" CC="00"/>
						<SP ID="P145_SP00229" HPOS="804" VPOS="1462" WIDTH="21"/>
						<String ID="P145_ST00258" HPOS="825" VPOS="1430" WIDTH="51" HEIGHT="30" CONTENT="got" WC="1.00" CC="000"/>
						<SP ID="P145_SP00230" HPOS="876" VPOS="1462" WIDTH="21"/>
						<String ID="P145_ST00259" HPOS="897" VPOS="1435" WIDTH="16" HEIGHT="17" CONTENT="a" WC="1.00" CC="0"/>
						<SP ID="P145_SP00231" HPOS="913" VPOS="1462" WIDTH="22"/>
						<String ID="P145_ST00260" HPOS="935" VPOS="1426" WIDTH="78" HEIGHT="34" CONTENT="piece" WC="0.83" CC="05200"/>
						<SP ID="P145_SP00232" HPOS="1013" VPOS="1462" WIDTH="20"/>
						<String ID="P145_ST00261" HPOS="1033" VPOS="1426" WIDTH="29" HEIGHT="26" CONTENT="of" WC="1.00" CC="00"/>
					</TextLine>
					<TextLine ID="P145_TL00030" HPOS="125" VPOS="1473" WIDTH="932" HEIGHT="37">
						<String ID="P145_ST00262" HPOS="125" VPOS="1473" WIDTH="68" HEIGHT="26" CONTENT="land" WC="0.70" CC="5060"/>
						<SP ID="P145_SP00233" HPOS="193" VPOS="1499" WIDTH="15"/>
						<String ID="P145_ST00263" HPOS="208" VPOS="1474" WIDTH="55" HEIGHT="25" CONTENT="and" WC="1.00" CC="000"/>
						<SP ID="P145_SP00234" HPOS="263" VPOS="1499" WIDTH="16"/>
						<String ID="P145_ST00264" HPOS="279" VPOS="1474" WIDTH="109" HEIGHT="33" CONTENT="opened" WC="1.00" CC="000000"/>
						<SP ID="P145_SP00235" HPOS="388" VPOS="1507" WIDTH="19"/>
						<String ID="P145_ST00265" HPOS="407" VPOS="1484" WIDTH="16" HEIGHT="17" CONTENT="a" WC="1.00" CC="0"/>
						<SP ID="P145_SP00236" HPOS="423" VPOS="1507" WIDTH="14"/>
						<String ID="P145_ST00266" HPOS="437" VPOS="1484" WIDTH="60" HEIGHT="17" CONTENT="new" WC="0.70" CC="008"/>
						<SP ID="P145_SP00237" HPOS="497" VPOS="1507" WIDTH="14"/>
						<String ID="P145_ST00267" HPOS="511" VPOS="1475" WIDTH="89" HEIGHT="27" CONTENT="burial" WC="0.80" CC="050500"/>
						<SP ID="P145_SP00238" HPOS="600" VPOS="1507" WIDTH="19"/>
						<String ID="P145_ST00268" HPOS="619" VPOS="1476" WIDTH="109" HEIGHT="34" CONTENT="ground" WC="0.98" CC="000000"/>
						<SP ID="P145_SP00239" HPOS="728" VPOS="1510" WIDTH="15"/>
						<String ID="P145_ST00269" HPOS="743" VPOS="1475" WIDTH="43" HEIGHT="26" CONTENT="for" WC="0.93" CC="200"/>
						<SP ID="P145_SP00240" HPOS="786" VPOS="1510" WIDTH="12"/>
						<String ID="P145_ST00270" HPOS="798" VPOS="1474" WIDTH="86" HEIGHT="31" CONTENT="them," WC="0.86" CC="06000"/>
						<SP ID="P145_SP00241" HPOS="884" VPOS="1510" WIDTH="14"/>
						<String ID="P145_ST00271" HPOS="898" VPOS="1474" WIDTH="52" HEIGHT="26" CONTENT="but" WC="0.81" CC="050"/>
						<SP ID="P145_SP00242" HPOS="950" VPOS="1510" WIDTH="20"/>
						<String ID="P145_ST00272" HPOS="970" VPOS="1474" WIDTH="87" HEIGHT="26" CONTENT="found" WC="0.85" CC="01320"/>
					</TextLine>
					<TextLine ID="P145_TL00031" HPOS="125" VPOS="1520" WIDTH="934" HEIGHT="37">
						<String ID="P145_ST00273" HPOS="125" VPOS="1521" WIDTH="23" HEIGHT="26" CONTENT="it" WC="0.75" CC="50"/>
						<SP ID="P145_SP00243" HPOS="148" VPOS="1547" WIDTH="21"/>
						<String ID="P145_ST00274" HPOS="169" VPOS="1520" WIDTH="189" HEIGHT="35" CONTENT="exceedingly" WC="0.92" CC="08000000000"/>
						<SP ID="P145_SP00244" HPOS="358" VPOS="1555" WIDTH="13"/>
						<String ID="P145_ST00275" HPOS="371" VPOS="1522" WIDTH="116" HEIGHT="26" CONTENT="difficult" WC="1.00" CC="000000000"/>
						<SP ID="P145_SP00245" HPOS="487" VPOS="1555" WIDTH="21"/>
						<String ID="P145_ST00276" HPOS="508" VPOS="1527" WIDTH="30" HEIGHT="21" CONTENT="to" WC="1.00" CC="00"/>
						<SP ID="P145_SP00246" HPOS="538" VPOS="1555" WIDTH="20"/>
						<String ID="P145_ST00277" HPOS="558" VPOS="1527" WIDTH="115" HEIGHT="30" CONTENT="prevent" WC="1.00" CC="0000000"/>
						<SP ID="P145_SP00247" HPOS="673" VPOS="1557" WIDTH="15"/>
						<String ID="P145_ST00278" HPOS="688" VPOS="1523" WIDTH="72" HEIGHT="25" CONTENT="their" WC="0.82" CC="03050"/>
						<SP ID="P145_SP00248" HPOS="760" VPOS="1557" WIDTH="21"/>
						<String ID="P145_ST00279" HPOS="781" VPOS="1522" WIDTH="135" HEIGHT="34" CONTENT="adhering" WC="0.91" CC="00000600"/>
						<SP ID="P145_SP00249" HPOS="916" VPOS="1557" WIDTH="20"/>
						<String ID="P145_ST00280" HPOS="936" VPOS="1525" WIDTH="29" HEIGHT="22" CONTENT="to" WC="1.00" CC="00"/>
						<SP ID="P145_SP00250" HPOS="965" VPOS="1557" WIDTH="22"/>
						<String ID="P145_ST00281" HPOS="987" VPOS="1521" WIDTH="72" HEIGHT="27" CONTENT="their" WC="0.81" CC="03050"/>
					</TextLine>
					<TextLine ID="P145_TL00032" HPOS="127" VPOS="1568" WIDTH="864" HEIGHT="35">
						<String ID="P145_ST00282" HPOS="127" VPOS="1568" WIDTH="104" HEIGHT="27" CONTENT="former" WC="1.00" CC="000000"/>
						<SP ID="P145_SP00251" HPOS="231" VPOS="1595" WIDTH="14"/>
						<String ID="P145_ST00283" HPOS="245" VPOS="1568" WIDTH="144" HEIGHT="34" CONTENT="practices," WC="0.96" CC="0000030000"/>
						<SP ID="P145_SP00252" HPOS="389" VPOS="1602" WIDTH="15"/>
						<String ID="P145_ST00284" HPOS="404" VPOS="1569" WIDTH="54" HEIGHT="26" CONTENT="and" WC="1.00" CC="000"/>
						<SP ID="P145_SP00253" HPOS="458" VPOS="1602" WIDTH="15"/>
						<String ID="P145_ST00285" HPOS="473" VPOS="1569" WIDTH="55" HEIGHT="27" CONTENT="had" WC="0.90" CC="200"/>
						<SP ID="P145_SP00254" HPOS="528" VPOS="1602" WIDTH="15"/>
						<String ID="P145_ST00286" HPOS="543" VPOS="1574" WIDTH="29" HEIGHT="22" CONTENT="to" WC="0.59" CC="80"/>
						<SP ID="P145_SP00255" HPOS="572" VPOS="1602" WIDTH="15"/>
						<String ID="P145_ST00287" HPOS="587" VPOS="1570" WIDTH="34" HEIGHT="26" CONTENT="be" WC="0.94" CC="01"/>
						<SP ID="P145_SP00256" HPOS="621" VPOS="1602" WIDTH="14"/>
						<String ID="P145_ST00288" HPOS="635" VPOS="1579" WIDTH="67" HEIGHT="24" CONTENT="very" WC="0.82" CC="7000"/>
						<SP ID="P145_SP00257" HPOS="702" VPOS="1603" WIDTH="18"/>
						<String ID="P145_ST00289" HPOS="720" VPOS="1579" WIDTH="93" HEIGHT="17" CONTENT="severe" WC="0.95" CC="000002"/>
						<SP ID="P145_SP00258" HPOS="813" VPOS="1603" WIDTH="13"/>
						<String ID="P145_ST00290" HPOS="826" VPOS="1569" WIDTH="66" HEIGHT="27" CONTENT="with" WC="0.83" CC="0600"/>
						<SP ID="P145_SP00259" HPOS="892" VPOS="1603" WIDTH="15"/>
						<String ID="P145_ST00291" HPOS="907" VPOS="1569" WIDTH="84" HEIGHT="27" CONTENT="them." WC="0.66" CC="85200"/>
					</TextLine>
				</TextBlock>
			</PrintSpace>
		</Page>
	</Layout>
</alto>
