<?xml version="1.0" encoding="UTF-8"?>
<alto xmlns:xsi="http://www.w3.org/2001/XMLSchema-instance" xsi:noNamespaceSchemaLocation="http://www.bl.uk/schemas/alto/alto-1-4.xsd" xmlns:xlink="http://www.w3.org/1999/xlink">
	<Description>
		<MeasurementUnit>mm10</MeasurementUnit>
		<sourceImageInformation>
			<fileName>//head1/IN/2008-11/A0011351408.2/007516.jp2</fileName>
		</sourceImageInformation>
		<OCRProcessing ID="OCRPROCESSING_1">
			<preProcessingStep>
				<processingSoftware>
					<softwareCreator>CCS Content Conversion Specialists GmbH, Germany</softwareCreator>
					<softwareName>CCS docWORKS</softwareName>
					<softwareVersion>6.1-0.67</softwareVersion>
				</processingSoftware>
			</preProcessingStep>
			<ocrProcessingStep>
				<processingSoftware>
					<softwareCreator>ABBYY (BIT Software), Russia</softwareCreator>
					<softwareName>Finereader</softwareName>
				</processingSoftware>
			</ocrProcessingStep>
		</OCRProcessing>
	</Description>
	<Styles>
		<TextStyle ID="TXT_0" FONTSIZE="9" FONTFAMILY="Courier New"/>
		<TextStyle ID="TXT_1" FONTSIZE="11" FONTFAMILY="Courier New"/>
		<ParagraphStyle ID="PAR_CENTER" ALIGN="Center"/>
		<ParagraphStyle ID="PAR_LEFT" ALIGN="Left"/>
	</Styles>
	<Layout>
		<Page ID="P136" PHYSICAL_IMG_NR="136" HEIGHT="1675" WIDTH="1155" PRINTED_IMG_NR="128" POSITION="Left" ACCURACY="87.53">
			<TopMargin ID="P136_TM00001" HPOS="0" VPOS="0" WIDTH="1154" HEIGHT="140">
				<TextBlock ID="P136_TB00001" HPOS="393" VPOS="100" WIDTH="389" HEIGHT="40" STYLEREFS="TXT_0 PAR_CENTER">
					<TextLine ID="P136_TL00001" HPOS="394" VPOS="101" WIDTH="388" HEIGHT="39">
						<String ID="P136_ST00001" HPOS="394" VPOS="102" WIDTH="77" HEIGHT="38" CONTENT="Life" WC="0.82" CC="0070"/>
						<SP ID="P136_SP00001" HPOS="471" VPOS="140" WIDTH="21"/>
						<String ID="P136_ST00002" HPOS="492" VPOS="102" WIDTH="34" HEIGHT="29" CONTENT="in" WC="0.59" CC="08"/>
						<SP ID="P136_SP00002" HPOS="526" VPOS="140" WIDTH="22"/>
						<String ID="P136_ST00003" HPOS="548" VPOS="101" WIDTH="49" HEIGHT="30" CONTENT="the" WC="0.75" CC="403"/>
						<SP ID="P136_SP00003" HPOS="597" VPOS="140" WIDTH="21"/>
						<String ID="P136_ST00004" HPOS="618" VPOS="101" WIDTH="164" HEIGHT="39" CONTENT="Mofussil." WC="0.78" CC="000509022"/>
					</TextLine>
				</TextBlock>
				<TextBlock ID="P136_TB00002" HPOS="129" VPOS="104" WIDTH="56" HEIGHT="27" STYLEREFS="TXT_1 PAR_LEFT">
					<TextLine ID="P136_TL00002" HPOS="129" VPOS="104" WIDTH="56" HEIGHT="27">
						<String ID="P136_ST00005" HPOS="129" VPOS="104" WIDTH="56" HEIGHT="27" CONTENT="128" WC="1.00" CC="000"/>
					</TextLine>
				</TextBlock>
			</TopMargin>
			<LeftMargin ID="P136_LM00001" HPOS="0" VPOS="132" WIDTH="122" HEIGHT="1462"/>
			<RightMargin ID="P136_RM00001" HPOS="1055" VPOS="132" WIDTH="99" HEIGHT="1462"/>
			<BottomMargin ID="P136_BM00001" HPOS="0" VPOS="1594" WIDTH="1154" HEIGHT="80"/>
			<PrintSpace ID="P136_PS00001" HPOS="122" VPOS="132" WIDTH="933" HEIGHT="1462">
				<TextBlock ID="P136_TB00003" HPOS="122" VPOS="184" WIDTH="933" HEIGHT="273" STYLEREFS="TXT_0 PAR_LEFT">
					<TextLine ID="P136_TL00003" HPOS="123" VPOS="185" WIDTH="932" HEIGHT="35">
						<String ID="P136_ST00006" HPOS="123" VPOS="187" WIDTH="119" HEIGHT="26" CONTENT="General" WC="0.75" CC="0050461"/>
						<SP ID="P136_SP00004" HPOS="242" VPOS="213" WIDTH="21"/>
						<String ID="P136_ST00007" HPOS="263" VPOS="187" WIDTH="32" HEIGHT="26" CONTENT="of" WC="0.89" CC="02"/>
						<SP ID="P136_SP00005" HPOS="295" VPOS="213" WIDTH="23"/>
						<String ID="P136_ST00008" HPOS="318" VPOS="187" WIDTH="88" HEIGHT="32" CONTENT="India," WC="0.80" CC="030503"/>
						<SP ID="P136_SP00006" HPOS="406" VPOS="219" WIDTH="15"/>
						<String ID="P136_ST00009" HPOS="421" VPOS="186" WIDTH="56" HEIGHT="26" CONTENT="had" WC="0.93" CC="200"/>
						<SP ID="P136_SP00007" HPOS="477" VPOS="219" WIDTH="22"/>
						<String ID="P136_ST00010" HPOS="499" VPOS="186" WIDTH="124" HEIGHT="34" CONTENT="actually" WC="0.84" CC="00060060"/>
						<SP ID="P136_SP00008" HPOS="623" VPOS="220" WIDTH="15"/>
						<String ID="P136_ST00011" HPOS="638" VPOS="186" WIDTH="118" HEIGHT="26" CONTENT="assisted" WC="0.92" CC="00060000"/>
						<SP ID="P136_SP00009" HPOS="756" VPOS="220" WIDTH="14"/>
						<String ID="P136_ST00012" HPOS="770" VPOS="185" WIDTH="80" HEIGHT="27" CONTENT="these" WC="0.86" CC="07000"/>
						<SP ID="P136_SP00010" HPOS="850" VPOS="220" WIDTH="20"/>
						<String ID="P136_ST00013" HPOS="870" VPOS="185" WIDTH="185" HEIGHT="35" CONTENT="proceedings" WC="0.71" CC="02020083490"/>
					</TextLine>
					<TextLine ID="P136_TL00004" HPOS="124" VPOS="232" WIDTH="931" HEIGHT="37">
						<String ID="P136_ST00014" HPOS="124" VPOS="235" WIDTH="38" HEIGHT="34" CONTENT="by" WC="0.65" CC="60"/>
						<SP ID="P136_SP00011" HPOS="162" VPOS="269" WIDTH="13"/>
						<String ID="P136_ST00015" HPOS="175" VPOS="245" WIDTH="16" HEIGHT="16" CONTENT="a" WC="1.00" CC="0"/>
						<SP ID="P136_SP00012" HPOS="191" VPOS="269" WIDTH="13"/>
						<String ID="P136_ST00016" HPOS="204" VPOS="235" WIDTH="64" HEIGHT="26" CONTENT="loan" WC="0.96" CC="1000"/>
						<SP ID="P136_SP00013" HPOS="268" VPOS="269" WIDTH="15"/>
						<String ID="P136_ST00017" HPOS="283" VPOS="234" WIDTH="32" HEIGHT="27" CONTENT="of" WC="0.82" CC="03"/>
						<SP ID="P136_SP00014" HPOS="315" VPOS="269" WIDTH="16"/>
						<String ID="P136_ST00018" HPOS="331" VPOS="243" WIDTH="103" HEIGHT="25" CONTENT="money" WC="1.00" CC="00000"/>
						<SP ID="P136_SP00015" HPOS="434" VPOS="269" WIDTH="14"/>
						<String ID="P136_ST00019" HPOS="448" VPOS="234" WIDTH="53" HEIGHT="34" CONTENT="(for" WC="0.91" CC="2000"/>
						<SP ID="P136_SP00016" HPOS="501" VPOS="269" WIDTH="13"/>
						<String ID="P136_ST00020" HPOS="514" VPOS="234" WIDTH="22" HEIGHT="26" CONTENT="it" WC="0.58" CC="53"/>
						<SP ID="P136_SP00017" HPOS="536" VPOS="269" WIDTH="13"/>
						<String ID="P136_ST00021" HPOS="549" VPOS="234" WIDTH="22" HEIGHT="25" CONTENT="is" WC="0.78" CC="40"/>
						<SP ID="P136_SP00018" HPOS="571" VPOS="269" WIDTH="16"/>
						<String ID="P136_ST00022" HPOS="587" VPOS="233" WIDTH="119" HEIGHT="35" CONTENT="morally" WC="0.92" CC="0000050"/>
						<SP ID="P136_SP00019" HPOS="706" VPOS="269" WIDTH="14"/>
						<String ID="P136_ST00023" HPOS="720" VPOS="234" WIDTH="105" HEIGHT="25" CONTENT="certain" WC="0.78" CC="0050350"/>
						<SP ID="P136_SP00020" HPOS="825" VPOS="269" WIDTH="16"/>
						<String ID="P136_ST00024" HPOS="841" VPOS="234" WIDTH="61" HEIGHT="24" CONTENT="that" WC="0.71" CC="4600"/>
						<SP ID="P136_SP00021" HPOS="902" VPOS="269" WIDTH="17"/>
						<String ID="P136_ST00025" HPOS="919" VPOS="233" WIDTH="35" HEIGHT="25" CONTENT="he" WC="0.74" CC="50"/>
						<SP ID="P136_SP00022" HPOS="954" VPOS="269" WIDTH="21"/>
						<String ID="P136_ST00026" HPOS="975" VPOS="232" WIDTH="80" HEIGHT="26" CONTENT="knew" WC="0.91" CC="3000"/>
					</TextLine>
					<TextLine ID="P136_TL00005" HPOS="124" VPOS="279" WIDTH="931" HEIGHT="36">
						<String ID="P136_ST00027" HPOS="124" VPOS="282" WIDTH="37" HEIGHT="27" CONTENT="all" WC="0.91" CC="002"/>
						<SP ID="P136_SP00023" HPOS="161" VPOS="309" WIDTH="25"/>
						<String ID="P136_ST00028" HPOS="186" VPOS="282" WIDTH="87" HEIGHT="27" CONTENT="about" WC="1.00" CC="00000"/>
						<SP ID="P136_SP00024" HPOS="273" VPOS="309" WIDTH="26"/>
						<String ID="P136_ST00029" HPOS="299" VPOS="281" WIDTH="87" HEIGHT="34" CONTENT="them)" WC="0.79" CC="06003"/>
						<String ID="P136_ST00030" HPOS="399" VPOS="290" WIDTH="6" HEIGHT="23" CONTENT=";" WC="0.51" CC="4"/>
						<SP ID="P136_SP00025" HPOS="405" VPOS="315" WIDTH="22"/>
						<String ID="P136_ST00031" HPOS="427" VPOS="281" WIDTH="56" HEIGHT="26" CONTENT="and" WC="0.87" CC="030"/>
						<SP ID="P136_SP00026" HPOS="483" VPOS="315" WIDTH="23"/>
						<String ID="P136_ST00032" HPOS="506" VPOS="281" WIDTH="63" HEIGHT="25" CONTENT="that" WC="0.64" CC="0409"/>
						<SP ID="P136_SP00027" HPOS="569" VPOS="315" WIDTH="22"/>
						<String ID="P136_ST00033" HPOS="591" VPOS="280" WIDTH="80" HEIGHT="26" CONTENT="when" WC="0.88" CC="0400"/>
						<SP ID="P136_SP00028" HPOS="671" VPOS="315" WIDTH="22"/>
						<String ID="P136_ST00034" HPOS="693" VPOS="280" WIDTH="167" HEIGHT="34" CONTENT="everything" WC="0.86" CC="0002006500"/>
						<SP ID="P136_SP00029" HPOS="860" VPOS="315" WIDTH="21"/>
						<String ID="P136_ST00035" HPOS="881" VPOS="279" WIDTH="83" HEIGHT="27" CONTENT="could" WC="0.96" CC="00010"/>
						<SP ID="P136_SP00030" HPOS="964" VPOS="315" WIDTH="19"/>
						<String ID="P136_ST00036" HPOS="983" VPOS="279" WIDTH="72" HEIGHT="27" CONTENT="have" WC="0.75" CC="5040"/>
					</TextLine>
					<TextLine ID="P136_TL00006" HPOS="124" VPOS="327" WIDTH="931" HEIGHT="36">
						<String ID="P136_ST00037" HPOS="124" VPOS="330" WIDTH="71" HEIGHT="26" CONTENT="been" WC="1.00" CC="0000"/>
						<SP ID="P136_SP00031" HPOS="195" VPOS="356" WIDTH="23"/>
						<String ID="P136_ST00038" HPOS="218" VPOS="329" WIDTH="105" HEIGHT="34" CONTENT="proved" WC="1.00" CC="000000"/>
						<SP ID="P136_SP00032" HPOS="323" VPOS="363" WIDTH="23"/>
						<String ID="P136_ST00039" HPOS="346" VPOS="329" WIDTH="39" HEIGHT="33" CONTENT="by" WC="1.00" CC="00"/>
						<SP ID="P136_SP00033" HPOS="385" VPOS="363" WIDTH="20"/>
						<String ID="P136_ST00040" HPOS="405" VPOS="328" WIDTH="47" HEIGHT="27" CONTENT="the" WC="0.78" CC="060"/>
						<SP ID="P136_SP00034" HPOS="452" VPOS="363" WIDTH="19"/>
						<String ID="P136_ST00041" HPOS="471" VPOS="328" WIDTH="167" HEIGHT="34" CONTENT="production" WC="0.95" CC="0300000001"/>
						<SP ID="P136_SP00035" HPOS="638" VPOS="363" WIDTH="22"/>
						<String ID="P136_ST00042" HPOS="660" VPOS="328" WIDTH="32" HEIGHT="26" CONTENT="of" WC="1.00" CC="00"/>
						<SP ID="P136_SP00036" HPOS="692" VPOS="363" WIDTH="18"/>
						<String ID="P136_ST00043" HPOS="710" VPOS="328" WIDTH="49" HEIGHT="26" CONTENT="the" WC="0.82" CC="050"/>
						<SP ID="P136_SP00037" HPOS="759" VPOS="363" WIDTH="21"/>
						<String ID="P136_ST00044" HPOS="780" VPOS="327" WIDTH="118" HEIGHT="34" CONTENT="original" WC="0.72" CC="34406400"/>
						<SP ID="P136_SP00038" HPOS="898" VPOS="363" WIDTH="21"/>
						<String ID="P136_ST00045" HPOS="919" VPOS="327" WIDTH="65" HEIGHT="32" CONTENT="will," WC="0.76" CC="72010"/>
						<SP ID="P136_SP00039" HPOS="984" VPOS="363" WIDTH="14"/>
						<String ID="P136_ST00046" HPOS="998" VPOS="327" WIDTH="57" HEIGHT="26" CONTENT="and" WC="1.00" CC="000"/>
					</TextLine>
					<TextLine ID="P136_TL00007" HPOS="124" VPOS="374" WIDTH="931" HEIGHT="37">
						<String ID="P136_ST00047" HPOS="124" VPOS="377" WIDTH="35" HEIGHT="26" CONTENT="he" WC="0.82" CC="30"/>
						<SP ID="P136_SP00040" HPOS="159" VPOS="403" WIDTH="13"/>
						<String ID="P136_ST00048" HPOS="172" VPOS="377" WIDTH="82" HEIGHT="26" CONTENT="could" WC="0.96" CC="00100"/>
						<SP ID="P136_SP00041" HPOS="254" VPOS="403" WIDTH="13"/>
						<String ID="P136_ST00049" HPOS="267" VPOS="376" WIDTH="73" HEIGHT="26" CONTENT="have" WC="0.90" CC="4000"/>
						<SP ID="P136_SP00042" HPOS="340" VPOS="403" WIDTH="14"/>
						<String ID="P136_ST00050" HPOS="354" VPOS="380" WIDTH="51" HEIGHT="31" CONTENT="put" WC="1.00" CC="000"/>
						<SP ID="P136_SP00043" HPOS="405" VPOS="411" WIDTH="12"/>
						<String ID="P136_ST00051" HPOS="417" VPOS="376" WIDTH="116" HEIGHT="26" CONTENT="himself" WC="0.80" CC="7400010"/>
						<SP ID="P136_SP00044" HPOS="533" VPOS="411" WIDTH="16"/>
						<String ID="P136_ST00052" HPOS="549" VPOS="375" WIDTH="136" HEIGHT="35" CONTENT="perfectly" WC="0.94" CC="001000030"/>
						<SP ID="P136_SP00045" HPOS="685" VPOS="411" WIDTH="13"/>
						<String ID="P136_ST00053" HPOS="698" VPOS="376" WIDTH="28" HEIGHT="25" CONTENT="in" WC="0.69" CC="50"/>
						<SP ID="P136_SP00046" HPOS="726" VPOS="411" WIDTH="20"/>
						<String ID="P136_ST00054" HPOS="746" VPOS="375" WIDTH="48" HEIGHT="26" CONTENT="the" WC="0.56" CC="660"/>
						<SP ID="P136_SP00047" HPOS="794" VPOS="411" WIDTH="20"/>
						<String ID="P136_ST00055" HPOS="814" VPOS="374" WIDTH="75" HEIGHT="35" CONTENT="right" WC="0.68" CC="36050"/>
						<SP ID="P136_SP00048" HPOS="889" VPOS="411" WIDTH="19"/>
						<String ID="P136_ST00056" HPOS="908" VPOS="375" WIDTH="40" HEIGHT="34" CONTENT="by" WC="1.00" CC="00"/>
						<SP ID="P136_SP00049" HPOS="948" VPOS="411" WIDTH="13"/>
						<String ID="P136_ST00057" HPOS="961" VPOS="375" WIDTH="94" HEIGHT="25" CONTENT="assist" SUBS_TYPE="HypPart1" SUBS_CONTENT="assisting" WC="0.99" CC="0000000"/>
						<HYP CONTENT="-"/>
					</TextLine>
					<TextLine ID="P136_TL00008" HPOS="124" VPOS="423" WIDTH="531" HEIGHT="34">
						<String ID="P136_ST00058" HPOS="124" VPOS="425" WIDTH="49" HEIGHT="32" CONTENT="ing" SUBS_TYPE="HypPart2" SUBS_CONTENT="assisting" WC="0.77" CC="600"/>
						<SP ID="P136_SP00050" HPOS="173" VPOS="457" WIDTH="13"/>
						<String ID="P136_ST00059" HPOS="186" VPOS="433" WIDTH="45" HEIGHT="17" CONTENT="me" WC="1.00" CC="00"/>
						<SP ID="P136_SP00051" HPOS="231" VPOS="457" WIDTH="14"/>
						<String ID="P136_ST00060" HPOS="245" VPOS="428" WIDTH="29" HEIGHT="22" CONTENT="to" WC="1.00" CC="00"/>
						<SP ID="P136_SP00052" HPOS="274" VPOS="457" WIDTH="14"/>
						<String ID="P136_ST00061" HPOS="288" VPOS="428" WIDTH="47" HEIGHT="29" CONTENT="get" WC="1.00" CC="000"/>
						<SP ID="P136_SP00053" HPOS="335" VPOS="457" WIDTH="14"/>
						<String ID="P136_ST00062" HPOS="349" VPOS="424" WIDTH="29" HEIGHT="31" CONTENT="it," WC="0.82" CC="500"/>
						<SP ID="P136_SP00054" HPOS="378" VPOS="457" WIDTH="14"/>
						<String ID="P136_ST00063" HPOS="392" VPOS="424" WIDTH="35" HEIGHT="26" CONTENT="he" WC="1.00" CC="00"/>
						<SP ID="P136_SP00055" HPOS="427" VPOS="457" WIDTH="14"/>
						<String ID="P136_ST00064" HPOS="441" VPOS="423" WIDTH="48" HEIGHT="27" CONTENT="did" WC="1.00" CC="000"/>
						<SP ID="P136_SP00056" HPOS="489" VPOS="457" WIDTH="15"/>
						<String ID="P136_ST00065" HPOS="504" VPOS="428" WIDTH="49" HEIGHT="22" CONTENT="not" WC="1.00" CC="000"/>
						<SP ID="P136_SP00057" HPOS="553" VPOS="457" WIDTH="14"/>
						<String ID="P136_ST00066" HPOS="567" VPOS="424" WIDTH="37" HEIGHT="26" CONTENT="do" WC="1.00" CC="00"/>
						<SP ID="P136_SP00058" HPOS="604" VPOS="457" WIDTH="14"/>
						<String ID="P136_ST00067" HPOS="618" VPOS="433" WIDTH="37" HEIGHT="17" CONTENT="so." WC="0.98" CC="000"/>
					</TextLine>
				</TextBlock>
				<TextBlock ID="P136_TB00004" HPOS="122" VPOS="469" WIDTH="932" HEIGHT="319" STYLEREFS="TXT_0 PAR_LEFT">
					<TextLine ID="P136_TL00009" HPOS="161" VPOS="470" WIDTH="891" HEIGHT="35">
						<String ID="P136_ST00068" HPOS="161" VPOS="471" WIDTH="160" HEIGHT="32" CONTENT="Doubtless," WC="0.83" CC="0066400000"/>
						<SP ID="P136_SP00059" HPOS="321" VPOS="503" WIDTH="14"/>
						<String ID="P136_ST00069" HPOS="335" VPOS="475" WIDTH="74" HEIGHT="22" CONTENT="most" WC="0.81" CC="7000"/>
						<SP ID="P136_SP00060" HPOS="409" VPOS="503" WIDTH="13"/>
						<String ID="P136_ST00070" HPOS="422" VPOS="472" WIDTH="101" HEIGHT="33" CONTENT="people" WC="0.88" CC="000700"/>
						<SP ID="P136_SP00061" HPOS="523" VPOS="505" WIDTH="15"/>
						<String ID="P136_ST00071" HPOS="538" VPOS="471" WIDTH="121" HEIGHT="34" CONTENT="thought" WC="0.84" CC="0700030"/>
						<SP ID="P136_SP00062" HPOS="659" VPOS="505" WIDTH="14"/>
						<String ID="P136_ST00072" HPOS="673" VPOS="470" WIDTH="62" HEIGHT="26" CONTENT="that" WC="0.81" CC="0600"/>
						<SP ID="P136_SP00063" HPOS="735" VPOS="505" WIDTH="13"/>
						<String ID="P136_ST00073" HPOS="748" VPOS="470" WIDTH="80" HEIGHT="26" CONTENT="there" WC="0.84" CC="07000"/>
						<SP ID="P136_SP00064" HPOS="828" VPOS="505" WIDTH="13"/>
						<String ID="P136_ST00074" HPOS="841" VPOS="479" WIDTH="56" HEIGHT="17" CONTENT="was" WC="0.89" CC="300"/>
						<SP ID="P136_SP00065" HPOS="897" VPOS="505" WIDTH="20"/>
						<String ID="P136_ST00075" HPOS="917" VPOS="479" WIDTH="37" HEIGHT="16" CONTENT="no" WC="0.72" CC="05"/>
						<SP ID="P136_SP00066" HPOS="954" VPOS="505" WIDTH="20"/>
						<String ID="P136_ST00076" HPOS="974" VPOS="474" WIDTH="78" HEIGHT="31" CONTENT="great" WC="0.92" CC="00003"/>
					</TextLine>
					<TextLine ID="P136_TL00010" HPOS="123" VPOS="517" WIDTH="931" HEIGHT="35">
						<String ID="P136_ST00077" HPOS="123" VPOS="519" WIDTH="78" HEIGHT="25" CONTENT="harm" WC="0.71" CC="6050"/>
						<SP ID="P136_SP00067" HPOS="201" VPOS="544" WIDTH="24"/>
						<String ID="P136_ST00078" HPOS="225" VPOS="519" WIDTH="28" HEIGHT="25" CONTENT="in" WC="0.67" CC="60"/>
						<SP ID="P136_SP00068" HPOS="253" VPOS="544" WIDTH="20"/>
						<String ID="P136_ST00079" HPOS="273" VPOS="519" WIDTH="120" HEIGHT="33" CONTENT="robbing" WC="0.92" CC="0030010"/>
						<SP ID="P136_SP00069" HPOS="393" VPOS="552" WIDTH="18"/>
						<String ID="P136_ST00080" HPOS="411" VPOS="519" WIDTH="49" HEIGHT="25" CONTENT="the" WC="0.78" CC="060"/>
						<SP ID="P136_SP00070" HPOS="460" VPOS="552" WIDTH="20"/>
						<String ID="P136_ST00081" HPOS="480" VPOS="518" WIDTH="191" HEIGHT="26" CONTENT="Government" WC="0.82" CC="0000590003"/>
						<String ID="P136_ST00082" HPOS="682" VPOS="527" WIDTH="5" HEIGHT="23" CONTENT=";" WC="1.00" CC="0"/>
						<SP ID="P136_SP00071" HPOS="687" VPOS="552" WIDTH="23"/>
						<String ID="P136_ST00083" HPOS="710" VPOS="518" WIDTH="56" HEIGHT="26" CONTENT="and" WC="1.00" CC="000"/>
						<SP ID="P136_SP00072" HPOS="766" VPOS="552" WIDTH="21"/>
						<String ID="P136_ST00084" HPOS="787" VPOS="517" WIDTH="74" HEIGHT="32" CONTENT="then," WC="0.91" CC="04000"/>
						<SP ID="P136_SP00073" HPOS="861" VPOS="552" WIDTH="26"/>
						<String ID="P136_ST00085" HPOS="887" VPOS="518" WIDTH="90" HEIGHT="34" CONTENT="again," WC="0.82" CC="000522"/>
						<SP ID="P136_SP00074" HPOS="977" VPOS="552" WIDTH="15"/>
						<String ID="P136_ST00086" HPOS="992" VPOS="518" WIDTH="62" HEIGHT="26" CONTENT="that" WC="0.79" CC="1600"/>
					</TextLine>
					<TextLine ID="P136_TL00011" HPOS="124" VPOS="565" WIDTH="930" HEIGHT="34">
						<String ID="P136_ST00087" HPOS="124" VPOS="566" WIDTH="78" HEIGHT="26" CONTENT="these" WC="0.85" CC="33000"/>
						<SP ID="P136_SP00075" HPOS="202" VPOS="592" WIDTH="13"/>
						<String ID="P136_ST00088" HPOS="215" VPOS="566" WIDTH="170" HEIGHT="26" CONTENT="Armenians" WC="0.80" CC="060226000"/>
						<SP ID="P136_SP00076" HPOS="385" VPOS="592" WIDTH="14"/>
						<String ID="P136_ST00089" HPOS="399" VPOS="575" WIDTH="70" HEIGHT="17" CONTENT="were" WC="1.00" CC="0000"/>
						<SP ID="P136_SP00077" HPOS="469" VPOS="592" WIDTH="20"/>
						<String ID="P136_ST00090" HPOS="489" VPOS="566" WIDTH="58" HEIGHT="25" CONTENT="rich" WC="0.79" CC="1600"/>
						<SP ID="P136_SP00078" HPOS="547" VPOS="592" WIDTH="22"/>
						<String ID="P136_ST00091" HPOS="569" VPOS="566" WIDTH="55" HEIGHT="25" CONTENT="and" WC="0.92" CC="020"/>
						<SP ID="P136_SP00079" HPOS="624" VPOS="592" WIDTH="22"/>
						<String ID="P136_ST00092" HPOS="646" VPOS="565" WIDTH="134" HEIGHT="34" CONTENT="powerful" WC="0.87" CC="00002240"/>
						<SP ID="P136_SP00080" HPOS="780" VPOS="599" WIDTH="21"/>
						<String ID="P136_ST00093" HPOS="801" VPOS="573" WIDTH="72" HEIGHT="24" CONTENT="men," WC="1.00" CC="0000"/>
						<SP ID="P136_SP00081" HPOS="873" VPOS="599" WIDTH="15"/>
						<String ID="P136_ST00094" HPOS="888" VPOS="569" WIDTH="166" HEIGHT="30" CONTENT="permanent" WC="0.77" CC="003105090"/>
					</TextLine>
					<TextLine ID="P136_TL00012" HPOS="124" VPOS="612" WIDTH="930" HEIGHT="34">
						<String ID="P136_ST00095" HPOS="124" VPOS="614" WIDTH="135" HEIGHT="24" CONTENT="residents" WC="0.84" CC="500600020"/>
						<SP ID="P136_SP00082" HPOS="259" VPOS="638" WIDTH="14"/>
						<String ID="P136_ST00096" HPOS="273" VPOS="614" WIDTH="27" HEIGHT="24" CONTENT="in" WC="0.66" CC="60"/>
						<SP ID="P136_SP00083" HPOS="300" VPOS="638" WIDTH="16"/>
						<String ID="P136_ST00097" HPOS="316" VPOS="613" WIDTH="101" HEIGHT="31" CONTENT="Dacca," WC="0.86" CC="070000"/>
						<SP ID="P136_SP00084" HPOS="417" VPOS="644" WIDTH="16"/>
						<String ID="P136_ST00098" HPOS="433" VPOS="613" WIDTH="55" HEIGHT="26" CONTENT="and" WC="1.00" CC="000"/>
						<SP ID="P136_SP00085" HPOS="488" VPOS="644" WIDTH="14"/>
						<String ID="P136_ST00099" HPOS="502" VPOS="613" WIDTH="22" HEIGHT="25" CONTENT="it" WC="0.74" CC="50"/>
						<SP ID="P136_SP00086" HPOS="524" VPOS="644" WIDTH="13"/>
						<String ID="P136_ST00100" HPOS="537" VPOS="621" WIDTH="56" HEIGHT="17" CONTENT="was" WC="1.00" CC="000"/>
						<SP ID="P136_SP00087" HPOS="593" VPOS="644" WIDTH="16"/>
						<String ID="P136_ST00101" HPOS="609" VPOS="621" WIDTH="76" HEIGHT="17" CONTENT="more" WC="0.76" CC="8010"/>
						<SP ID="P136_SP00088" HPOS="685" VPOS="644" WIDTH="14"/>
						<String ID="P136_ST00102" HPOS="699" VPOS="612" WIDTH="154" HEIGHT="34" CONTENT="expedient" WC="0.93" CC="000006000"/>
						<SP ID="P136_SP00089" HPOS="853" VPOS="646" WIDTH="22"/>
						<String ID="P136_ST00103" HPOS="875" VPOS="616" WIDTH="29" HEIGHT="22" CONTENT="to" WC="0.55" CC="80"/>
						<SP ID="P136_SP00090" HPOS="904" VPOS="646" WIDTH="21"/>
						<String ID="P136_ST00104" HPOS="925" VPOS="612" WIDTH="73" HEIGHT="34" CONTENT="keep" WC="1.00" CC="0000"/>
						<SP ID="P136_SP00091" HPOS="998" VPOS="646" WIDTH="21"/>
						<String ID="P136_ST00105" HPOS="1019" VPOS="621" WIDTH="35" HEIGHT="17" CONTENT="on" WC="0.65" CC="06"/>
					</TextLine>
					<TextLine ID="P136_TL00013" HPOS="124" VPOS="660" WIDTH="930" HEIGHT="34">
						<String ID="P136_ST00106" HPOS="124" VPOS="660" WIDTH="75" HEIGHT="33" CONTENT="good" WC="1.00" CC="0000"/>
						<SP ID="P136_SP00092" HPOS="199" VPOS="693" WIDTH="13"/>
						<String ID="P136_ST00107" HPOS="212" VPOS="664" WIDTH="86" HEIGHT="23" CONTENT="terms" WC="0.97" CC="00100"/>
						<SP ID="P136_SP00093" HPOS="298" VPOS="693" WIDTH="14"/>
						<String ID="P136_ST00108" HPOS="312" VPOS="660" WIDTH="66" HEIGHT="27" CONTENT="with" WC="0.60" CC="0644"/>
						<SP ID="P136_SP00094" HPOS="378" VPOS="693" WIDTH="14"/>
						<String ID="P136_ST00109" HPOS="392" VPOS="660" WIDTH="85" HEIGHT="33" CONTENT="them," WC="0.77" CC="06004"/>
						<SP ID="P136_SP00095" HPOS="477" VPOS="693" WIDTH="10"/>
						<String ID="P136_ST00110" HPOS="487" VPOS="660" WIDTH="76" HEIGHT="32" CONTENT="than," WC="0.78" CC="05050"/>
						<SP ID="P136_SP00096" HPOS="563" VPOS="693" WIDTH="15"/>
						<String ID="P136_ST00111" HPOS="578" VPOS="669" WIDTH="37" HEIGHT="17" CONTENT="on" WC="1.00" CC="00"/>
						<SP ID="P136_SP00097" HPOS="615" VPOS="693" WIDTH="14"/>
						<String ID="P136_ST00112" HPOS="629" VPOS="660" WIDTH="124" HEIGHT="34" CONTENT="grounds" WC="0.95" CC="0300000"/>
						<SP ID="P136_SP00098" HPOS="753" VPOS="694" WIDTH="14"/>
						<String ID="P136_ST00113" HPOS="767" VPOS="660" WIDTH="31" HEIGHT="25" CONTENT="of" WC="1.00" CC="00"/>
						<SP ID="P136_SP00099" HPOS="798" VPOS="694" WIDTH="11"/>
						<String ID="P136_ST00114" HPOS="809" VPOS="660" WIDTH="94" HEIGHT="34" CONTENT="public" WC="0.89" CC="000240"/>
						<SP ID="P136_SP00100" HPOS="903" VPOS="694" WIDTH="12"/>
						<String ID="P136_ST00115" HPOS="915" VPOS="660" WIDTH="139" HEIGHT="33" CONTENT="morality," WC="0.83" CC="204008000"/>
					</TextLine>
					<TextLine ID="P136_TL00014" HPOS="124" VPOS="707" WIDTH="930" HEIGHT="35">
						<String ID="P136_ST00116" HPOS="124" VPOS="711" WIDTH="30" HEIGHT="22" CONTENT="to" WC="0.96" CC="00"/>
						<SP ID="P136_SP00101" HPOS="154" VPOS="733" WIDTH="23"/>
						<String ID="P136_ST00117" HPOS="177" VPOS="708" WIDTH="81" HEIGHT="25" CONTENT="assist" WC="0.88" CC="000700"/>
						<SP ID="P136_SP00102" HPOS="258" VPOS="733" WIDTH="22"/>
						<String ID="P136_ST00118" HPOS="280" VPOS="717" WIDTH="36" HEIGHT="16" CONTENT="an" WC="0.73" CC="05"/>
						<SP ID="P136_SP00103" HPOS="316" VPOS="733" WIDTH="23"/>
						<String ID="P136_ST00119" HPOS="339" VPOS="707" WIDTH="100" HEIGHT="27" CONTENT="official" WC="0.90" CC="00000304"/>
						<SP ID="P136_SP00104" HPOS="439" VPOS="734" WIDTH="19"/>
						<String ID="P136_ST00120" HPOS="458" VPOS="707" WIDTH="64" HEIGHT="27" CONTENT="who" WC="0.48" CC="950"/>
						<SP ID="P136_SP00105" HPOS="522" VPOS="734" WIDTH="22"/>
						<String ID="P136_ST00121" HPOS="544" VPOS="707" WIDTH="93" HEIGHT="26" CONTENT="would" WC="0.80" CC="90000"/>
						<SP ID="P136_SP00106" HPOS="637" VPOS="734" WIDTH="23"/>
						<String ID="P136_ST00122" HPOS="660" VPOS="707" WIDTH="140" HEIGHT="35" CONTENT="probably" WC="0.94" CC="01000030"/>
						<SP ID="P136_SP00107" HPOS="800" VPOS="742" WIDTH="20"/>
						<String ID="P136_ST00123" HPOS="820" VPOS="711" WIDTH="50" HEIGHT="22" CONTENT="not" WC="1.00" CC="000"/>
						<SP ID="P136_SP00108" HPOS="870" VPOS="742" WIDTH="23"/>
						<String ID="P136_ST00124" HPOS="893" VPOS="707" WIDTH="36" HEIGHT="26" CONTENT="be" WC="1.00" CC="00"/>
						<SP ID="P136_SP00109" HPOS="929" VPOS="742" WIDTH="21"/>
						<String ID="P136_ST00125" HPOS="950" VPOS="716" WIDTH="104" HEIGHT="26" CONTENT="among" WC="0.98" CC="01000"/>
					</TextLine>
					<TextLine ID="P136_TL00015" HPOS="125" VPOS="754" WIDTH="727" HEIGHT="34">
						<String ID="P136_ST00126" HPOS="125" VPOS="754" WIDTH="77" HEIGHT="27" CONTENT="them" WC="0.80" CC="0007"/>
						<SP ID="P136_SP00110" HPOS="202" VPOS="781" WIDTH="15"/>
						<String ID="P136_ST00127" HPOS="217" VPOS="755" WIDTH="41" HEIGHT="26" CONTENT="for" WC="0.80" CC="005"/>
						<SP ID="P136_SP00111" HPOS="258" VPOS="781" WIDTH="13"/>
						<String ID="P136_ST00128" HPOS="271" VPOS="764" WIDTH="77" HEIGHT="17" CONTENT="more" WC="0.92" CC="0300"/>
						<SP ID="P136_SP00112" HPOS="348" VPOS="781" WIDTH="13"/>
						<String ID="P136_ST00129" HPOS="361" VPOS="755" WIDTH="69" HEIGHT="26" CONTENT="than" WC="0.70" CC="0532"/>
						<SP ID="P136_SP00113" HPOS="430" VPOS="781" WIDTH="14"/>
						<String ID="P136_ST00130" HPOS="444" VPOS="754" WIDTH="78" HEIGHT="27" CONTENT="three" WC="0.90" CC="00400"/>
						<SP ID="P136_SP00114" HPOS="522" VPOS="781" WIDTH="13"/>
						<String ID="P136_ST00131" HPOS="535" VPOS="764" WIDTH="81" HEIGHT="24" CONTENT="years" WC="0.92" CC="00040"/>
						<SP ID="P136_SP00115" HPOS="616" VPOS="788" WIDTH="14"/>
						<String ID="P136_ST00132" HPOS="630" VPOS="759" WIDTH="30" HEIGHT="22" CONTENT="at" WC="1.00" CC="00"/>
						<SP ID="P136_SP00116" HPOS="660" VPOS="788" WIDTH="13"/>
						<String ID="P136_ST00133" HPOS="673" VPOS="754" WIDTH="48" HEIGHT="27" CONTENT="the" WC="0.87" CC="030"/>
						<SP ID="P136_SP00117" HPOS="721" VPOS="788" WIDTH="14"/>
						<String ID="P136_ST00134" HPOS="735" VPOS="754" WIDTH="117" HEIGHT="27" CONTENT="outside." WC="0.95" CC="00004000"/>
					</TextLine>
				</TextBlock>
				<TextBlock ID="P136_TB00005" HPOS="124" VPOS="801" WIDTH="930" HEIGHT="215" STYLEREFS="TXT_0 PAR_LEFT">
					<TextLine ID="P136_TL00016" HPOS="162" VPOS="802" WIDTH="891" HEIGHT="35">
						<String ID="P136_ST00135" HPOS="162" VPOS="802" WIDTH="41" HEIGHT="26" CONTENT="Of" WC="1.00" CC="00"/>
						<SP ID="P136_SP00118" HPOS="203" VPOS="828" WIDTH="17"/>
						<String ID="P136_ST00136" HPOS="220" VPOS="811" WIDTH="96" HEIGHT="17" CONTENT="course" WC="0.95" CC="000300"/>
						<SP ID="P136_SP00119" HPOS="316" VPOS="828" WIDTH="14"/>
						<String ID="P136_ST00137" HPOS="330" VPOS="811" WIDTH="37" HEIGHT="17" CONTENT="no" WC="1.00" CC="00"/>
						<SP ID="P136_SP00120" HPOS="367" VPOS="828" WIDTH="13"/>
						<String ID="P136_ST00138" HPOS="380" VPOS="806" WIDTH="76" HEIGHT="31" CONTENT="steps" WC="1.00" CC="00000"/>
						<SP ID="P136_SP00121" HPOS="456" VPOS="837" WIDTH="21"/>
						<String ID="P136_ST00139" HPOS="477" VPOS="802" WIDTH="31" HEIGHT="26" CONTENT="of" WC="0.91" CC="01"/>
						<SP ID="P136_SP00122" HPOS="508" VPOS="837" WIDTH="19"/>
						<String ID="P136_ST00140" HPOS="527" VPOS="811" WIDTH="57" HEIGHT="25" CONTENT="any" WC="1.00" CC="000"/>
						<SP ID="P136_SP00123" HPOS="584" VPOS="837" WIDTH="14"/>
						<String ID="P136_ST00141" HPOS="598" VPOS="806" WIDTH="58" HEIGHT="22" CONTENT="sort" WC="1.00" CC="0000"/>
						<SP ID="P136_SP00124" HPOS="656" VPOS="837" WIDTH="19"/>
						<String ID="P136_ST00142" HPOS="675" VPOS="811" WIDTH="71" HEIGHT="17" CONTENT="were" WC="0.85" CC="5000"/>
						<SP ID="P136_SP00125" HPOS="746" VPOS="837" WIDTH="19"/>
						<String ID="P136_ST00143" HPOS="765" VPOS="803" WIDTH="86" HEIGHT="25" CONTENT="taken" WC="1.00" CC="00000"/>
						<SP ID="P136_SP00126" HPOS="851" VPOS="837" WIDTH="19"/>
						<String ID="P136_ST00144" HPOS="870" VPOS="802" WIDTH="111" HEIGHT="34" CONTENT="against" WC="0.90" CC="0007000"/>
						<SP ID="P136_SP00127" HPOS="981" VPOS="837" WIDTH="20"/>
						<String ID="P136_ST00145" HPOS="1001" VPOS="810" WIDTH="52" HEIGHT="18" CONTENT="me." WC="0.95" CC="001"/>
					</TextLine>
					<TextLine ID="P136_TL00017" HPOS="126" VPOS="848" WIDTH="928" HEIGHT="33">
						<String ID="P136_ST00146" HPOS="126" VPOS="850" WIDTH="12" HEIGHT="25" CONTENT="I" WC="1.00" CC="0"/>
						<SP ID="P136_SP00128" HPOS="138" VPOS="875" WIDTH="16"/>
						<String ID="P136_ST00147" HPOS="154" VPOS="859" WIDTH="78" HEIGHT="16" CONTENT="came" WC="0.91" CC="0030"/>
						<SP ID="P136_SP00129" HPOS="232" VPOS="875" WIDTH="14"/>
						<String ID="P136_ST00148" HPOS="246" VPOS="853" WIDTH="29" HEIGHT="22" CONTENT="to" WC="1.00" CC="00"/>
						<SP ID="P136_SP00130" HPOS="275" VPOS="875" WIDTH="14"/>
						<String ID="P136_ST00149" HPOS="289" VPOS="850" WIDTH="48" HEIGHT="25" CONTENT="the" WC="0.74" CC="141"/>
						<SP ID="P136_SP00131" HPOS="337" VPOS="875" WIDTH="13"/>
						<String ID="P136_ST00150" HPOS="350" VPOS="850" WIDTH="168" HEIGHT="31" CONTENT="conclusion," WC="0.89" CC="00202310002"/>
						<SP ID="P136_SP00132" HPOS="518" VPOS="881" WIDTH="15"/>
						<String ID="P136_ST00151" HPOS="533" VPOS="849" WIDTH="71" HEIGHT="26" CONTENT="from" WC="0.92" CC="0300"/>
						<SP ID="P136_SP00133" HPOS="604" VPOS="881" WIDTH="14"/>
						<String ID="P136_ST00152" HPOS="618" VPOS="849" WIDTH="54" HEIGHT="26" CONTENT="this" WC="0.74" CC="0270"/>
						<SP ID="P136_SP00134" HPOS="672" VPOS="881" WIDTH="15"/>
						<String ID="P136_ST00153" HPOS="687" VPOS="849" WIDTH="92" HEIGHT="32" CONTENT="result," WC="0.91" CC="0004001"/>
						<SP ID="P136_SP00135" HPOS="779" VPOS="881" WIDTH="14"/>
						<String ID="P136_ST00154" HPOS="793" VPOS="849" WIDTH="62" HEIGHT="26" CONTENT="that" WC="0.76" CC="0009"/>
						<SP ID="P136_SP00136" HPOS="855" VPOS="881" WIDTH="20"/>
						<String ID="P136_ST00155" HPOS="875" VPOS="850" WIDTH="22" HEIGHT="25" CONTENT="it" WC="0.80" CC="40"/>
						<SP ID="P136_SP00137" HPOS="897" VPOS="881" WIDTH="20"/>
						<String ID="P136_ST00156" HPOS="917" VPOS="848" WIDTH="68" HEIGHT="27" CONTENT="does" WC="1.00" CC="0000"/>
						<SP ID="P136_SP00138" HPOS="985" VPOS="881" WIDTH="21"/>
						<String ID="P136_ST00157" HPOS="1006" VPOS="853" WIDTH="48" HEIGHT="22" CONTENT="not" WC="0.63" CC="505"/>
					</TextLine>
					<TextLine ID="P136_TL00018" HPOS="125" VPOS="897" WIDTH="927" HEIGHT="34">
						<String ID="P136_ST00158" HPOS="125" VPOS="905" WIDTH="106" HEIGHT="18" CONTENT="answer" WC="0.97" CC="010000"/>
						<SP ID="P136_SP00139" HPOS="231" VPOS="923" WIDTH="14"/>
						<String ID="P136_ST00159" HPOS="245" VPOS="897" WIDTH="41" HEIGHT="26" CONTENT="for" WC="1.00" CC="000"/>
						<SP ID="P136_SP00140" HPOS="286" VPOS="923" WIDTH="14"/>
						<String ID="P136_ST00160" HPOS="300" VPOS="906" WIDTH="16" HEIGHT="17" CONTENT="a" WC="1.00" CC="0"/>
						<SP ID="P136_SP00141" HPOS="316" VPOS="923" WIDTH="13"/>
						<String ID="P136_ST00161" HPOS="329" VPOS="897" WIDTH="163" HEIGHT="34" CONTENT="magistrate" WC="0.81" CC="4094000000"/>
						<SP ID="P136_SP00142" HPOS="492" VPOS="931" WIDTH="20"/>
						<String ID="P136_ST00162" HPOS="512" VPOS="901" WIDTH="29" HEIGHT="21" CONTENT="to" WC="1.00" CC="00"/>
						<SP ID="P136_SP00143" HPOS="541" VPOS="931" WIDTH="21"/>
						<String ID="P136_ST00163" HPOS="562" VPOS="901" WIDTH="44" HEIGHT="21" CONTENT="act" WC="0.78" CC="060"/>
						<SP ID="P136_SP00144" HPOS="606" VPOS="931" WIDTH="21"/>
						<String ID="P136_ST00164" HPOS="627" VPOS="906" WIDTH="29" HEIGHT="16" CONTENT="as" WC="1.00" CC="00"/>
						<SP ID="P136_SP00145" HPOS="656" VPOS="931" WIDTH="15"/>
						<String ID="P136_ST00165" HPOS="671" VPOS="897" WIDTH="43" HEIGHT="25" CONTENT="his" WC="0.97" CC="000"/>
						<SP ID="P136_SP00146" HPOS="714" VPOS="931" WIDTH="19"/>
						<String ID="P136_ST00166" HPOS="733" VPOS="905" WIDTH="63" HEIGHT="18" CONTENT="own" WC="0.94" CC="001"/>
						<SP ID="P136_SP00147" HPOS="796" VPOS="931" WIDTH="22"/>
						<String ID="P136_ST00167" HPOS="818" VPOS="897" WIDTH="146" HEIGHT="25" CONTENT="detective." WC="0.94" CC="0000005000"/>
						<SP ID="P136_SP00148" HPOS="964" VPOS="931" WIDTH="42"/>
						<String ID="P136_ST00168" HPOS="1006" VPOS="897" WIDTH="46" HEIGHT="25" CONTENT="He" WC="0.81" CC="30"/>
					</TextLine>
					<TextLine ID="P136_TL00019" HPOS="124" VPOS="943" WIDTH="930" HEIGHT="35">
						<String ID="P136_ST00169" HPOS="124" VPOS="944" WIDTH="23" HEIGHT="25" CONTENT="is" WC="0.72" CC="50"/>
						<SP ID="P136_SP00149" HPOS="147" VPOS="969" WIDTH="26"/>
						<String ID="P136_ST00170" HPOS="173" VPOS="943" WIDTH="152" HEIGHT="35" CONTENT="hampered" WC="0.84" CC="40800000"/>
						<SP ID="P136_SP00150" HPOS="325" VPOS="978" WIDTH="27"/>
						<String ID="P136_ST00171" HPOS="352" VPOS="944" WIDTH="39" HEIGHT="34" CONTENT="by" WC="1.00" CC="00"/>
						<SP ID="P136_SP00151" HPOS="391" VPOS="978" WIDTH="25"/>
						<String ID="P136_ST00172" HPOS="416" VPOS="944" WIDTH="42" HEIGHT="25" CONTENT="his" WC="0.96" CC="100"/>
						<SP ID="P136_SP00152" HPOS="458" VPOS="978" WIDTH="25"/>
						<String ID="P136_ST00173" HPOS="483" VPOS="944" WIDTH="132" HEIGHT="34" CONTENT="position," WC="0.87" CC="000600050"/>
						<SP ID="P136_SP00153" HPOS="615" VPOS="978" WIDTH="27"/>
						<String ID="P136_ST00174" HPOS="642" VPOS="943" WIDTH="56" HEIGHT="26" CONTENT="and" WC="0.82" CC="005"/>
						<SP ID="P136_SP00154" HPOS="698" VPOS="978" WIDTH="32"/>
						<String ID="P136_ST00175" HPOS="730" VPOS="944" WIDTH="56" HEIGHT="25" CONTENT="this" WC="0.81" CC="0051"/>
						<SP ID="P136_SP00155" HPOS="786" VPOS="978" WIDTH="33"/>
						<String ID="P136_ST00176" HPOS="819" VPOS="944" WIDTH="144" HEIGHT="26" CONTENT="interferes" WC="0.82" CC="5300620000"/>
						<SP ID="P136_SP00156" HPOS="963" VPOS="978" WIDTH="25"/>
						<String ID="P136_ST00177" HPOS="988" VPOS="944" WIDTH="66" HEIGHT="26" CONTENT="with" WC="0.74" CC="0603"/>
					</TextLine>
					<TextLine ID="P136_TL00020" HPOS="125" VPOS="991" WIDTH="238" HEIGHT="25">
						<String ID="P136_ST00178" HPOS="125" VPOS="991" WIDTH="119" HEIGHT="25" CONTENT="efficient" WC="0.59" CC="046605059"/>
						<SP ID="P136_SP00157" HPOS="244" VPOS="1016" WIDTH="20"/>
						<String ID="P136_ST00179" HPOS="264" VPOS="991" WIDTH="99" HEIGHT="25" CONTENT="action." WC="0.84" CC="0006030"/>
					</TextLine>
				</TextBlock>
				<TextBlock ID="P136_TB00006" HPOS="122" VPOS="1037" WIDTH="933" HEIGHT="557" STYLEREFS="TXT_0 PAR_LEFT">
					<TextLine ID="P136_TL00021" HPOS="160" VPOS="1038" WIDTH="895" HEIGHT="35">
						<String ID="P136_ST00180" HPOS="160" VPOS="1038" WIDTH="62" HEIGHT="25" CONTENT="The" WC="1.00" CC="000"/>
						<SP ID="P136_SP00158" HPOS="222" VPOS="1063" WIDTH="14"/>
						<String ID="P136_ST00181" HPOS="236" VPOS="1038" WIDTH="87" HEIGHT="26" CONTENT="Court" WC="0.81" CC="00153"/>
						<SP ID="P136_SP00159" HPOS="323" VPOS="1064" WIDTH="21"/>
						<String ID="P136_ST00182" HPOS="344" VPOS="1039" WIDTH="151" HEIGHT="33" CONTENT="Inspector," WC="0.90" CC="0000009000"/>
						<SP ID="P136_SP00160" HPOS="495" VPOS="1072" WIDTH="16"/>
						<String ID="P136_ST00183" HPOS="511" VPOS="1038" WIDTH="106" HEIGHT="35" CONTENT="Juggut" WC="0.92" CC="040000"/>
						<SP ID="P136_SP00161" HPOS="617" VPOS="1073" WIDTH="15"/>
						<String ID="P136_ST00184" HPOS="632" VPOS="1038" WIDTH="140" HEIGHT="31" CONTENT="Chunder," WC="0.87" CC="04000031"/>
						<SP ID="P136_SP00162" HPOS="772" VPOS="1073" WIDTH="15"/>
						<String ID="P136_ST00185" HPOS="787" VPOS="1047" WIDTH="36" HEIGHT="17" CONTENT="an" WC="0.74" CC="05"/>
						<SP ID="P136_SP00163" HPOS="823" VPOS="1073" WIDTH="19"/>
						<String ID="P136_ST00186" HPOS="842" VPOS="1038" WIDTH="47" HEIGHT="25" CONTENT="old" WC="0.88" CC="030"/>
						<SP ID="P136_SP00164" HPOS="889" VPOS="1073" WIDTH="21"/>
						<String ID="P136_ST00187" HPOS="910" VPOS="1038" WIDTH="94" HEIGHT="26" CONTENT="officer" WC="0.97" CC="0000100"/>
						<SP ID="P136_SP00165" HPOS="1004" VPOS="1073" WIDTH="20"/>
						<String ID="P136_ST00188" HPOS="1024" VPOS="1039" WIDTH="31" HEIGHT="25" CONTENT="of" WC="1.00" CC="00"/>
					</TextLine>
					<TextLine ID="P136_TL00022" HPOS="124" VPOS="1085" WIDTH="928" HEIGHT="34">
						<String ID="P136_ST00189" HPOS="124" VPOS="1093" WIDTH="77" HEIGHT="18" CONTENT="some" WC="1.00" CC="0000"/>
						<SP ID="P136_SP00166" HPOS="201" VPOS="1111" WIDTH="22"/>
						<String ID="P136_ST00190" HPOS="223" VPOS="1085" WIDTH="140" HEIGHT="34" CONTENT="standing," WC="0.88" CC="000005500"/>
						<SP ID="P136_SP00167" HPOS="363" VPOS="1119" WIDTH="22"/>
						<String ID="P136_ST00191" HPOS="385" VPOS="1085" WIDTH="62" HEIGHT="26" CONTENT="who" WC="0.77" CC="600"/>
						<SP ID="P136_SP00168" HPOS="447" VPOS="1119" WIDTH="22"/>
						<String ID="P136_ST00192" HPOS="469" VPOS="1085" WIDTH="102" HEIGHT="26" CONTENT="looked" WC="1.00" CC="000000"/>
						<SP ID="P136_SP00169" HPOS="571" VPOS="1119" WIDTH="22"/>
						<String ID="P136_ST00193" HPOS="593" VPOS="1085" WIDTH="71" HEIGHT="26" CONTENT="after" WC="0.94" CC="00002"/>
						<SP ID="P136_SP00170" HPOS="664" VPOS="1119" WIDTH="20"/>
						<String ID="P136_ST00194" HPOS="684" VPOS="1085" WIDTH="49" HEIGHT="27" CONTENT="the" WC="0.90" CC="020"/>
						<SP ID="P136_SP00171" HPOS="733" VPOS="1119" WIDTH="26"/>
						<String ID="P136_ST00195" HPOS="759" VPOS="1085" WIDTH="122" HEIGHT="26" CONTENT="conduct" WC="0.99" CC="0000000"/>
						<SP ID="P136_SP00172" HPOS="881" VPOS="1119" WIDTH="26"/>
						<String ID="P136_ST00196" HPOS="907" VPOS="1085" WIDTH="32" HEIGHT="26" CONTENT="of" WC="1.00" CC="00"/>
						<SP ID="P136_SP00173" HPOS="939" VPOS="1119" WIDTH="23"/>
						<String ID="P136_ST00197" HPOS="962" VPOS="1086" WIDTH="90" HEIGHT="33" CONTENT="police" WC="0.90" CC="000600"/>
					</TextLine>
					<TextLine ID="P136_TL00023" HPOS="124" VPOS="1132" WIDTH="927" HEIGHT="32">
						<String ID="P136_ST00198" HPOS="124" VPOS="1140" WIDTH="76" HEIGHT="17" CONTENT="cases" WC="1.00" CC="00000"/>
						<SP ID="P136_SP00174" HPOS="200" VPOS="1157" WIDTH="19"/>
						<String ID="P136_ST00199" HPOS="219" VPOS="1132" WIDTH="28" HEIGHT="25" CONTENT="in" WC="0.68" CC="60"/>
						<SP ID="P136_SP00175" HPOS="247" VPOS="1157" WIDTH="20"/>
						<String ID="P136_ST00200" HPOS="267" VPOS="1132" WIDTH="48" HEIGHT="26" CONTENT="the" WC="0.93" CC="010"/>
						<SP ID="P136_SP00176" HPOS="315" VPOS="1158" WIDTH="20"/>
						<String ID="P136_ST00201" HPOS="335" VPOS="1132" WIDTH="96" HEIGHT="26" CONTENT="Dacca" WC="1.00" CC="00000"/>
						<SP ID="P136_SP00177" HPOS="431" VPOS="1158" WIDTH="20"/>
						<String ID="P136_ST00202" HPOS="451" VPOS="1132" WIDTH="108" HEIGHT="31" CONTENT="Courts," WC="0.87" CC="0004400"/>
						<SP ID="P136_SP00178" HPOS="559" VPOS="1163" WIDTH="16"/>
						<String ID="P136_ST00203" HPOS="575" VPOS="1132" WIDTH="60" HEIGHT="26" CONTENT="said" WC="0.82" CC="0070"/>
						<SP ID="P136_SP00179" HPOS="635" VPOS="1163" WIDTH="23"/>
						<String ID="P136_ST00204" HPOS="658" VPOS="1136" WIDTH="30" HEIGHT="22" CONTENT="to" WC="0.83" CC="03"/>
						<SP ID="P136_SP00180" HPOS="688" VPOS="1163" WIDTH="25"/>
						<String ID="P136_ST00205" HPOS="713" VPOS="1141" WIDTH="46" HEIGHT="17" CONTENT="me" WC="1.00" CC="00"/>
						<SP ID="P136_SP00181" HPOS="759" VPOS="1163" WIDTH="19"/>
						<String ID="P136_ST00206" HPOS="778" VPOS="1132" WIDTH="169" HEIGHT="32" CONTENT="afterwards," WC="0.92" CC="05000003000"/>
						<SP ID="P136_SP00182" HPOS="947" VPOS="1164" WIDTH="17"/>
						<String ID="P136_ST00207" HPOS="964" VPOS="1133" WIDTH="87" HEIGHT="26" CONTENT='"You' WC="0.89" CC="0003"/>
					</TextLine>
					<TextLine ID="P136_TL00024" HPOS="124" VPOS="1179" WIDTH="928" HEIGHT="36">
						<String ID="P136_ST00208" HPOS="124" VPOS="1179" WIDTH="99" HEIGHT="25" CONTENT="should" WC="0.85" CC="040040"/>
						<SP ID="P136_SP00183" HPOS="223" VPOS="1204" WIDTH="22"/>
						<String ID="P136_ST00209" HPOS="245" VPOS="1183" WIDTH="49" HEIGHT="22" CONTENT="not" WC="0.82" CC="005"/>
						<SP ID="P136_SP00184" HPOS="294" VPOS="1205" WIDTH="22"/>
						<String ID="P136_ST00210" HPOS="316" VPOS="1179" WIDTH="71" HEIGHT="26" CONTENT="have" WC="0.77" CC="6020"/>
						<SP ID="P136_SP00185" HPOS="387" VPOS="1205" WIDTH="19"/>
						<String ID="P136_ST00211" HPOS="406" VPOS="1188" WIDTH="73" HEIGHT="24" CONTENT="gone" WC="1.00" CC="0000"/>
						<SP ID="P136_SP00186" HPOS="479" VPOS="1212" WIDTH="22"/>
						<String ID="P136_ST00212" HPOS="501" VPOS="1184" WIDTH="30" HEIGHT="21" CONTENT="to" WC="1.00" CC="00"/>
						<SP ID="P136_SP00187" HPOS="531" VPOS="1212" WIDTH="14"/>
						<String ID="P136_ST00213" HPOS="545" VPOS="1179" WIDTH="106" HEIGHT="26" CONTENT="Ameer" WC="0.92" CC="00003"/>
						<SP ID="P136_SP00188" HPOS="651" VPOS="1212" WIDTH="14"/>
						<String ID="P136_ST00214" HPOS="665" VPOS="1179" WIDTH="70" HEIGHT="26" CONTENT="Ali's" WC="0.83" CC="00502"/>
						<SP ID="P136_SP00189" HPOS="735" VPOS="1212" WIDTH="14"/>
						<String ID="P136_ST00215" HPOS="749" VPOS="1179" WIDTH="88" HEIGHT="27" CONTENT="house" WC="0.88" CC="60000"/>
						<SP ID="P136_SP00190" HPOS="837" VPOS="1212" WIDTH="21"/>
						<String ID="P136_ST00216" HPOS="858" VPOS="1180" WIDTH="27" HEIGHT="25" CONTENT="in" WC="0.70" CC="50"/>
						<SP ID="P136_SP00191" HPOS="885" VPOS="1212" WIDTH="20"/>
						<String ID="P136_ST00217" HPOS="905" VPOS="1180" WIDTH="63" HEIGHT="27" CONTENT="that" WC="0.86" CC="0401"/>
						<SP ID="P136_SP00192" HPOS="968" VPOS="1212" WIDTH="13"/>
						<String ID="P136_ST00218" HPOS="981" VPOS="1190" WIDTH="71" HEIGHT="25" CONTENT="way." WC="0.77" CC="6002"/>
					</TextLine>
					<TextLine ID="P136_TL00025" HPOS="125" VPOS="1226" WIDTH="927" HEIGHT="36">
						<String ID="P136_ST00219" HPOS="125" VPOS="1226" WIDTH="66" HEIGHT="25" CONTENT="Had" WC="0.86" CC="400"/>
						<SP ID="P136_SP00193" HPOS="191" VPOS="1251" WIDTH="14"/>
						<String ID="P136_ST00220" HPOS="205" VPOS="1235" WIDTH="56" HEIGHT="25" CONTENT="you" WC="1.00" CC="000"/>
						<SP ID="P136_SP00194" HPOS="261" VPOS="1260" WIDTH="14"/>
						<String ID="P136_ST00221" HPOS="275" VPOS="1226" WIDTH="86" HEIGHT="25" CONTENT="asked" WC="1.00" CC="00000"/>
						<SP ID="P136_SP00195" HPOS="361" VPOS="1260" WIDTH="16"/>
						<String ID="P136_ST00222" HPOS="377" VPOS="1235" WIDTH="51" HEIGHT="23" CONTENT="me," WC="1.00" CC="000"/>
						<SP ID="P136_SP00196" HPOS="428" VPOS="1260" WIDTH="16"/>
						<String ID="P136_ST00223" HPOS="444" VPOS="1227" WIDTH="12" HEIGHT="24" CONTENT="I" WC="1.00" CC="0"/>
						<SP ID="P136_SP00197" HPOS="456" VPOS="1260" WIDTH="16"/>
						<String ID="P136_ST00224" HPOS="472" VPOS="1226" WIDTH="99" HEIGHT="26" CONTENT="should" WC="0.89" CC="040100"/>
						<SP ID="P136_SP00198" HPOS="571" VPOS="1260" WIDTH="15"/>
						<String ID="P136_ST00225" HPOS="586" VPOS="1226" WIDTH="72" HEIGHT="26" CONTENT="have" WC="0.90" CC="3000"/>
						<SP ID="P136_SP00199" HPOS="658" VPOS="1260" WIDTH="13"/>
						<String ID="P136_ST00226" HPOS="671" VPOS="1227" WIDTH="68" HEIGHT="32" CONTENT="said," WC="0.95" CC="00001"/>
						<SP ID="P136_SP00200" HPOS="739" VPOS="1260" WIDTH="17"/>
						<String ID="P136_ST00227" HPOS="756" VPOS="1226" WIDTH="77" HEIGHT="27" CONTENT="Send" WC="1.00" CC="0000"/>
						<SP ID="P136_SP00201" HPOS="833" VPOS="1260" WIDTH="17"/>
						<String ID="P136_ST00228" HPOS="850" VPOS="1236" WIDTH="16" HEIGHT="17" CONTENT="a" WC="0.82" CC="1"/>
						<SP ID="P136_SP00202" HPOS="866" VPOS="1260" WIDTH="15"/>
						<String ID="P136_ST00229" HPOS="881" VPOS="1236" WIDTH="127" HEIGHT="26" CONTENT="message" WC="1.00" CC="0000000"/>
						<SP ID="P136_SP00203" HPOS="1008" VPOS="1262" WIDTH="15"/>
						<String ID="P136_ST00230" HPOS="1023" VPOS="1232" WIDTH="29" HEIGHT="22" CONTENT="to" WC="1.00" CC="00"/>
					</TextLine>
					<TextLine ID="P136_TL00026" HPOS="123" VPOS="1273" WIDTH="929" HEIGHT="34">
						<String ID="P136_ST00231" HPOS="123" VPOS="1282" WIDTH="50" HEIGHT="25" CONTENT="say" WC="1.00" CC="000"/>
						<SP ID="P136_SP00204" HPOS="173" VPOS="1307" WIDTH="12"/>
						<String ID="P136_ST00232" HPOS="185" VPOS="1282" WIDTH="56" HEIGHT="24" CONTENT="you" WC="1.00" CC="000"/>
						<SP ID="P136_SP00205" HPOS="241" VPOS="1307" WIDTH="15"/>
						<String ID="P136_ST00233" HPOS="256" VPOS="1273" WIDTH="36" HEIGHT="26" CONTENT="do" WC="1.00" CC="00"/>
						<SP ID="P136_SP00206" HPOS="292" VPOS="1307" WIDTH="14"/>
						<String ID="P136_ST00234" HPOS="306" VPOS="1277" WIDTH="49" HEIGHT="22" CONTENT="not" WC="0.90" CC="002"/>
						<SP ID="P136_SP00207" HPOS="355" VPOS="1307" WIDTH="14"/>
						<String ID="P136_ST00235" HPOS="369" VPOS="1273" WIDTH="106" HEIGHT="27" CONTENT="believe" WC="1.00" CC="0000000"/>
						<SP ID="P136_SP00208" HPOS="475" VPOS="1307" WIDTH="13"/>
						<String ID="P136_ST00236" HPOS="488" VPOS="1273" WIDTH="62" HEIGHT="26" CONTENT="that" WC="0.84" CC="0600"/>
						<SP ID="P136_SP00209" HPOS="550" VPOS="1307" WIDTH="14"/>
						<String ID="P136_ST00237" HPOS="564" VPOS="1273" WIDTH="34" HEIGHT="26" CONTENT="he" WC="0.77" CC="40"/>
						<SP ID="P136_SP00210" HPOS="598" VPOS="1307" WIDTH="13"/>
						<String ID="P136_ST00238" HPOS="611" VPOS="1273" WIDTH="50" HEIGHT="27" CONTENT="has" WC="0.82" CC="500"/>
						<SP ID="P136_SP00211" HPOS="661" VPOS="1307" WIDTH="15"/>
						<String ID="P136_ST00239" HPOS="676" VPOS="1273" WIDTH="48" HEIGHT="27" CONTENT="the" WC="0.78" CC="060"/>
						<SP ID="P136_SP00212" HPOS="724" VPOS="1307" WIDTH="20"/>
						<String ID="P136_ST00240" HPOS="744" VPOS="1273" WIDTH="56" HEIGHT="27" CONTENT="real" WC="1.00" CC="0000"/>
						<SP ID="P136_SP00213" HPOS="800" VPOS="1307" WIDTH="21"/>
						<String ID="P136_ST00241" HPOS="821" VPOS="1274" WIDTH="160" HEIGHT="33" CONTENT="document," WC="0.92" CC="000060000"/>
						<SP ID="P136_SP00214" HPOS="981" VPOS="1307" WIDTH="16"/>
						<String ID="P136_ST00242" HPOS="997" VPOS="1276" WIDTH="55" HEIGHT="25" CONTENT="and" WC="1.00" CC="000"/>
					</TextLine>
					<TextLine ID="P136_TL00027" HPOS="123" VPOS="1320" WIDTH="932" HEIGHT="35">
						<String ID="P136_ST00243" HPOS="123" VPOS="1320" WIDTH="62" HEIGHT="26" CONTENT="that" WC="0.90" CC="0300"/>
						<SP ID="P136_SP00215" HPOS="185" VPOS="1346" WIDTH="19"/>
						<String ID="P136_ST00244" HPOS="204" VPOS="1321" WIDTH="21" HEIGHT="25" CONTENT="it" WC="0.71" CC="50"/>
						<SP ID="P136_SP00216" HPOS="225" VPOS="1346" WIDTH="20"/>
						<String ID="P136_ST00245" HPOS="245" VPOS="1324" WIDTH="74" HEIGHT="22" CONTENT="must" WC="1.00" CC="0000"/>
						<SP ID="P136_SP00217" HPOS="319" VPOS="1346" WIDTH="20"/>
						<String ID="P136_ST00246" HPOS="339" VPOS="1321" WIDTH="35" HEIGHT="25" CONTENT="be" WC="1.00" CC="00"/>
						<SP ID="P136_SP00218" HPOS="374" VPOS="1346" WIDTH="21"/>
						<String ID="P136_ST00247" HPOS="395" VPOS="1321" WIDTH="98" HEIGHT="34" CONTENT="placed" WC="1.00" CC="000000"/>
						<SP ID="P136_SP00219" HPOS="493" VPOS="1355" WIDTH="23"/>
						<String ID="P136_ST00248" HPOS="516" VPOS="1320" WIDTH="42" HEIGHT="26" CONTENT="for" WC="0.96" CC="010"/>
						<SP ID="P136_SP00220" HPOS="558" VPOS="1355" WIDTH="21"/>
						<String ID="P136_ST00249" HPOS="579" VPOS="1321" WIDTH="192" HEIGHT="26" CONTENT="examination" WC="0.82" CC="00005200504"/>
						<SP ID="P136_SP00221" HPOS="771" VPOS="1355" WIDTH="22"/>
						<String ID="P136_ST00250" HPOS="793" VPOS="1322" WIDTH="27" HEIGHT="26" CONTENT="in" WC="0.73" CC="50"/>
						<SP ID="P136_SP00222" HPOS="820" VPOS="1355" WIDTH="25"/>
						<String ID="P136_ST00251" HPOS="845" VPOS="1322" WIDTH="48" HEIGHT="26" CONTENT="the" WC="0.78" CC="060"/>
						<SP ID="P136_SP00223" HPOS="893" VPOS="1355" WIDTH="20"/>
						<String ID="P136_ST00252" HPOS="913" VPOS="1323" WIDTH="91" HEIGHT="26" CONTENT="hands" WC="0.69" CC="60900"/>
						<SP ID="P136_SP00224" HPOS="1004" VPOS="1355" WIDTH="20"/>
						<String ID="P136_ST00253" HPOS="1024" VPOS="1323" WIDTH="31" HEIGHT="26" CONTENT="of" WC="1.00" CC="00"/>
					</TextLine>
					<TextLine ID="P136_TL00028" HPOS="123" VPOS="1367" WIDTH="931" HEIGHT="37">
						<String ID="P136_ST00254" HPOS="123" VPOS="1377" WIDTH="78" HEIGHT="17" CONTENT="some" WC="0.93" CC="0002"/>
						<SP ID="P136_SP00225" HPOS="201" VPOS="1394" WIDTH="20"/>
						<String ID="P136_ST00255" HPOS="221" VPOS="1367" WIDTH="179" HEIGHT="34" CONTENT="trustworthy" WC="0.88" CC="11000004050"/>
						<SP ID="P136_SP00226" HPOS="400" VPOS="1401" WIDTH="18"/>
						<String ID="P136_ST00256" HPOS="418" VPOS="1367" WIDTH="175" HEIGHT="35" CONTENT="go-between" WC="1.00" CC="0000000000"/>
						<SP ID="P136_SP00227" HPOS="593" VPOS="1402" WIDTH="21"/>
						<String ID="P136_ST00257" HPOS="614" VPOS="1367" WIDTH="42" HEIGHT="27" CONTENT="for" WC="1.00" CC="000"/>
						<SP ID="P136_SP00228" HPOS="656" VPOS="1402" WIDTH="20"/>
						<String ID="P136_ST00258" HPOS="676" VPOS="1368" WIDTH="163" HEIGHT="34" CONTENT="inspection." WC="0.91" CC="60000000003"/>
						<SP ID="P136_SP00229" HPOS="839" VPOS="1402" WIDTH="38"/>
						<String ID="P136_ST00259" HPOS="877" VPOS="1369" WIDTH="65" HEIGHT="26" CONTENT="You" WC="0.86" CC="004"/>
						<SP ID="P136_SP00230" HPOS="942" VPOS="1402" WIDTH="21"/>
						<String ID="P136_ST00260" HPOS="963" VPOS="1370" WIDTH="91" HEIGHT="34" CONTENT="might" WC="0.44" CC="46960"/>
					</TextLine>
					<TextLine ID="P136_TL00029" HPOS="124" VPOS="1415" WIDTH="929" HEIGHT="35">
						<String ID="P136_ST00261" HPOS="124" VPOS="1415" WIDTH="70" HEIGHT="27" CONTENT="have" WC="0.89" CC="4000"/>
						<SP ID="P136_SP00231" HPOS="194" VPOS="1442" WIDTH="13"/>
						<String ID="P136_ST00262" HPOS="207" VPOS="1416" WIDTH="152" HEIGHT="34" CONTENT="appointed" WC="0.87" CC="000055000"/>
						<SP ID="P136_SP00232" HPOS="359" VPOS="1450" WIDTH="15"/>
						<String ID="P136_ST00263" HPOS="374" VPOS="1424" WIDTH="44" HEIGHT="17" CONTENT="me" WC="1.00" CC="00"/>
						<SP ID="P136_SP00233" HPOS="418" VPOS="1450" WIDTH="15"/>
						<String ID="P136_ST00264" HPOS="433" VPOS="1419" WIDTH="28" HEIGHT="22" CONTENT="to" WC="1.00" CC="00"/>
						<SP ID="P136_SP00234" HPOS="461" VPOS="1450" WIDTH="15"/>
						<String ID="P136_ST00265" HPOS="476" VPOS="1416" WIDTH="107" HEIGHT="33" CONTENT="inspect" WC="0.81" CC="6600000"/>
						<SP ID="P136_SP00235" HPOS="583" VPOS="1450" WIDTH="15"/>
						<String ID="P136_ST00266" HPOS="598" VPOS="1416" WIDTH="20" HEIGHT="25" CONTENT="it" WC="0.71" CC="50"/>
						<String ID="P136_ST00267" HPOS="630" VPOS="1424" WIDTH="5" HEIGHT="24" CONTENT=";" WC="1.00" CC="0"/>
						<SP ID="P136_SP00236" HPOS="635" VPOS="1450" WIDTH="25"/>
						<String ID="P136_ST00268" HPOS="660" VPOS="1416" WIDTH="56" HEIGHT="25" CONTENT="and" WC="0.81" CC="050"/>
						<SP ID="P136_SP00237" HPOS="716" VPOS="1450" WIDTH="22"/>
						<String ID="P136_ST00269" HPOS="738" VPOS="1417" WIDTH="12" HEIGHT="25" CONTENT="I" WC="1.00" CC="0"/>
						<SP ID="P136_SP00238" HPOS="750" VPOS="1450" WIDTH="22"/>
						<String ID="P136_ST00270" HPOS="772" VPOS="1417" WIDTH="101" HEIGHT="26" CONTENT="should" WC="0.83" CC="070300"/>
						<SP ID="P136_SP00239" HPOS="873" VPOS="1450" WIDTH="20"/>
						<String ID="P136_ST00271" HPOS="893" VPOS="1417" WIDTH="68" HEIGHT="27" CONTENT="then" WC="0.83" CC="0600"/>
						<SP ID="P136_SP00240" HPOS="961" VPOS="1450" WIDTH="19"/>
						<String ID="P136_ST00272" HPOS="980" VPOS="1417" WIDTH="73" HEIGHT="27" CONTENT="have" WC="0.89" CC="4000"/>
					</TextLine>
					<TextLine ID="P136_TL00030" HPOS="124" VPOS="1462" WIDTH="930" HEIGHT="35">
						<String ID="P136_ST00273" HPOS="124" VPOS="1462" WIDTH="104" HEIGHT="27" CONTENT="offered" WC="0.93" CC="0004000"/>
						<SP ID="P136_SP00241" HPOS="228" VPOS="1489" WIDTH="15"/>
						<String ID="P136_ST00274" HPOS="243" VPOS="1472" WIDTH="77" HEIGHT="17" CONTENT="some" WC="0.95" CC="0002"/>
						<SP ID="P136_SP00242" HPOS="320" VPOS="1489" WIDTH="19"/>
						<String ID="P136_ST00275" HPOS="339" VPOS="1472" WIDTH="103" HEIGHT="25" CONTENT="money" WC="1.00" CC="00000"/>
						<SP ID="P136_SP00243" HPOS="442" VPOS="1497" WIDTH="13"/>
						<String ID="P136_ST00276" HPOS="455" VPOS="1462" WIDTH="89" HEIGHT="32" CONTENT="down," WC="0.92" CC="01020"/>
						<SP ID="P136_SP00244" HPOS="544" VPOS="1497" WIDTH="16"/>
						<String ID="P136_ST00277" HPOS="560" VPOS="1463" WIDTH="55" HEIGHT="26" CONTENT="and" WC="0.91" CC="020"/>
						<SP ID="P136_SP00245" HPOS="615" VPOS="1497" WIDTH="20"/>
						<String ID="P136_ST00278" HPOS="635" VPOS="1472" WIDTH="31" HEIGHT="17" CONTENT="so" WC="1.00" CC="00"/>
						<SP ID="P136_SP00246" HPOS="666" VPOS="1497" WIDTH="21"/>
						<String ID="P136_ST00279" HPOS="687" VPOS="1464" WIDTH="83" HEIGHT="25" CONTENT="much" WC="1.00" CC="0000"/>
						<SP ID="P136_SP00247" HPOS="770" VPOS="1497" WIDTH="23"/>
						<String ID="P136_ST00280" HPOS="793" VPOS="1473" WIDTH="77" HEIGHT="18" CONTENT="more" WC="0.97" CC="0010"/>
						<SP ID="P136_SP00248" HPOS="870" VPOS="1497" WIDTH="21"/>
						<String ID="P136_ST00281" HPOS="891" VPOS="1465" WIDTH="163" HEIGHT="27" CONTENT="afterwards" WC="0.91" CC="0200050000"/>
					</TextLine>
					<TextLine ID="P136_TL00031" HPOS="125" VPOS="1510" WIDTH="929" HEIGHT="37">
						<String ID="P136_ST00282" HPOS="125" VPOS="1510" WIDTH="22" HEIGHT="25" CONTENT="if" WC="0.82" CC="03"/>
						<SP ID="P136_SP00249" HPOS="147" VPOS="1535" WIDTH="17"/>
						<String ID="P136_ST00283" HPOS="164" VPOS="1511" WIDTH="20" HEIGHT="25" CONTENT="it" WC="0.68" CC="60"/>
						<SP ID="P136_SP00250" HPOS="184" VPOS="1536" WIDTH="21"/>
						<String ID="P136_ST00284" HPOS="205" VPOS="1511" WIDTH="134" HEIGHT="33" CONTENT="procured" WC="0.97" CC="02000000"/>
						<SP ID="P136_SP00251" HPOS="339" VPOS="1544" WIDTH="14"/>
						<String ID="P136_ST00285" HPOS="353" VPOS="1519" WIDTH="16" HEIGHT="18" CONTENT="a" WC="1.00" CC="0"/>
						<SP ID="P136_SP00252" HPOS="369" VPOS="1544" WIDTH="14"/>
						<String ID="P136_ST00286" HPOS="383" VPOS="1510" WIDTH="164" HEIGHT="27" CONTENT="conviction." WC="0.84" CC="00005006140"/>
						<SP ID="P136_SP00253" HPOS="547" VPOS="1544" WIDTH="41"/>
						<String ID="P136_ST00287" HPOS="588" VPOS="1510" WIDTH="12" HEIGHT="25" CONTENT="I" WC="0.69" CC="3"/>
						<SP ID="P136_SP00254" HPOS="600" VPOS="1544" WIDTH="16"/>
						<String ID="P136_ST00288" HPOS="616" VPOS="1510" WIDTH="101" HEIGHT="27" CONTENT="should" WC="0.89" CC="020300"/>
						<SP ID="P136_SP00255" HPOS="717" VPOS="1544" WIDTH="14"/>
						<String ID="P136_ST00289" HPOS="731" VPOS="1511" WIDTH="72" HEIGHT="27" CONTENT="have" WC="0.82" CC="7000"/>
						<SP ID="P136_SP00256" HPOS="803" VPOS="1544" WIDTH="13"/>
						<String ID="P136_ST00290" HPOS="816" VPOS="1511" WIDTH="57" HEIGHT="27" CONTENT="had" WC="0.89" CC="300"/>
						<SP ID="P136_SP00257" HPOS="873" VPOS="1544" WIDTH="14"/>
						<String ID="P136_ST00291" HPOS="887" VPOS="1522" WIDTH="16" HEIGHT="16" CONTENT="a" WC="0.55" CC="4"/>
						<SP ID="P136_SP00258" HPOS="903" VPOS="1544" WIDTH="14"/>
						<String ID="P136_ST00292" HPOS="917" VPOS="1513" WIDTH="58" HEIGHT="34" CONTENT="bag" WC="1.00" CC="000"/>
						<SP ID="P136_SP00259" HPOS="975" VPOS="1547" WIDTH="12"/>
						<String ID="P136_ST00293" HPOS="987" VPOS="1513" WIDTH="67" HEIGHT="26" CONTENT="with" WC="0.61" CC="9500"/>
					</TextLine>
					<TextLine ID="P136_TL00032" HPOS="125" VPOS="1558" WIDTH="930" HEIGHT="36">
						<String ID="P136_ST00294" HPOS="125" VPOS="1566" WIDTH="51" HEIGHT="24" CONTENT="me," WC="0.74" CC="700"/>
						<SP ID="P136_SP00260" HPOS="176" VPOS="1590" WIDTH="28"/>
						<String ID="P136_ST00295" HPOS="204" VPOS="1559" WIDTH="167" HEIGHT="34" CONTENT="containing," WC="0.77" CC="00608040600"/>
						<SP ID="P136_SP00261" HPOS="371" VPOS="1593" WIDTH="24"/>
						<String ID="P136_ST00296" HPOS="395" VPOS="1561" WIDTH="49" HEIGHT="23" CONTENT="not" WC="1.00" CC="000"/>
						<SP ID="P136_SP00262" HPOS="444" VPOS="1593" WIDTH="23"/>
						<String ID="P136_ST00297" HPOS="467" VPOS="1566" WIDTH="105" HEIGHT="26" CONTENT="rupees," WC="0.94" CC="3000000"/>
						<SP ID="P136_SP00263" HPOS="572" VPOS="1593" WIDTH="23"/>
						<String ID="P136_ST00298" HPOS="595" VPOS="1558" WIDTH="51" HEIGHT="26" CONTENT="but" WC="0.70" CC="008"/>
						<SP ID="P136_SP00264" HPOS="646" VPOS="1593" WIDTH="21"/>
						<String ID="P136_ST00299" HPOS="667" VPOS="1559" WIDTH="68" HEIGHT="34" CONTENT="pice," WC="0.92" CC="00003"/>
						<SP ID="P136_SP00265" HPOS="735" VPOS="1593" WIDTH="23"/>
						<String ID="P136_ST00300" HPOS="758" VPOS="1568" WIDTH="30" HEIGHT="17" CONTENT="or" WC="1.00" CC="00"/>
						<SP ID="P136_SP00266" HPOS="788" VPOS="1593" WIDTH="20"/>
						<String ID="P136_ST00301" HPOS="808" VPOS="1560" WIDTH="161" HEIGHT="34" CONTENT="something" WC="0.76" CC="000007508"/>
						<SP ID="P136_SP00267" HPOS="969" VPOS="1594" WIDTH="22"/>
						<String ID="P136_ST00302" HPOS="991" VPOS="1560" WIDTH="64" HEIGHT="27" CONTENT="that" WC="0.93" CC="0200"/>
					</TextLine>
				</TextBlock>
			</PrintSpace>
		</Page>
	</Layout>
</alto>
