<?xml version="1.0" encoding="UTF-8"?>
<alto xmlns:xsi="http://www.w3.org/2001/XMLSchema-instance" xsi:noNamespaceSchemaLocation="http://www.bl.uk/schemas/alto/alto-1-4.xsd" xmlns:xlink="http://www.w3.org/1999/xlink">
	<Description>
		<MeasurementUnit>mm10</MeasurementUnit>
		<sourceImageInformation>
			<fileName>//head1/IN/2008-11/A0011351408.2/007642.jp2</fileName>
		</sourceImageInformation>
		<OCRProcessing ID="OCRPROCESSING_1">
			<preProcessingStep>
				<processingSoftware>
					<softwareCreator>CCS Content Conversion Specialists GmbH, Germany</softwareCreator>
					<softwareName>CCS docWORKS</softwareName>
					<softwareVersion>6.1-0.67</softwareVersion>
				</processingSoftware>
			</preProcessingStep>
			<ocrProcessingStep>
				<processingSoftware>
					<softwareCreator>ABBYY (BIT Software), Russia</softwareCreator>
					<softwareName>Finereader</softwareName>
				</processingSoftware>
			</ocrProcessingStep>
		</OCRProcessing>
	</Description>
	<Styles>
		<TextStyle ID="TXT_0" FONTSIZE="9" FONTFAMILY="Courier New"/>
		<TextStyle ID="TXT_1" FONTSIZE="11" FONTFAMILY="Courier New"/>
		<ParagraphStyle ID="PAR_RIGHT" ALIGN="Right"/>
		<ParagraphStyle ID="PAR_LEFT" ALIGN="Left"/>
	</Styles>
	<Layout>
		<Page ID="P262" PHYSICAL_IMG_NR="262" HEIGHT="1675" WIDTH="1155" PRINTED_IMG_NR="254" POSITION="Left" ACCURACY="88.68">
			<TopMargin ID="P262_TM00001" HPOS="0" VPOS="0" WIDTH="1154" HEIGHT="142">
				<TextBlock ID="P262_TB00001" HPOS="436" VPOS="99" WIDTH="385" HEIGHT="40" STYLEREFS="TXT_0 PAR_RIGHT">
					<TextLine ID="P262_TL00001" HPOS="436" VPOS="100" WIDTH="385" HEIGHT="39">
						<String ID="P262_ST00001" HPOS="436" VPOS="101" WIDTH="77" HEIGHT="38" CONTENT="Life" WC="0.82" CC="7000"/>
						<SP ID="P262_SP00001" HPOS="513" VPOS="139" WIDTH="21"/>
						<String ID="P262_ST00002" HPOS="534" VPOS="101" WIDTH="33" HEIGHT="29" CONTENT="in" WC="0.63" CC="07"/>
						<SP ID="P262_SP00002" HPOS="567" VPOS="139" WIDTH="24"/>
						<String ID="P262_ST00003" HPOS="591" VPOS="100" WIDTH="49" HEIGHT="30" CONTENT="the" WC="0.84" CC="400"/>
						<SP ID="P262_SP00003" HPOS="640" VPOS="139" WIDTH="22"/>
						<String ID="P262_ST00004" HPOS="662" VPOS="101" WIDTH="159" HEIGHT="38" CONTENT="Mofussil." WC="0.84" CC="050400003"/>
					</TextLine>
				</TextBlock>
				<TextBlock ID="P262_TB00002" HPOS="161" VPOS="110" WIDTH="60" HEIGHT="30" STYLEREFS="TXT_1 PAR_LEFT">
					<TextLine ID="P262_TL00002" HPOS="161" VPOS="110" WIDTH="60" HEIGHT="30">
						<String ID="P262_ST00005" HPOS="161" VPOS="110" WIDTH="60" HEIGHT="30" CONTENT="254" WC="1.00" CC="000"/>
					</TextLine>
				</TextBlock>
			</TopMargin>
			<LeftMargin ID="P262_LM00001" HPOS="0" VPOS="142" WIDTH="151" HEIGHT="1448"/>
			<RightMargin ID="P262_RM00001" HPOS="1093" VPOS="142" WIDTH="61" HEIGHT="1448"/>
			<BottomMargin ID="P262_BM00001" HPOS="0" VPOS="1590" WIDTH="1154" HEIGHT="84"/>
			<PrintSpace ID="P262_PS00001" HPOS="151" VPOS="142" WIDTH="942" HEIGHT="1448">
				<TextBlock ID="P262_TB00003" HPOS="160" VPOS="182" WIDTH="930" HEIGHT="83" STYLEREFS="TXT_0 PAR_LEFT">
					<TextLine ID="P262_TL00003" HPOS="196" VPOS="183" WIDTH="894" HEIGHT="37">
						<String ID="P262_ST00006" HPOS="196" VPOS="187" WIDTH="61" HEIGHT="25" CONTENT="The" WC="0.93" CC="020"/>
						<SP ID="P262_SP00004" HPOS="257" VPOS="212" WIDTH="22"/>
						<String ID="P262_ST00007" HPOS="279" VPOS="186" WIDTH="99" HEIGHT="34" CONTENT="appeal" WC="1.00" CC="000000"/>
						<SP ID="P262_SP00005" HPOS="378" VPOS="220" WIDTH="22"/>
						<String ID="P262_ST00008" HPOS="400" VPOS="186" WIDTH="47" HEIGHT="25" CONTENT="did" WC="1.00" CC="000"/>
						<SP ID="P262_SP00006" HPOS="447" VPOS="220" WIDTH="24"/>
						<String ID="P262_ST00009" HPOS="471" VPOS="189" WIDTH="50" HEIGHT="22" CONTENT="not" WC="0.90" CC="002"/>
						<SP ID="P262_SP00007" HPOS="521" VPOS="220" WIDTH="22"/>
						<String ID="P262_ST00010" HPOS="543" VPOS="194" WIDTH="80" HEIGHT="17" CONTENT="come" WC="1.00" CC="0000"/>
						<SP ID="P262_SP00008" HPOS="623" VPOS="220" WIDTH="21"/>
						<String ID="P262_ST00011" HPOS="644" VPOS="194" WIDTH="36" HEIGHT="17" CONTENT="on" WC="1.00" CC="00"/>
						<SP ID="P262_SP00009" HPOS="680" VPOS="220" WIDTH="15"/>
						<String ID="P262_ST00012" HPOS="695" VPOS="185" WIDTH="42" HEIGHT="26" CONTENT="for" WC="0.81" CC="203"/>
						<SP ID="P262_SP00010" HPOS="737" VPOS="220" WIDTH="19"/>
						<String ID="P262_ST00013" HPOS="756" VPOS="184" WIDTH="117" HEIGHT="34" CONTENT="hearing" WC="0.81" CC="6000700"/>
						<SP ID="P262_SP00011" HPOS="873" VPOS="220" WIDTH="20"/>
						<String ID="P262_ST00014" HPOS="893" VPOS="193" WIDTH="30" HEIGHT="17" CONTENT="as" WC="1.00" CC="00"/>
						<SP ID="P262_SP00012" HPOS="923" VPOS="220" WIDTH="19"/>
						<String ID="P262_ST00015" HPOS="942" VPOS="184" WIDTH="67" HEIGHT="33" CONTENT="long" WC="0.70" CC="5060"/>
						<SP ID="P262_SP00013" HPOS="1009" VPOS="220" WIDTH="20"/>
						<String ID="P262_ST00016" HPOS="1029" VPOS="192" WIDTH="29" HEIGHT="17" CONTENT="as" WC="1.00" CC="00"/>
						<SP ID="P262_SP00014" HPOS="1058" VPOS="220" WIDTH="22"/>
						<String ID="P262_ST00017" HPOS="1080" VPOS="183" WIDTH="10" HEIGHT="25" CONTENT="I" WC="1.00" CC="0"/>
					</TextLine>
					<TextLine ID="P262_TL00004" HPOS="160" VPOS="233" WIDTH="454" HEIGHT="32">
						<String ID="P262_ST00018" HPOS="160" VPOS="243" WIDTH="56" HEIGHT="17" CONTENT="was" WC="0.72" CC="800"/>
						<SP ID="P262_SP00015" HPOS="216" VPOS="260" WIDTH="14"/>
						<String ID="P262_ST00019" HPOS="230" VPOS="234" WIDTH="28" HEIGHT="25" CONTENT="in" WC="0.36" CC="75"/>
						<SP ID="P262_SP00016" HPOS="258" VPOS="260" WIDTH="15"/>
						<String ID="P262_ST00020" HPOS="273" VPOS="233" WIDTH="101" HEIGHT="32" CONTENT="charge" WC="0.95" CC="030000"/>
						<SP ID="P262_SP00017" HPOS="374" VPOS="265" WIDTH="14"/>
						<String ID="P262_ST00021" HPOS="388" VPOS="233" WIDTH="31" HEIGHT="26" CONTENT="of" WC="1.00" CC="00"/>
						<SP ID="P262_SP00018" HPOS="419" VPOS="265" WIDTH="10"/>
						<String ID="P262_ST00022" HPOS="429" VPOS="233" WIDTH="56" HEIGHT="26" CONTENT="this" WC="0.83" CC="0330"/>
						<SP ID="P262_SP00019" HPOS="485" VPOS="265" WIDTH="15"/>
						<String ID="P262_ST00023" HPOS="500" VPOS="233" WIDTH="114" HEIGHT="25" CONTENT="district." WC="0.93" CC="000006000"/>
					</TextLine>
				</TextBlock>
				<TextBlock ID="P262_TB00004" HPOS="153" VPOS="277" WIDTH="940" HEIGHT="507" STYLEREFS="TXT_0 PAR_LEFT">
					<TextLine ID="P262_TL00005" HPOS="193" VPOS="278" WIDTH="900" HEIGHT="34">
						<String ID="P262_ST00024" HPOS="193" VPOS="281" WIDTH="62" HEIGHT="25" CONTENT="The" WC="1.00" CC="000"/>
						<SP ID="P262_SP00020" HPOS="255" VPOS="306" WIDTH="14"/>
						<String ID="P262_ST00025" HPOS="269" VPOS="289" WIDTH="61" HEIGHT="17" CONTENT="new" WC="1.00" CC="000"/>
						<SP ID="P262_SP00021" HPOS="330" VPOS="306" WIDTH="13"/>
						<String ID="P262_ST00026" HPOS="343" VPOS="279" WIDTH="329" HEIGHT="26" CONTENT="Lieutenant-Governor" WC="0.77" CC="0600904000200909000"/>
						<SP ID="P262_SP00022" HPOS="672" VPOS="306" WIDTH="15"/>
						<String ID="P262_ST00027" HPOS="687" VPOS="288" WIDTH="56" HEIGHT="17" CONTENT="was" WC="0.76" CC="007"/>
						<SP ID="P262_SP00023" HPOS="743" VPOS="306" WIDTH="16"/>
						<String ID="P262_ST00028" HPOS="759" VPOS="288" WIDTH="16" HEIGHT="17" CONTENT="a" WC="1.00" CC="0"/>
						<SP ID="P262_SP00024" HPOS="775" VPOS="306" WIDTH="15"/>
						<String ID="P262_ST00029" HPOS="790" VPOS="287" WIDTH="64" HEIGHT="17" CONTENT="man" WC="0.77" CC="006"/>
						<SP ID="P262_SP00025" HPOS="854" VPOS="306" WIDTH="16"/>
						<String ID="P262_ST00030" HPOS="870" VPOS="278" WIDTH="49" HEIGHT="26" CONTENT="full" WC="0.65" CC="2640"/>
						<SP ID="P262_SP00026" HPOS="919" VPOS="306" WIDTH="15"/>
						<String ID="P262_ST00031" HPOS="934" VPOS="278" WIDTH="31" HEIGHT="26" CONTENT="of" WC="1.00" CC="00"/>
						<SP ID="P262_SP00027" HPOS="965" VPOS="306" WIDTH="23"/>
						<String ID="P262_ST00032" HPOS="988" VPOS="287" WIDTH="105" HEIGHT="25" CONTENT="energy" WC="0.85" CC="051100"/>
					</TextLine>
					<TextLine ID="P262_TL00006" HPOS="158" VPOS="325" WIDTH="935" HEIGHT="35">
						<String ID="P262_ST00033" HPOS="158" VPOS="328" WIDTH="55" HEIGHT="25" CONTENT="and" WC="1.00" CC="000"/>
						<SP ID="P262_SP00028" HPOS="213" VPOS="353" WIDTH="14"/>
						<String ID="P262_ST00034" HPOS="227" VPOS="327" WIDTH="127" HEIGHT="32" CONTENT="theories," WC="0.84" CC="320133000"/>
						<SP ID="P262_SP00029" HPOS="354" VPOS="359" WIDTH="10"/>
						<String ID="P262_ST00035" HPOS="364" VPOS="327" WIDTH="27" HEIGHT="25" CONTENT="in" WC="0.46" CC="45"/>
						<SP ID="P262_SP00030" HPOS="391" VPOS="359" WIDTH="16"/>
						<String ID="P262_ST00036" HPOS="407" VPOS="327" WIDTH="47" HEIGHT="26" CONTENT="the" WC="0.92" CC="110"/>
						<SP ID="P262_SP00031" HPOS="454" VPOS="359" WIDTH="14"/>
						<String ID="P262_ST00037" HPOS="468" VPOS="327" WIDTH="149" HEIGHT="25" CONTENT="execution" WC="0.67" CC="050009623"/>
						<SP ID="P262_SP00032" HPOS="617" VPOS="359" WIDTH="10"/>
						<String ID="P262_ST00038" HPOS="627" VPOS="326" WIDTH="30" HEIGHT="26" CONTENT="of" WC="1.00" CC="00"/>
						<SP ID="P262_SP00033" HPOS="657" VPOS="359" WIDTH="11"/>
						<String ID="P262_ST00039" HPOS="668" VPOS="326" WIDTH="90" HEIGHT="26" CONTENT="which" WC="0.78" CC="06021"/>
						<SP ID="P262_SP00034" HPOS="758" VPOS="359" WIDTH="10"/>
						<String ID="P262_ST00040" HPOS="768" VPOS="326" WIDTH="36" HEIGHT="25" CONTENT="he" WC="0.68" CC="60"/>
						<SP ID="P262_SP00035" HPOS="804" VPOS="359" WIDTH="11"/>
						<String ID="P262_ST00041" HPOS="815" VPOS="325" WIDTH="139" HEIGHT="35" CONTENT="appeared" WC="0.95" CC="00000300"/>
						<SP ID="P262_SP00036" HPOS="954" VPOS="360" WIDTH="12"/>
						<String ID="P262_ST00042" HPOS="966" VPOS="329" WIDTH="30" HEIGHT="22" CONTENT="to" WC="1.00" CC="00"/>
						<SP ID="P262_SP00037" HPOS="996" VPOS="360" WIDTH="10"/>
						<String ID="P262_ST00043" HPOS="1006" VPOS="326" WIDTH="87" HEIGHT="25" CONTENT="desire" WC="0.91" CC="000500"/>
					</TextLine>
					<TextLine ID="P262_TL00007" HPOS="155" VPOS="372" WIDTH="936" HEIGHT="36">
						<String ID="P262_ST00044" HPOS="155" VPOS="378" WIDTH="30" HEIGHT="21" CONTENT="to" WC="1.00" CC="00"/>
						<SP ID="P262_SP00038" HPOS="185" VPOS="399" WIDTH="26"/>
						<String ID="P262_ST00045" HPOS="211" VPOS="375" WIDTH="69" HEIGHT="25" CONTENT="alter" WC="0.88" CC="05000"/>
						<SP ID="P262_SP00039" HPOS="280" VPOS="400" WIDTH="27"/>
						<String ID="P262_ST00046" HPOS="307" VPOS="374" WIDTH="164" HEIGHT="34" CONTENT="everything" WC="0.91" CC="0301000030"/>
						<SP ID="P262_SP00040" HPOS="471" VPOS="408" WIDTH="20"/>
						<String ID="P262_ST00047" HPOS="491" VPOS="374" WIDTH="61" HEIGHT="25" CONTENT="that" WC="0.80" CC="0250"/>
						<SP ID="P262_SP00041" HPOS="552" VPOS="408" WIDTH="21"/>
						<String ID="P262_ST00048" HPOS="573" VPOS="373" WIDTH="83" HEIGHT="26" CONTENT="could" WC="1.00" CC="00000"/>
						<SP ID="P262_SP00042" HPOS="656" VPOS="408" WIDTH="21"/>
						<String ID="P262_ST00049" HPOS="677" VPOS="373" WIDTH="128" HEIGHT="34" CONTENT="possibly" WC="0.94" CC="00000050"/>
						<SP ID="P262_SP00043" HPOS="805" VPOS="408" WIDTH="21"/>
						<String ID="P262_ST00050" HPOS="826" VPOS="373" WIDTH="36" HEIGHT="26" CONTENT="be" WC="1.00" CC="00"/>
						<SP ID="P262_SP00044" HPOS="862" VPOS="408" WIDTH="27"/>
						<String ID="P262_ST00051" HPOS="889" VPOS="372" WIDTH="113" HEIGHT="27" CONTENT="altered." WC="0.88" CC="05004000"/>
						<SP ID="P262_SP00045" HPOS="1002" VPOS="408" WIDTH="43"/>
						<String ID="P262_ST00052" HPOS="1045" VPOS="373" WIDTH="46" HEIGHT="26" CONTENT="He" WC="0.79" CC="40"/>
					</TextLine>
					<TextLine ID="P262_TL00008" HPOS="156" VPOS="421" WIDTH="936" HEIGHT="34">
						<String ID="P262_ST00053" HPOS="156" VPOS="421" WIDTH="127" HEIGHT="34" CONTENT="changed" WC="0.98" CC="0100000"/>
						<SP ID="P262_SP00046" HPOS="283" VPOS="455" WIDTH="20"/>
						<String ID="P262_ST00054" HPOS="303" VPOS="421" WIDTH="48" HEIGHT="26" CONTENT="the" WC="0.92" CC="020"/>
						<SP ID="P262_SP00047" HPOS="351" VPOS="455" WIDTH="20"/>
						<String ID="P262_ST00055" HPOS="371" VPOS="425" WIDTH="211" HEIGHT="30" CONTENT="arrangements" WC="0.97" CC="000000000300"/>
						<SP ID="P262_SP00048" HPOS="582" VPOS="455" WIDTH="21"/>
						<String ID="P262_ST00056" HPOS="603" VPOS="421" WIDTH="41" HEIGHT="25" CONTENT="for" WC="0.85" CC="004"/>
						<SP ID="P262_SP00049" HPOS="644" VPOS="455" WIDTH="26"/>
						<String ID="P262_ST00057" HPOS="670" VPOS="421" WIDTH="48" HEIGHT="25" CONTENT="the" WC="1.00" CC="000"/>
						<SP ID="P262_SP00050" HPOS="718" VPOS="455" WIDTH="28"/>
						<String ID="P262_ST00058" HPOS="746" VPOS="421" WIDTH="181" HEIGHT="33" CONTENT="registration" WC="0.78" CC="009400005004"/>
						<SP ID="P262_SP00051" HPOS="927" VPOS="455" WIDTH="27"/>
						<String ID="P262_ST00059" HPOS="954" VPOS="421" WIDTH="33" HEIGHT="25" CONTENT="of" WC="1.00" CC="00"/>
						<SP ID="P262_SP00052" HPOS="987" VPOS="455" WIDTH="22"/>
						<String ID="P262_ST00060" HPOS="1009" VPOS="421" WIDTH="83" HEIGHT="25" CONTENT="docu" SUBS_TYPE="HypPart1" SUBS_CONTENT="documents," WC="1.00" CC="00000"/>
						<HYP CONTENT="-"/>
					</TextLine>
					<TextLine ID="P262_TL00009" HPOS="156" VPOS="468" WIDTH="935" HEIGHT="34">
						<String ID="P262_ST00061" HPOS="156" VPOS="473" WIDTH="99" HEIGHT="27" CONTENT="ments," SUBS_TYPE="HypPart2" SUBS_CONTENT="documents," WC="1.00" CC="000000"/>
						<SP ID="P262_SP00053" HPOS="255" VPOS="500" WIDTH="24"/>
						<String ID="P262_ST00062" HPOS="279" VPOS="469" WIDTH="89" HEIGHT="26" CONTENT="which" WC="0.87" CC="01004"/>
						<SP ID="P262_SP00054" HPOS="368" VPOS="500" WIDTH="25"/>
						<String ID="P262_ST00063" HPOS="393" VPOS="469" WIDTH="57" HEIGHT="25" CONTENT="had" WC="0.80" CC="500"/>
						<SP ID="P262_SP00055" HPOS="450" VPOS="500" WIDTH="26"/>
						<String ID="P262_ST00064" HPOS="476" VPOS="469" WIDTH="68" HEIGHT="33" CONTENT="only" WC="0.89" CC="0040"/>
						<SP ID="P262_SP00056" HPOS="544" VPOS="502" WIDTH="26"/>
						<String ID="P262_ST00065" HPOS="570" VPOS="469" WIDTH="71" HEIGHT="25" CONTENT="been" WC="1.00" CC="0000"/>
						<SP ID="P262_SP00057" HPOS="641" VPOS="502" WIDTH="23"/>
						<String ID="P262_ST00066" HPOS="664" VPOS="468" WIDTH="125" HEIGHT="34" CONTENT="recently" WC="0.88" CC="00000350"/>
						<SP ID="P262_SP00058" HPOS="789" VPOS="502" WIDTH="26"/>
						<String ID="P262_ST00067" HPOS="815" VPOS="468" WIDTH="102" HEIGHT="25" CONTENT="settled" WC="0.83" CC="0040700"/>
						<SP ID="P262_SP00059" HPOS="917" VPOS="502" WIDTH="22"/>
						<String ID="P262_ST00068" HPOS="939" VPOS="468" WIDTH="55" HEIGHT="25" CONTENT="and" WC="0.97" CC="000"/>
						<SP ID="P262_SP00060" HPOS="994" VPOS="502" WIDTH="27"/>
						<String ID="P262_ST00069" HPOS="1021" VPOS="477" WIDTH="70" HEIGHT="16" CONTENT="were" WC="1.00" CC="0000"/>
					</TextLine>
					<TextLine ID="P262_TL00010" HPOS="155" VPOS="515" WIDTH="934" HEIGHT="35">
						<String ID="P262_ST00070" HPOS="155" VPOS="516" WIDTH="125" HEIGHT="34" CONTENT="working" WC="0.87" CC="0004040"/>
						<SP ID="P262_SP00061" HPOS="280" VPOS="550" WIDTH="14"/>
						<String ID="P262_ST00071" HPOS="294" VPOS="516" WIDTH="61" HEIGHT="26" CONTENT="well" WC="1.00" CC="0000"/>
						<SP ID="P262_SP00062" HPOS="355" VPOS="550" WIDTH="13"/>
						<String ID="P262_ST00072" HPOS="368" VPOS="526" WIDTH="6" HEIGHT="22" CONTENT=";" WC="1.00" CC="0"/>
						<SP ID="P262_SP00063" HPOS="374" VPOS="550" WIDTH="20"/>
						<String ID="P262_ST00073" HPOS="394" VPOS="515" WIDTH="35" HEIGHT="27" CONTENT="he" WC="0.70" CC="50"/>
						<SP ID="P262_SP00064" HPOS="429" VPOS="550" WIDTH="9"/>
						<String ID="P262_ST00074" HPOS="438" VPOS="520" WIDTH="42" HEIGHT="22" CONTENT="set" WC="0.86" CC="004"/>
						<SP ID="P262_SP00065" HPOS="480" VPOS="550" WIDTH="15"/>
						<String ID="P262_ST00075" HPOS="495" VPOS="515" WIDTH="35" HEIGHT="26" CONTENT="all" WC="0.90" CC="003"/>
						<SP ID="P262_SP00066" HPOS="530" VPOS="550" WIDTH="15"/>
						<String ID="P262_ST00076" HPOS="545" VPOS="515" WIDTH="46" HEIGHT="26" CONTENT="the" WC="0.80" CC="060"/>
						<SP ID="P262_SP00067" HPOS="591" VPOS="550" WIDTH="13"/>
						<String ID="P262_ST00077" HPOS="604" VPOS="515" WIDTH="159" HEIGHT="26" CONTENT="Education" WC="0.81" CC="003005007"/>
						<SP ID="P262_SP00068" HPOS="763" VPOS="550" WIDTH="17"/>
						<String ID="P262_ST00078" HPOS="780" VPOS="515" WIDTH="188" HEIGHT="33" CONTENT="Department" WC="0.94" CC="0200400000"/>
						<SP ID="P262_SP00069" HPOS="968" VPOS="550" WIDTH="12"/>
						<String ID="P262_ST00079" HPOS="980" VPOS="515" WIDTH="109" HEIGHT="33" CONTENT="against" WC="0.89" CC="0000700"/>
					</TextLine>
					<TextLine ID="P262_TL00011" HPOS="158" VPOS="563" WIDTH="933" HEIGHT="35">
						<String ID="P262_ST00080" HPOS="158" VPOS="572" WIDTH="32" HEIGHT="16" CONTENT="us" WC="0.92" CC="01"/>
						<SP ID="P262_SP00070" HPOS="190" VPOS="588" WIDTH="17"/>
						<String ID="P262_ST00081" HPOS="207" VPOS="564" WIDTH="186" HEIGHT="34" CONTENT="Magistrates," WC="0.91" CC="000600040000"/>
						<SP ID="P262_SP00071" HPOS="393" VPOS="598" WIDTH="15"/>
						<String ID="P262_ST00082" HPOS="408" VPOS="564" WIDTH="55" HEIGHT="25" CONTENT="and" WC="0.87" CC="030"/>
						<SP ID="P262_SP00072" HPOS="463" VPOS="598" WIDTH="21"/>
						<String ID="P262_ST00083" HPOS="484" VPOS="564" WIDTH="111" HEIGHT="33" CONTENT="against" WC="0.80" CC="0005304"/>
						<SP ID="P262_SP00073" HPOS="595" VPOS="598" WIDTH="13"/>
						<String ID="P262_ST00084" HPOS="608" VPOS="563" WIDTH="119" HEIGHT="31" CONTENT="himself," WC="0.76" CC="26020501"/>
						<SP ID="P262_SP00074" HPOS="727" VPOS="598" WIDTH="21"/>
						<String ID="P262_ST00085" HPOS="748" VPOS="563" WIDTH="38" HEIGHT="33" CONTENT="by" WC="1.00" CC="00"/>
						<SP ID="P262_SP00075" HPOS="786" VPOS="598" WIDTH="13"/>
						<String ID="P262_ST00086" HPOS="799" VPOS="563" WIDTH="97" HEIGHT="34" CONTENT="giving" WC="0.79" CC="060500"/>
						<SP ID="P262_SP00076" HPOS="896" VPOS="598" WIDTH="14"/>
						<String ID="P262_ST00087" HPOS="910" VPOS="571" WIDTH="32" HEIGHT="16" CONTENT="us" WC="0.96" CC="00"/>
						<SP ID="P262_SP00077" HPOS="942" VPOS="598" WIDTH="14"/>
						<String ID="P262_ST00088" HPOS="956" VPOS="571" WIDTH="92" HEIGHT="25" CONTENT="power" WC="1.00" CC="00000"/>
						<SP ID="P262_SP00078" HPOS="1048" VPOS="598" WIDTH="13"/>
						<String ID="P262_ST00089" HPOS="1061" VPOS="566" WIDTH="30" HEIGHT="22" CONTENT="to" WC="0.94" CC="01"/>
					</TextLine>
					<TextLine ID="P262_TL00012" HPOS="155" VPOS="609" WIDTH="936" HEIGHT="35">
						<String ID="P262_ST00090" HPOS="155" VPOS="610" WIDTH="127" HEIGHT="26" CONTENT="interfere" WC="0.85" CC="533000000"/>
						<SP ID="P262_SP00079" HPOS="282" VPOS="636" WIDTH="14"/>
						<String ID="P262_ST00091" HPOS="296" VPOS="610" WIDTH="66" HEIGHT="26" CONTENT="with" WC="0.79" CC="2501"/>
						<SP ID="P262_SP00080" HPOS="362" VPOS="636" WIDTH="14"/>
						<String ID="P262_ST00092" HPOS="376" VPOS="610" WIDTH="71" HEIGHT="26" CONTENT="their" WC="0.84" CC="03040"/>
						<SP ID="P262_SP00081" HPOS="447" VPOS="636" WIDTH="14"/>
						<String ID="P262_ST00093" HPOS="461" VPOS="610" WIDTH="182" HEIGHT="34" CONTENT="proceedings" WC="0.94" CC="01000000400"/>
						<SP ID="P262_SP00082" HPOS="643" VPOS="644" WIDTH="13"/>
						<String ID="P262_ST00094" HPOS="656" VPOS="619" WIDTH="5" HEIGHT="23" CONTENT=";" WC="1.00" CC="0"/>
						<SP ID="P262_SP00083" HPOS="661" VPOS="644" WIDTH="25"/>
						<String ID="P262_ST00095" HPOS="686" VPOS="609" WIDTH="35" HEIGHT="27" CONTENT="he" WC="0.74" CC="50"/>
						<SP ID="P262_SP00084" HPOS="721" VPOS="644" WIDTH="19"/>
						<String ID="P262_ST00096" HPOS="740" VPOS="609" WIDTH="57" HEIGHT="27" CONTENT="had" WC="0.78" CC="600"/>
						<SP ID="P262_SP00085" HPOS="797" VPOS="644" WIDTH="15"/>
						<String ID="P262_ST00097" HPOS="812" VPOS="619" WIDTH="16" HEIGHT="16" CONTENT="a" WC="1.00" CC="0"/>
						<SP ID="P262_SP00086" HPOS="828" VPOS="644" WIDTH="21"/>
						<String ID="P262_ST00098" HPOS="849" VPOS="609" WIDTH="111" HEIGHT="27" CONTENT="scheme" WC="0.93" CC="004000"/>
						<SP ID="P262_SP00087" HPOS="960" VPOS="644" WIDTH="21"/>
						<String ID="P262_ST00099" HPOS="981" VPOS="609" WIDTH="42" HEIGHT="26" CONTENT="for" WC="0.95" CC="001"/>
						<SP ID="P262_SP00088" HPOS="1023" VPOS="644" WIDTH="20"/>
						<String ID="P262_ST00100" HPOS="1043" VPOS="610" WIDTH="48" HEIGHT="26" CONTENT="the" WC="0.55" CC="940"/>
					</TextLine>
					<TextLine ID="P262_TL00013" HPOS="157" VPOS="657" WIDTH="934" HEIGHT="34">
						<String ID="P262_ST00101" HPOS="157" VPOS="658" WIDTH="195" HEIGHT="33" CONTENT="appointment" WC="0.86" CC="00006500010"/>
						<SP ID="P262_SP00089" HPOS="352" VPOS="691" WIDTH="14"/>
						<String ID="P262_ST00102" HPOS="366" VPOS="657" WIDTH="30" HEIGHT="25" CONTENT="of" WC="0.98" CC="00"/>
						<SP ID="P262_SP00090" HPOS="396" VPOS="691" WIDTH="11"/>
						<String ID="P262_ST00103" HPOS="407" VPOS="657" WIDTH="116" HEIGHT="26" CONTENT="elective" WC="0.91" CC="00010500"/>
						<SP ID="P262_SP00091" HPOS="523" VPOS="691" WIDTH="14"/>
						<String ID="P262_ST00104" HPOS="537" VPOS="657" WIDTH="155" HEIGHT="34" CONTENT="Municipal" WC="0.86" CC="040620000"/>
						<SP ID="P262_SP00092" HPOS="692" VPOS="691" WIDTH="19"/>
						<String ID="P262_ST00105" HPOS="711" VPOS="657" WIDTH="232" HEIGHT="26" CONTENT="Commissioners" WC="0.85" CC="0000610604000"/>
						<SP ID="P262_SP00093" HPOS="943" VPOS="691" WIDTH="11"/>
						<String ID="P262_ST00106" HPOS="954" VPOS="666" WIDTH="5" HEIGHT="23" CONTENT=";" WC="1.00" CC="0"/>
						<SP ID="P262_SP00094" HPOS="959" VPOS="691" WIDTH="28"/>
						<String ID="P262_ST00107" HPOS="987" VPOS="658" WIDTH="55" HEIGHT="25" CONTENT="and" WC="1.00" CC="000"/>
						<SP ID="P262_SP00095" HPOS="1042" VPOS="691" WIDTH="15"/>
						<String ID="P262_ST00108" HPOS="1057" VPOS="658" WIDTH="34" HEIGHT="25" CONTENT="he" WC="0.76" CC="40"/>
					</TextLine>
					<TextLine ID="P262_TL00014" HPOS="153" VPOS="703" WIDTH="933" HEIGHT="35">
						<String ID="P262_ST00109" HPOS="153" VPOS="704" WIDTH="146" HEIGHT="26" CONTENT="instituted" WC="0.80" CC="7300504000"/>
						<SP ID="P262_SP00096" HPOS="299" VPOS="730" WIDTH="14"/>
						<String ID="P262_ST00110" HPOS="313" VPOS="714" WIDTH="35" HEIGHT="16" CONTENT="an" WC="0.58" CC="08"/>
						<SP ID="P262_SP00097" HPOS="348" VPOS="730" WIDTH="15"/>
						<String ID="P262_ST00111" HPOS="363" VPOS="704" WIDTH="143" HEIGHT="34" CONTENT="improved" WC="0.84" CC="40001700"/>
						<SP ID="P262_SP00098" HPOS="506" VPOS="738" WIDTH="16"/>
						<String ID="P262_ST00112" HPOS="522" VPOS="708" WIDTH="105" HEIGHT="29" CONTENT="system" WC="0.73" CC="104207"/>
						<SP ID="P262_SP00099" HPOS="627" VPOS="738" WIDTH="12"/>
						<String ID="P262_ST00113" HPOS="639" VPOS="703" WIDTH="32" HEIGHT="27" CONTENT="of" WC="1.00" CC="00"/>
						<SP ID="P262_SP00100" HPOS="671" VPOS="738" WIDTH="16"/>
						<String ID="P262_ST00114" HPOS="687" VPOS="704" WIDTH="108" HEIGHT="33" CONTENT="weekly" WC="0.90" CC="000320"/>
						<SP ID="P262_SP00101" HPOS="795" VPOS="738" WIDTH="20"/>
						<String ID="P262_ST00115" HPOS="815" VPOS="708" WIDTH="108" HEIGHT="30" CONTENT="reports" WC="0.94" CC="0000130"/>
						<SP ID="P262_SP00102" HPOS="923" VPOS="738" WIDTH="14"/>
						<String ID="P262_ST00116" HPOS="937" VPOS="704" WIDTH="87" HEIGHT="26" CONTENT="about" WC="0.69" CC="07160"/>
						<SP ID="P262_SP00103" HPOS="1024" VPOS="738" WIDTH="14"/>
						<String ID="P262_ST00117" HPOS="1038" VPOS="704" WIDTH="48" HEIGHT="26" CONTENT="the" WC="1.00" CC="000"/>
					</TextLine>
					<TextLine ID="P262_TL00015" HPOS="154" VPOS="751" WIDTH="779" HEIGHT="33">
						<String ID="P262_ST00118" HPOS="154" VPOS="751" WIDTH="128" HEIGHT="26" CONTENT="weather." WC="0.91" CC="00007000"/>
						<SP ID="P262_SP00104" HPOS="282" VPOS="777" WIDTH="39"/>
						<String ID="P262_ST00119" HPOS="321" VPOS="751" WIDTH="99" HEIGHT="26" CONTENT="About" WC="0.85" CC="00034"/>
						<SP ID="P262_SP00105" HPOS="420" VPOS="777" WIDTH="14"/>
						<String ID="P262_ST00120" HPOS="434" VPOS="751" WIDTH="78" HEIGHT="25" CONTENT="these" WC="0.87" CC="06000"/>
						<SP ID="P262_SP00106" HPOS="512" VPOS="777" WIDTH="14"/>
						<String ID="P262_ST00121" HPOS="526" VPOS="751" WIDTH="35" HEIGHT="25" CONTENT="he" WC="1.00" CC="00"/>
						<SP ID="P262_SP00107" HPOS="561" VPOS="777" WIDTH="14"/>
						<String ID="P262_ST00122" HPOS="575" VPOS="760" WIDTH="56" HEIGHT="16" CONTENT="was" WC="1.00" CC="000"/>
						<SP ID="P262_SP00108" HPOS="631" VPOS="777" WIDTH="14"/>
						<String ID="P262_ST00123" HPOS="645" VPOS="752" WIDTH="115" HEIGHT="32" CONTENT="terribly" WC="0.77" CC="00304009"/>
						<SP ID="P262_SP00109" HPOS="760" VPOS="784" WIDTH="15"/>
						<String ID="P262_ST00124" HPOS="775" VPOS="752" WIDTH="27" HEIGHT="24" CONTENT="in" WC="0.67" CC="41"/>
						<SP ID="P262_SP00110" HPOS="802" VPOS="784" WIDTH="16"/>
						<String ID="P262_ST00125" HPOS="818" VPOS="755" WIDTH="115" HEIGHT="22" CONTENT="earnest." WC="1.00" CC="00000000"/>
					</TextLine>
				</TextBlock>
				<TextBlock ID="P262_TB00005" HPOS="152" VPOS="797" WIDTH="938" HEIGHT="403" STYLEREFS="TXT_0 PAR_LEFT">
					<TextLine ID="P262_TL00016" HPOS="194" VPOS="797" WIDTH="896" HEIGHT="35">
						<String ID="P262_ST00126" HPOS="194" VPOS="798" WIDTH="46" HEIGHT="26" CONTENT="He" WC="0.85" CC="20"/>
						<SP ID="P262_SP00111" HPOS="240" VPOS="824" WIDTH="29"/>
						<String ID="P262_ST00127" HPOS="269" VPOS="797" WIDTH="55" HEIGHT="27" CONTENT="had" WC="0.83" CC="400"/>
						<SP ID="P262_SP00112" HPOS="324" VPOS="824" WIDTH="32"/>
						<String ID="P262_ST00128" HPOS="356" VPOS="808" WIDTH="15" HEIGHT="16" CONTENT="a" WC="1.00" CC="0"/>
						<SP ID="P262_SP00113" HPOS="371" VPOS="824" WIDTH="28"/>
						<String ID="P262_ST00129" HPOS="399" VPOS="797" WIDTH="71" HEIGHT="26" CONTENT="form" WC="0.79" CC="2320"/>
						<SP ID="P262_SP00114" HPOS="470" VPOS="824" WIDTH="31"/>
						<String ID="P262_ST00130" HPOS="501" VPOS="797" WIDTH="136" HEIGHT="34" CONTENT="prepared" WC="0.99" CC="00000000"/>
						<SP ID="P262_SP00115" HPOS="637" VPOS="831" WIDTH="20"/>
						<String ID="P262_ST00131" HPOS="657" VPOS="802" WIDTH="30" HEIGHT="22" CONTENT="to" WC="1.00" CC="00"/>
						<SP ID="P262_SP00116" HPOS="687" VPOS="831" WIDTH="19"/>
						<String ID="P262_ST00132" HPOS="706" VPOS="798" WIDTH="36" HEIGHT="26" CONTENT="be" WC="0.94" CC="01"/>
						<SP ID="P262_SP00117" HPOS="742" VPOS="831" WIDTH="21"/>
						<String ID="P262_ST00133" HPOS="763" VPOS="797" WIDTH="75" HEIGHT="27" CONTENT="filled" WC="0.91" CC="220000"/>
						<SP ID="P262_SP00118" HPOS="838" VPOS="831" WIDTH="22"/>
						<String ID="P262_ST00134" HPOS="860" VPOS="807" WIDTH="37" HEIGHT="25" CONTENT="up" WC="0.80" CC="40"/>
						<SP ID="P262_SP00119" HPOS="897" VPOS="832" WIDTH="20"/>
						<String ID="P262_ST00135" HPOS="917" VPOS="798" WIDTH="109" HEIGHT="34" CONTENT="weekly" WC="0.99" CC="000000"/>
						<SP ID="P262_SP00120" HPOS="1026" VPOS="832" WIDTH="26"/>
						<String ID="P262_ST00136" HPOS="1052" VPOS="799" WIDTH="38" HEIGHT="33" CONTENT="by" WC="1.00" CC="00"/>
					</TextLine>
					<TextLine ID="P262_TL00017" HPOS="153" VPOS="845" WIDTH="932" HEIGHT="34">
						<String ID="P262_ST00137" HPOS="153" VPOS="854" WIDTH="32" HEIGHT="17" CONTENT="us" WC="0.91" CC="10"/>
						<SP ID="P262_SP00121" HPOS="185" VPOS="871" WIDTH="24"/>
						<String ID="P262_ST00138" HPOS="209" VPOS="846" WIDTH="107" HEIGHT="25" CONTENT="district" WC="0.76" CC="00600209"/>
						<SP ID="P262_SP00122" HPOS="316" VPOS="871" WIDTH="24"/>
						<String ID="P262_ST00139" HPOS="340" VPOS="845" WIDTH="111" HEIGHT="26" CONTENT="officers." WC="0.89" CC="000000090"/>
						<SP ID="P262_SP00123" HPOS="451" VPOS="871" WIDTH="55"/>
						<String ID="P262_ST00140" HPOS="506" VPOS="846" WIDTH="25" HEIGHT="25" CONTENT="It" WC="1.00" CC="00"/>
						<SP ID="P262_SP00124" HPOS="531" VPOS="871" WIDTH="24"/>
						<String ID="P262_ST00141" HPOS="555" VPOS="846" WIDTH="67" HEIGHT="33" CONTENT="only" WC="0.73" CC="0630"/>
						<SP ID="P262_SP00125" HPOS="622" VPOS="879" WIDTH="23"/>
						<String ID="P262_ST00142" HPOS="645" VPOS="846" WIDTH="141" HEIGHT="25" CONTENT="consisted" WC="0.94" CC="005000000"/>
						<SP ID="P262_SP00126" HPOS="786" VPOS="879" WIDTH="19"/>
						<String ID="P262_ST00143" HPOS="805" VPOS="846" WIDTH="32" HEIGHT="25" CONTENT="of" WC="1.00" CC="00"/>
						<SP ID="P262_SP00127" HPOS="837" VPOS="879" WIDTH="16"/>
						<String ID="P262_ST00144" HPOS="853" VPOS="846" WIDTH="78" HEIGHT="26" CONTENT="three" WC="0.77" CC="82000"/>
						<SP ID="P262_SP00128" HPOS="931" VPOS="879" WIDTH="21"/>
						<String ID="P262_ST00145" HPOS="952" VPOS="846" WIDTH="133" HEIGHT="32" CONTENT="columns," WC="0.90" CC="00022020"/>
					</TextLine>
					<TextLine ID="P262_TL00018" HPOS="153" VPOS="892" WIDTH="936" HEIGHT="35">
						<String ID="P262_ST00146" HPOS="153" VPOS="893" WIDTH="117" HEIGHT="31" CONTENT="headed," WC="0.87" CC="5030000"/>
						<SP ID="P262_SP00129" HPOS="270" VPOS="924" WIDTH="15"/>
						<String ID="P262_ST00147" HPOS="285" VPOS="901" WIDTH="18" HEIGHT="18" CONTENT="i." WC="1.00" CC="00"/>
						<SP ID="P262_SP00130" HPOS="303" VPOS="924" WIDTH="15"/>
						<String ID="P262_ST00148" HPOS="318" VPOS="892" WIDTH="129" HEIGHT="32" CONTENT="Rainfall," WC="0.92" CC="001000500"/>
						<SP ID="P262_SP00131" HPOS="447" VPOS="924" WIDTH="14"/>
						<String ID="P262_ST00149" HPOS="461" VPOS="900" WIDTH="22" HEIGHT="18" CONTENT="2." WC="0.93" CC="01"/>
						<SP ID="P262_SP00132" HPOS="483" VPOS="924" WIDTH="12"/>
						<String ID="P262_ST00150" HPOS="495" VPOS="892" WIDTH="79" HEIGHT="26" CONTENT="State" WC="1.00" CC="00000"/>
						<SP ID="P262_SP00133" HPOS="574" VPOS="924" WIDTH="10"/>
						<String ID="P262_ST00151" HPOS="584" VPOS="892" WIDTH="32" HEIGHT="26" CONTENT="of" WC="1.00" CC="00"/>
						<SP ID="P262_SP00134" HPOS="616" VPOS="924" WIDTH="11"/>
						<String ID="P262_ST00152" HPOS="627" VPOS="892" WIDTH="47" HEIGHT="26" CONTENT="the" WC="0.90" CC="030"/>
						<SP ID="P262_SP00135" HPOS="674" VPOS="924" WIDTH="15"/>
						<String ID="P262_ST00153" HPOS="689" VPOS="892" WIDTH="96" HEIGHT="35" CONTENT="Crops," WC="0.98" CC="000000"/>
						<SP ID="P262_SP00136" HPOS="785" VPOS="927" WIDTH="12"/>
						<String ID="P262_ST00154" HPOS="797" VPOS="901" WIDTH="22" HEIGHT="25" CONTENT="3." WC="0.78" CC="04"/>
						<SP ID="P262_SP00137" HPOS="819" VPOS="927" WIDTH="12"/>
						<String ID="P262_ST00155" HPOS="831" VPOS="893" WIDTH="139" HEIGHT="25" CONTENT="Remarks" WC="1.00" CC="0000000"/>
						<SP ID="P262_SP00138" HPOS="970" VPOS="927" WIDTH="11"/>
						<String ID="P262_ST00156" HPOS="981" VPOS="902" WIDTH="6" HEIGHT="22" CONTENT=";" WC="1.00" CC="0"/>
						<SP ID="P262_SP00139" HPOS="987" VPOS="927" WIDTH="21"/>
						<String ID="P262_ST00157" HPOS="1008" VPOS="894" WIDTH="50" HEIGHT="25" CONTENT="but" WC="1.00" CC="000"/>
						<SP ID="P262_SP00140" HPOS="1058" VPOS="927" WIDTH="11"/>
						<String ID="P262_ST00158" HPOS="1069" VPOS="894" WIDTH="20" HEIGHT="25" CONTENT="it" WC="0.70" CC="50"/>
					</TextLine>
					<TextLine ID="P262_TL00019" HPOS="153" VPOS="940" WIDTH="932" HEIGHT="34">
						<String ID="P262_ST00159" HPOS="153" VPOS="940" WIDTH="55" HEIGHT="26" CONTENT="had" WC="0.85" CC="400"/>
						<SP ID="P262_SP00141" HPOS="208" VPOS="966" WIDTH="16"/>
						<String ID="P262_ST00160" HPOS="224" VPOS="944" WIDTH="28" HEIGHT="22" CONTENT="to" WC="1.00" CC="00"/>
						<SP ID="P262_SP00142" HPOS="252" VPOS="966" WIDTH="15"/>
						<String ID="P262_ST00161" HPOS="267" VPOS="940" WIDTH="35" HEIGHT="26" CONTENT="be" WC="1.00" CC="00"/>
						<SP ID="P262_SP00143" HPOS="302" VPOS="966" WIDTH="14"/>
						<String ID="P262_ST00162" HPOS="316" VPOS="944" WIDTH="61" HEIGHT="22" CONTENT="sent" WC="0.82" CC="0070"/>
						<SP ID="P262_SP00144" HPOS="377" VPOS="966" WIDTH="14"/>
						<String ID="P262_ST00163" HPOS="391" VPOS="940" WIDTH="27" HEIGHT="25" CONTENT="in" WC="0.64" CC="51"/>
						<SP ID="P262_SP00145" HPOS="418" VPOS="966" WIDTH="16"/>
						<String ID="P262_ST00164" HPOS="434" VPOS="944" WIDTH="28" HEIGHT="22" CONTENT="at" WC="1.00" CC="00"/>
						<SP ID="P262_SP00146" HPOS="462" VPOS="966" WIDTH="13"/>
						<String ID="P262_ST00165" HPOS="475" VPOS="940" WIDTH="48" HEIGHT="25" CONTENT="the" WC="0.99" CC="000"/>
						<SP ID="P262_SP00147" HPOS="523" VPOS="966" WIDTH="16"/>
						<String ID="P262_ST00166" HPOS="539" VPOS="940" WIDTH="83" HEIGHT="26" CONTENT="latest" WC="0.80" CC="200009"/>
						<SP ID="P262_SP00148" HPOS="622" VPOS="966" WIDTH="22"/>
						<String ID="P262_ST00167" HPOS="644" VPOS="940" WIDTH="122" HEIGHT="33" CONTENT="possible" WC="0.93" CC="00004000"/>
						<SP ID="P262_SP00149" HPOS="766" VPOS="973" WIDTH="14"/>
						<String ID="P262_ST00168" HPOS="780" VPOS="940" WIDTH="70" HEIGHT="26" CONTENT="hour" WC="0.91" CC="3000"/>
						<SP ID="P262_SP00150" HPOS="850" VPOS="973" WIDTH="14"/>
						<String ID="P262_ST00169" HPOS="864" VPOS="949" WIDTH="36" HEIGHT="17" CONTENT="on" WC="1.00" CC="00"/>
						<SP ID="P262_SP00151" HPOS="900" VPOS="973" WIDTH="15"/>
						<String ID="P262_ST00170" HPOS="915" VPOS="950" WIDTH="16" HEIGHT="16" CONTENT="a" WC="1.00" CC="0"/>
						<SP ID="P262_SP00152" HPOS="931" VPOS="973" WIDTH="14"/>
						<String ID="P262_ST00171" HPOS="945" VPOS="940" WIDTH="140" HEIGHT="34" CONTENT="Tuesday," WC="0.95" CC="04000000"/>
					</TextLine>
					<TextLine ID="P262_TL00020" HPOS="153" VPOS="986" WIDTH="933" HEIGHT="35">
						<String ID="P262_ST00172" HPOS="153" VPOS="996" WIDTH="32" HEIGHT="16" CONTENT="so" WC="1.00" CC="00"/>
						<SP ID="P262_SP00153" HPOS="185" VPOS="1012" WIDTH="13"/>
						<String ID="P262_ST00173" HPOS="198" VPOS="995" WIDTH="30" HEIGHT="17" CONTENT="as" WC="1.00" CC="00"/>
						<SP ID="P262_SP00154" HPOS="228" VPOS="1012" WIDTH="14"/>
						<String ID="P262_ST00174" HPOS="242" VPOS="990" WIDTH="30" HEIGHT="22" CONTENT="to" WC="0.53" CC="90"/>
						<SP ID="P262_SP00155" HPOS="272" VPOS="1012" WIDTH="14"/>
						<String ID="P262_ST00175" HPOS="286" VPOS="996" WIDTH="104" HEIGHT="25" CONTENT="appear" WC="0.92" CC="000400"/>
						<SP ID="P262_SP00156" HPOS="390" VPOS="1021" WIDTH="23"/>
						<String ID="P262_ST00176" HPOS="413" VPOS="987" WIDTH="27" HEIGHT="25" CONTENT="in" WC="0.37" CC="66"/>
						<SP ID="P262_SP00157" HPOS="440" VPOS="1021" WIDTH="25"/>
						<String ID="P262_ST00177" HPOS="465" VPOS="987" WIDTH="47" HEIGHT="25" CONTENT="the" WC="0.89" CC="030"/>
						<SP ID="P262_SP00158" HPOS="512" VPOS="1021" WIDTH="22"/>
						<String ID="P262_ST00178" HPOS="534" VPOS="987" WIDTH="106" HEIGHT="34" CONTENT="Bengal" WC="0.73" CC="504006"/>
						<SP ID="P262_SP00159" HPOS="640" VPOS="1021" WIDTH="16"/>
						<String ID="P262_ST00179" HPOS="656" VPOS="986" WIDTH="193" HEIGHT="27" CONTENT="Government" WC="0.91" CC="0100030003"/>
						<SP ID="P262_SP00160" HPOS="849" VPOS="1021" WIDTH="16"/>
						<String ID="P262_ST00180" HPOS="865" VPOS="987" WIDTH="111" HEIGHT="26" CONTENT="Gazette" WC="0.65" CC="0972005"/>
						<SP ID="P262_SP00161" HPOS="976" VPOS="1021" WIDTH="11"/>
						<String ID="P262_ST00181" HPOS="987" VPOS="996" WIDTH="37" HEIGHT="17" CONTENT="on" WC="0.68" CC="42"/>
						<SP ID="P262_SP00162" HPOS="1024" VPOS="1021" WIDTH="14"/>
						<String ID="P262_ST00182" HPOS="1038" VPOS="988" WIDTH="48" HEIGHT="25" CONTENT="the" WC="0.83" CC="050"/>
					</TextLine>
					<TextLine ID="P262_TL00021" HPOS="153" VPOS="1034" WIDTH="937" HEIGHT="34">
						<String ID="P262_ST00183" HPOS="153" VPOS="1034" WIDTH="187" HEIGHT="33" CONTENT="Wednesday." WC="0.94" CC="0006000000"/>
						<SP ID="P262_SP00163" HPOS="340" VPOS="1067" WIDTH="41"/>
						<String ID="P262_ST00184" HPOS="381" VPOS="1034" WIDTH="11" HEIGHT="25" CONTENT="I" WC="1.00" CC="0"/>
						<SP ID="P262_SP00164" HPOS="392" VPOS="1067" WIDTH="22"/>
						<String ID="P262_ST00185" HPOS="414" VPOS="1034" WIDTH="55" HEIGHT="25" CONTENT="had" WC="0.89" CC="300"/>
						<SP ID="P262_SP00165" HPOS="469" VPOS="1067" WIDTH="21"/>
						<String ID="P262_ST00186" HPOS="490" VPOS="1038" WIDTH="31" HEIGHT="22" CONTENT="to" WC="0.53" CC="90"/>
						<SP ID="P262_SP00166" HPOS="521" VPOS="1067" WIDTH="19"/>
						<String ID="P262_ST00187" HPOS="540" VPOS="1038" WIDTH="49" HEIGHT="30" CONTENT="get" WC="0.68" CC="009"/>
						<SP ID="P262_SP00167" HPOS="589" VPOS="1068" WIDTH="20"/>
						<String ID="P262_ST00188" HPOS="609" VPOS="1038" WIDTH="128" HEIGHT="30" CONTENT="separate" WC="1.00" CC="00000000"/>
						<SP ID="P262_SP00168" HPOS="737" VPOS="1068" WIDTH="21"/>
						<String ID="P262_ST00189" HPOS="758" VPOS="1039" WIDTH="107" HEIGHT="22" CONTENT="returns" WC="0.88" CC="0010060"/>
						<SP ID="P262_SP00169" HPOS="865" VPOS="1068" WIDTH="21"/>
						<String ID="P262_ST00190" HPOS="886" VPOS="1034" WIDTH="72" HEIGHT="27" CONTENT="from" WC="1.00" CC="0000"/>
						<SP ID="P262_SP00170" HPOS="958" VPOS="1068" WIDTH="21"/>
						<String ID="P262_ST00191" HPOS="979" VPOS="1035" WIDTH="67" HEIGHT="26" CONTENT="each" WC="0.91" CC="0003"/>
						<SP ID="P262_SP00171" HPOS="1046" VPOS="1068" WIDTH="14"/>
						<String ID="P262_ST00192" HPOS="1060" VPOS="1034" WIDTH="30" HEIGHT="27" CONTENT="of" WC="1.00" CC="00"/>
					</TextLine>
					<TextLine ID="P262_TL00022" HPOS="153" VPOS="1081" WIDTH="932" HEIGHT="36">
						<String ID="P262_ST00193" HPOS="153" VPOS="1090" WIDTH="49" HEIGHT="25" CONTENT="my" WC="1.00" CC="00"/>
						<SP ID="P262_SP00172" HPOS="202" VPOS="1115" WIDTH="25"/>
						<String ID="P262_ST00194" HPOS="227" VPOS="1082" WIDTH="64" HEIGHT="25" CONTENT="nine" WC="0.90" CC="4000"/>
						<SP ID="P262_SP00173" HPOS="291" VPOS="1115" WIDTH="26"/>
						<String ID="P262_ST00195" HPOS="317" VPOS="1081" WIDTH="192" HEIGHT="31" CONTENT="subdivisions," WC="0.91" CC="0000700000300"/>
						<SP ID="P262_SP00174" HPOS="509" VPOS="1115" WIDTH="21"/>
						<String ID="P262_ST00196" HPOS="530" VPOS="1081" WIDTH="175" HEIGHT="34" CONTENT="incorporate" WC="0.86" CC="60103004000"/>
						<SP ID="P262_SP00175" HPOS="705" VPOS="1115" WIDTH="28"/>
						<String ID="P262_ST00197" HPOS="733" VPOS="1082" WIDTH="77" HEIGHT="25" CONTENT="them" WC="0.74" CC="0405"/>
						<SP ID="P262_SP00176" HPOS="810" VPOS="1115" WIDTH="28"/>
						<String ID="P262_ST00198" HPOS="838" VPOS="1082" WIDTH="27" HEIGHT="25" CONTENT="in" WC="0.66" CC="33"/>
						<SP ID="P262_SP00177" HPOS="865" VPOS="1115" WIDTH="28"/>
						<String ID="P262_ST00199" HPOS="893" VPOS="1091" WIDTH="53" HEIGHT="17" CONTENT="one" WC="1.00" CC="000"/>
						<SP ID="P262_SP00178" HPOS="946" VPOS="1115" WIDTH="26"/>
						<String ID="P262_ST00200" HPOS="972" VPOS="1083" WIDTH="113" HEIGHT="34" CONTENT="general" WC="0.99" CC="0000000"/>
					</TextLine>
					<TextLine ID="P262_TL00023" HPOS="153" VPOS="1128" WIDTH="933" HEIGHT="32">
						<String ID="P262_ST00201" HPOS="153" VPOS="1133" WIDTH="93" HEIGHT="21" CONTENT="return" WC="0.92" CC="000040"/>
						<SP ID="P262_SP00179" HPOS="246" VPOS="1154" WIDTH="23"/>
						<String ID="P262_ST00202" HPOS="269" VPOS="1128" WIDTH="41" HEIGHT="26" CONTENT="for" WC="0.78" CC="006"/>
						<SP ID="P262_SP00180" HPOS="310" VPOS="1154" WIDTH="28"/>
						<String ID="P262_ST00203" HPOS="338" VPOS="1128" WIDTH="47" HEIGHT="26" CONTENT="the" WC="0.88" CC="030"/>
						<SP ID="P262_SP00181" HPOS="385" VPOS="1154" WIDTH="23"/>
						<String ID="P262_ST00204" HPOS="408" VPOS="1128" WIDTH="124" HEIGHT="32" CONTENT="District," WC="0.94" CC="000005000"/>
						<SP ID="P262_SP00182" HPOS="532" VPOS="1160" WIDTH="22"/>
						<String ID="P262_ST00205" HPOS="554" VPOS="1128" WIDTH="54" HEIGHT="26" CONTENT="and" WC="1.00" CC="000"/>
						<SP ID="P262_SP00183" HPOS="608" VPOS="1160" WIDTH="22"/>
						<String ID="P262_ST00206" HPOS="630" VPOS="1128" WIDTH="117" HEIGHT="27" CONTENT="forward" WC="0.96" CC="3000000"/>
						<SP ID="P262_SP00184" HPOS="747" VPOS="1160" WIDTH="21"/>
						<String ID="P262_ST00207" HPOS="768" VPOS="1129" WIDTH="77" HEIGHT="26" CONTENT="them" WC="0.88" CC="0400"/>
						<SP ID="P262_SP00185" HPOS="845" VPOS="1160" WIDTH="24"/>
						<String ID="P262_ST00208" HPOS="869" VPOS="1133" WIDTH="29" HEIGHT="22" CONTENT="to" WC="1.00" CC="00"/>
						<SP ID="P262_SP00186" HPOS="898" VPOS="1160" WIDTH="24"/>
						<String ID="P262_ST00209" HPOS="922" VPOS="1129" WIDTH="48" HEIGHT="26" CONTENT="the" WC="1.00" CC="000"/>
						<SP ID="P262_SP00187" HPOS="970" VPOS="1160" WIDTH="22"/>
						<String ID="P262_ST00210" HPOS="992" VPOS="1130" WIDTH="94" HEIGHT="26" CONTENT="Secre" SUBS_TYPE="HypPart1" SUBS_CONTENT="Secretariat." WC="0.97" CC="000100"/>
						<HYP CONTENT="-"/>
					</TextLine>
					<TextLine ID="P262_TL00024" HPOS="155" VPOS="1176" WIDTH="89" HEIGHT="24">
						<String ID="P262_ST00211" HPOS="155" VPOS="1176" WIDTH="89" HEIGHT="24" CONTENT="tariat." SUBS_TYPE="HypPart2" SUBS_CONTENT="Secretariat." WC="1.00" CC="0000000"/>
					</TextLine>
				</TextBlock>
				<TextBlock ID="P262_TB00006" HPOS="151" VPOS="1221" WIDTH="935" HEIGHT="130" STYLEREFS="TXT_0 PAR_LEFT">
					<TextLine ID="P262_TL00025" HPOS="191" VPOS="1222" WIDTH="895" HEIGHT="29">
						<String ID="P262_ST00212" HPOS="191" VPOS="1222" WIDTH="45" HEIGHT="27" CONTENT="On" WC="0.72" CC="13"/>
						<SP ID="P262_SP00188" HPOS="236" VPOS="1249" WIDTH="23"/>
						<String ID="P262_ST00213" HPOS="259" VPOS="1231" WIDTH="54" HEIGHT="17" CONTENT="one" WC="1.00" CC="000"/>
						<SP ID="P262_SP00189" HPOS="313" VPOS="1249" WIDTH="22"/>
						<String ID="P262_ST00214" HPOS="335" VPOS="1222" WIDTH="128" HEIGHT="26" CONTENT="occasion" WC="0.91" CC="00000600"/>
						<SP ID="P262_SP00190" HPOS="463" VPOS="1249" WIDTH="27"/>
						<String ID="P262_ST00215" HPOS="490" VPOS="1222" WIDTH="47" HEIGHT="26" CONTENT="the" WC="0.68" CC="540"/>
						<SP ID="P262_SP00191" HPOS="537" VPOS="1249" WIDTH="27"/>
						<String ID="P262_ST00216" HPOS="564" VPOS="1222" WIDTH="169" HEIGHT="27" CONTENT="Secretariat" WC="0.98" CC="00000200000"/>
						<SP ID="P262_SP00192" HPOS="733" VPOS="1249" WIDTH="27"/>
						<String ID="P262_ST00217" HPOS="760" VPOS="1224" WIDTH="83" HEIGHT="25" CONTENT="made" WC="1.00" CC="0000"/>
						<SP ID="P262_SP00193" HPOS="843" VPOS="1249" WIDTH="27"/>
						<String ID="P262_ST00218" HPOS="870" VPOS="1233" WIDTH="15" HEIGHT="17" CONTENT="a" WC="1.00" CC="0"/>
						<SP ID="P262_SP00194" HPOS="885" VPOS="1250" WIDTH="28"/>
						<String ID="P262_ST00219" HPOS="913" VPOS="1225" WIDTH="120" HEIGHT="26" CONTENT="mistake" WC="0.90" CC="0300030"/>
						<SP ID="P262_SP00195" HPOS="1033" VPOS="1251" WIDTH="26"/>
						<String ID="P262_ST00220" HPOS="1059" VPOS="1225" WIDTH="27" HEIGHT="25" CONTENT="in" WC="0.64" CC="70"/>
					</TextLine>
					<TextLine ID="P262_TL00026" HPOS="152" VPOS="1269" WIDTH="934" HEIGHT="35">
						<String ID="P262_ST00221" HPOS="152" VPOS="1270" WIDTH="131" HEIGHT="34" CONTENT="totalling" WC="0.92" CC="000050010"/>
						<SP ID="P262_SP00196" HPOS="283" VPOS="1304" WIDTH="20"/>
						<String ID="P262_ST00222" HPOS="303" VPOS="1270" WIDTH="104" HEIGHT="26" CONTENT="certain" WC="0.81" CC="0000066"/>
						<SP ID="P262_SP00197" HPOS="407" VPOS="1304" WIDTH="22"/>
						<String ID="P262_ST00223" HPOS="429" VPOS="1269" WIDTH="132" HEIGHT="26" CONTENT="decimals" WC="0.93" CC="00050000"/>
						<String ID="P262_ST00224" HPOS="572" VPOS="1278" WIDTH="6" HEIGHT="24" CONTENT=";" WC="0.69" CC="3"/>
						<SP ID="P262_SP00198" HPOS="578" VPOS="1304" WIDTH="25"/>
						<String ID="P262_ST00225" HPOS="603" VPOS="1271" WIDTH="55" HEIGHT="25" CONTENT="and" WC="1.00" CC="000"/>
						<SP ID="P262_SP00199" HPOS="658" VPOS="1304" WIDTH="27"/>
						<String ID="P262_ST00226" HPOS="685" VPOS="1270" WIDTH="42" HEIGHT="26" CONTENT="for" WC="1.00" CC="000"/>
						<SP ID="P262_SP00200" HPOS="727" VPOS="1304" WIDTH="24"/>
						<String ID="P262_ST00227" HPOS="751" VPOS="1271" WIDTH="55" HEIGHT="26" CONTENT="this" WC="0.72" CC="0460"/>
						<SP ID="P262_SP00201" HPOS="806" VPOS="1304" WIDTH="27"/>
						<String ID="P262_ST00228" HPOS="833" VPOS="1271" WIDTH="49" HEIGHT="27" CONTENT="the" WC="0.93" CC="010"/>
						<SP ID="P262_SP00202" HPOS="882" VPOS="1304" WIDTH="24"/>
						<String ID="P262_ST00229" HPOS="906" VPOS="1271" WIDTH="180" HEIGHT="28" CONTENT="Lieutenant-" WC="0.93" CC="00000200500"/>
					</TextLine>
					<TextLine ID="P262_TL00027" HPOS="153" VPOS="1316" WIDTH="633" HEIGHT="35">
						<String ID="P262_ST00230" HPOS="153" VPOS="1317" WIDTH="144" HEIGHT="26" CONTENT="Governor" WC="1.00" CC="00000000"/>
						<SP ID="P262_SP00203" HPOS="297" VPOS="1343" WIDTH="13"/>
						<String ID="P262_ST00231" HPOS="310" VPOS="1326" WIDTH="67" HEIGHT="24" CONTENT="very" WC="1.00" CC="0000"/>
						<SP ID="P262_SP00204" HPOS="377" VPOS="1350" WIDTH="13"/>
						<String ID="P262_ST00232" HPOS="390" VPOS="1316" WIDTH="207" HEIGHT="34" CONTENT="unreasonably" WC="0.92" CC="020000030030"/>
						<SP ID="P262_SP00205" HPOS="597" VPOS="1350" WIDTH="13"/>
						<String ID="P262_ST00233" HPOS="610" VPOS="1317" WIDTH="110" HEIGHT="34" CONTENT="wigged" WC="1.00" CC="000000"/>
						<SP ID="P262_SP00206" HPOS="720" VPOS="1351" WIDTH="15"/>
						<String ID="P262_ST00234" HPOS="735" VPOS="1327" WIDTH="51" HEIGHT="17" CONTENT="me." WC="0.97" CC="000"/>
					</TextLine>
				</TextBlock>
				<TextBlock ID="P262_TB00007" HPOS="151" VPOS="1363" WIDTH="935" HEIGHT="227" STYLEREFS="TXT_0 PAR_LEFT">
					<TextLine ID="P262_TL00028" HPOS="190" VPOS="1364" WIDTH="896" HEIGHT="34">
						<String ID="P262_ST00235" HPOS="190" VPOS="1364" WIDTH="46" HEIGHT="27" CONTENT="On" WC="1.00" CC="00"/>
						<SP ID="P262_SP00207" HPOS="236" VPOS="1391" WIDTH="21"/>
						<String ID="P262_ST00236" HPOS="257" VPOS="1365" WIDTH="117" HEIGHT="26" CONTENT="another" WC="0.86" CC="0008000"/>
						<SP ID="P262_SP00208" HPOS="374" VPOS="1391" WIDTH="25"/>
						<String ID="P262_ST00237" HPOS="399" VPOS="1365" WIDTH="135" HEIGHT="30" CONTENT="occasion," WC="0.93" CC="000006000"/>
						<SP ID="P262_SP00209" HPOS="534" VPOS="1395" WIDTH="16"/>
						<String ID="P262_ST00238" HPOS="550" VPOS="1365" WIDTH="27" HEIGHT="24" CONTENT="in" WC="0.64" CC="70"/>
						<SP ID="P262_SP00210" HPOS="577" VPOS="1395" WIDTH="21"/>
						<String ID="P262_ST00239" HPOS="598" VPOS="1365" WIDTH="90" HEIGHT="33" CONTENT="April," WC="0.98" CC="000000"/>
						<SP ID="P262_SP00211" HPOS="688" VPOS="1398" WIDTH="23"/>
						<String ID="P262_ST00240" HPOS="711" VPOS="1365" WIDTH="80" HEIGHT="27" CONTENT="when" WC="1.00" CC="0000"/>
						<SP ID="P262_SP00212" HPOS="791" VPOS="1398" WIDTH="23"/>
						<String ID="P262_ST00241" HPOS="814" VPOS="1366" WIDTH="48" HEIGHT="27" CONTENT="the" WC="0.90" CC="020"/>
						<SP ID="P262_SP00213" HPOS="862" VPOS="1398" WIDTH="27"/>
						<String ID="P262_ST00242" HPOS="889" VPOS="1368" WIDTH="122" HEIGHT="25" CONTENT="weather" WC="0.85" CC="0500400"/>
						<SP ID="P262_SP00214" HPOS="1011" VPOS="1398" WIDTH="20"/>
						<String ID="P262_ST00243" HPOS="1031" VPOS="1376" WIDTH="55" HEIGHT="18" CONTENT="was" WC="1.00" CC="000"/>
					</TextLine>
					<TextLine ID="P262_TL00029" HPOS="152" VPOS="1411" WIDTH="934" HEIGHT="36">
						<String ID="P262_ST00244" HPOS="152" VPOS="1411" WIDTH="157" HEIGHT="35" CONTENT="altogether" WC="0.90" CC="0110000204"/>
						<SP ID="P262_SP00215" HPOS="309" VPOS="1446" WIDTH="14"/>
						<String ID="P262_ST00245" HPOS="323" VPOS="1411" WIDTH="115" HEIGHT="32" CONTENT="normal," WC="1.00" CC="0000000"/>
						<SP ID="P262_SP00216" HPOS="438" VPOS="1446" WIDTH="16"/>
						<String ID="P262_ST00246" HPOS="454" VPOS="1420" WIDTH="48" HEIGHT="25" CONTENT="my" WC="0.72" CC="50"/>
						<SP ID="P262_SP00217" HPOS="502" VPOS="1446" WIDTH="14"/>
						<String ID="P262_ST00247" HPOS="516" VPOS="1415" WIDTH="80" HEIGHT="30" CONTENT="entry" WC="0.87" CC="06000"/>
						<SP ID="P262_SP00218" HPOS="596" VPOS="1446" WIDTH="19"/>
						<String ID="P262_ST00248" HPOS="615" VPOS="1412" WIDTH="26" HEIGHT="25" CONTENT="in" WC="0.52" CC="54"/>
						<SP ID="P262_SP00219" HPOS="641" VPOS="1446" WIDTH="21"/>
						<String ID="P262_ST00249" HPOS="662" VPOS="1412" WIDTH="49" HEIGHT="26" CONTENT="the" WC="1.00" CC="000"/>
						<SP ID="P262_SP00220" HPOS="711" VPOS="1446" WIDTH="20"/>
						<String ID="P262_ST00250" HPOS="731" VPOS="1413" WIDTH="112" HEIGHT="27" CONTENT="column" WC="1.00" CC="000000"/>
						<SP ID="P262_SP00221" HPOS="843" VPOS="1446" WIDTH="20"/>
						<String ID="P262_ST00251" HPOS="863" VPOS="1414" WIDTH="32" HEIGHT="26" CONTENT="of" WC="0.96" CC="00"/>
						<SP ID="P262_SP00222" HPOS="895" VPOS="1446" WIDTH="17"/>
						<String ID="P262_ST00252" HPOS="912" VPOS="1416" WIDTH="14" HEIGHT="11" CONTENT='"' WC="0.99" CC="0"/>
						<SP ID="P262_SP00223" HPOS="926" VPOS="1446" WIDTH="12"/>
						<String ID="P262_ST00253" HPOS="938" VPOS="1413" WIDTH="148" HEIGHT="34" CONTENT='remarks,"' WC="0.87" CC="000003007"/>
					</TextLine>
					<TextLine ID="P262_TL00030" HPOS="151" VPOS="1459" WIDTH="935" HEIGHT="39">
						<String ID="P262_ST00254" HPOS="151" VPOS="1469" WIDTH="57" HEIGHT="17" CONTENT="was" WC="1.00" CC="000"/>
						<SP ID="P262_SP00224" HPOS="208" VPOS="1486" WIDTH="22"/>
						<String ID="P262_ST00255" HPOS="230" VPOS="1459" WIDTH="103" HEIGHT="34" CONTENT="simply" WC="0.82" CC="050050"/>
						<SP ID="P262_SP00225" HPOS="333" VPOS="1493" WIDTH="21"/>
						<String ID="P262_ST00256" HPOS="354" VPOS="1459" WIDTH="47" HEIGHT="26" CONTENT="the" WC="1.00" CC="000"/>
						<SP ID="P262_SP00226" HPOS="401" VPOS="1493" WIDTH="21"/>
						<String ID="P262_ST00257" HPOS="422" VPOS="1459" WIDTH="74" HEIGHT="26" CONTENT="word" WC="1.00" CC="0000"/>
						<SP ID="P262_SP00227" HPOS="496" VPOS="1493" WIDTH="23"/>
						<String ID="P262_ST00258" HPOS="519" VPOS="1459" WIDTH="95" HEIGHT="26" CONTENT='"hot."' WC="0.93" CC="200001"/>
						<SP ID="P262_SP00228" HPOS="614" VPOS="1493" WIDTH="50"/>
						<String ID="P262_ST00259" HPOS="664" VPOS="1459" WIDTH="92" HEIGHT="28" CONTENT="There" WC="0.92" CC="03000"/>
						<SP ID="P262_SP00229" HPOS="756" VPOS="1493" WIDTH="22"/>
						<String ID="P262_ST00260" HPOS="778" VPOS="1462" WIDTH="88" HEIGHT="34" CONTENT="really" WC="1.00" CC="000000"/>
						<SP ID="P262_SP00230" HPOS="866" VPOS="1496" WIDTH="21"/>
						<String ID="P262_ST00261" HPOS="887" VPOS="1471" WIDTH="56" HEIGHT="17" CONTENT="was" WC="0.99" CC="000"/>
						<SP ID="P262_SP00231" HPOS="943" VPOS="1496" WIDTH="25"/>
						<String ID="P262_ST00262" HPOS="968" VPOS="1463" WIDTH="118" HEIGHT="35" CONTENT="nothing" WC="0.83" CC="0005500"/>
					</TextLine>
					<TextLine ID="P262_TL00031" HPOS="152" VPOS="1506" WIDTH="934" HEIGHT="38">
						<String ID="P262_ST00263" HPOS="152" VPOS="1507" WIDTH="56" HEIGHT="25" CONTENT="else" WC="0.98" CC="0000"/>
						<SP ID="P262_SP00232" HPOS="208" VPOS="1532" WIDTH="13"/>
						<String ID="P262_ST00264" HPOS="221" VPOS="1510" WIDTH="31" HEIGHT="22" CONTENT="to" WC="1.00" CC="00"/>
						<SP ID="P262_SP00233" HPOS="252" VPOS="1532" WIDTH="17"/>
						<String ID="P262_ST00265" HPOS="269" VPOS="1515" WIDTH="51" HEIGHT="26" CONTENT="say" WC="1.00" CC="000"/>
						<SP ID="P262_SP00234" HPOS="320" VPOS="1541" WIDTH="14"/>
						<String ID="P262_ST00266" HPOS="334" VPOS="1515" WIDTH="5" HEIGHT="23" CONTENT=";" WC="1.00" CC="0"/>
						<SP ID="P262_SP00235" HPOS="339" VPOS="1541" WIDTH="22"/>
						<String ID="P262_ST00267" HPOS="361" VPOS="1507" WIDTH="50" HEIGHT="25" CONTENT="but" WC="0.88" CC="003"/>
						<SP ID="P262_SP00236" HPOS="411" VPOS="1541" WIDTH="20"/>
						<String ID="P262_ST00268" HPOS="431" VPOS="1506" WIDTH="54" HEIGHT="26" CONTENT="this" WC="0.93" CC="0200"/>
						<SP ID="P262_SP00237" HPOS="485" VPOS="1541" WIDTH="21"/>
						<String ID="P262_ST00269" HPOS="506" VPOS="1507" WIDTH="138" HEIGHT="33" CONTENT="appeared" WC="1.00" CC="00000000"/>
						<SP ID="P262_SP00238" HPOS="644" VPOS="1541" WIDTH="22"/>
						<String ID="P262_ST00270" HPOS="666" VPOS="1511" WIDTH="30" HEIGHT="22" CONTENT="to" WC="1.00" CC="00"/>
						<SP ID="P262_SP00239" HPOS="696" VPOS="1541" WIDTH="20"/>
						<String ID="P262_ST00271" HPOS="716" VPOS="1509" WIDTH="94" HEIGHT="26" CONTENT="excite" WC="1.00" CC="000000"/>
						<SP ID="P262_SP00240" HPOS="810" VPOS="1541" WIDTH="19"/>
						<String ID="P262_ST00272" HPOS="829" VPOS="1509" WIDTH="42" HEIGHT="27" CONTENT="his" WC="0.90" CC="300"/>
						<SP ID="P262_SP00241" HPOS="871" VPOS="1541" WIDTH="24"/>
						<String ID="P262_ST00273" HPOS="895" VPOS="1519" WIDTH="88" HEIGHT="25" CONTENT="anger" WC="0.97" CC="01000"/>
						<SP ID="P262_SP00242" HPOS="983" VPOS="1544" WIDTH="14"/>
						<String ID="P262_ST00274" HPOS="997" VPOS="1510" WIDTH="26" HEIGHT="26" CONTENT="in" WC="0.65" CC="60"/>
						<SP ID="P262_SP00243" HPOS="1023" VPOS="1544" WIDTH="15"/>
						<String ID="P262_ST00275" HPOS="1038" VPOS="1511" WIDTH="48" HEIGHT="25" CONTENT="the" WC="0.76" CC="070"/>
					</TextLine>
					<TextLine ID="P262_TL00032" HPOS="153" VPOS="1553" WIDTH="933" HEIGHT="37">
						<String ID="P262_ST00276" HPOS="153" VPOS="1557" WIDTH="72" HEIGHT="23" CONTENT="most" WC="1.00" CC="0000"/>
						<SP ID="P262_SP00244" HPOS="225" VPOS="1580" WIDTH="14"/>
						<String ID="P262_ST00277" HPOS="239" VPOS="1553" WIDTH="105" HEIGHT="27" CONTENT="violent" WC="0.68" CC="0604047"/>
						<SP ID="P262_SP00245" HPOS="344" VPOS="1580" WIDTH="16"/>
						<String ID="P262_ST00278" HPOS="360" VPOS="1562" WIDTH="122" HEIGHT="24" CONTENT="manner," WC="0.77" CC="0070061"/>
						<SP ID="P262_SP00246" HPOS="482" VPOS="1586" WIDTH="16"/>
						<String ID="P262_ST00279" HPOS="498" VPOS="1553" WIDTH="54" HEIGHT="27" CONTENT="and" WC="0.98" CC="000"/>
						<SP ID="P262_SP00247" HPOS="552" VPOS="1586" WIDTH="15"/>
						<String ID="P262_ST00280" HPOS="567" VPOS="1553" WIDTH="36" HEIGHT="28" CONTENT="he" WC="0.95" CC="00"/>
						<SP ID="P262_SP00248" HPOS="603" VPOS="1586" WIDTH="13"/>
						<String ID="P262_ST00281" HPOS="616" VPOS="1559" WIDTH="86" HEIGHT="22" CONTENT="wrote" WC="0.79" CC="90000"/>
						<SP ID="P262_SP00249" HPOS="702" VPOS="1586" WIDTH="14"/>
						<String ID="P262_ST00282" HPOS="716" VPOS="1564" WIDTH="45" HEIGHT="18" CONTENT="me" WC="1.00" CC="00"/>
						<SP ID="P262_SP00250" HPOS="761" VPOS="1586" WIDTH="15"/>
						<String ID="P262_ST00283" HPOS="776" VPOS="1565" WIDTH="16" HEIGHT="18" CONTENT="a" WC="0.27" CC="7"/>
						<SP ID="P262_SP00251" HPOS="792" VPOS="1586" WIDTH="14"/>
						<String ID="P262_ST00284" HPOS="806" VPOS="1565" WIDTH="68" HEIGHT="25" CONTENT="very" WC="1.00" CC="0000"/>
						<SP ID="P262_SP00252" HPOS="874" VPOS="1590" WIDTH="13"/>
						<String ID="P262_ST00285" HPOS="887" VPOS="1557" WIDTH="84" HEIGHT="27" CONTENT="harsh" WC="0.81" CC="20006"/>
						<SP ID="P262_SP00253" HPOS="971" VPOS="1590" WIDTH="15"/>
						<String ID="P262_ST00286" HPOS="986" VPOS="1559" WIDTH="100" HEIGHT="26" CONTENT="official" WC="0.78" CC="00440701"/>
					</TextLine>
				</TextBlock>
			</PrintSpace>
		</Page>
	</Layout>
</alto>
